rule_id,title,type,severity,status,scope,languages,tags,impacts,remediation_cost,default_quality_profiles,language_specific_docs,metadata_path
S100,Function names should comply with a naming convention,CODE_SMELL,Minor,ready,All,apex;go;jcl;python;shell;rpg;java;abap;kotlin;php;scala;swift;csharp;javascript;flex;ruby;cfamily,convention,MAINTAINABILITY:LOW,Constant/Issue: 5min,Sonar way,rule.adoc,/Users/brywoodruff/Projects/Vibe/rspec/rules/S100/metadata.json
S101,Class names should comply with a naming convention,CODE_SMELL,Minor,ready,All,apex;go;python;dart;java;vbnet;abap;kotlin;php;scala;swift;csharp;javascript;flex;ruby;cfamily,convention,MAINTAINABILITY:LOW,Constant/Issue: 5min,Sonar way,rule.adoc,/Users/brywoodruff/Projects/Vibe/rspec/rules/S101/metadata.json
S103,Lines should not be too long,CODE_SMELL,Major,ready,All,apex;go;python;tsql;vb6;java;html;vbnet;abap;kotlin;php;xml;pli;scala;swift;csharp;plsql;javascript;flex;ruby;cfamily,convention,MAINTAINABILITY:MEDIUM,Constant/Issue: 1min,,rule.adoc,/Users/brywoodruff/Projects/Vibe/rspec/rules/S103/metadata.json
S104,Files should not have too many lines of code,CODE_SMELL,Major,ready,All,apex;go;python;rpg;tsql;vb6;java;html;vbnet;abap;kotlin;php;scala;swift;csharp;plsql;javascript;ruby;cfamily,brain-overload,MAINTAINABILITY:MEDIUM,Constant/Issue: 1h,,rule.adoc,/Users/brywoodruff/Projects/Vibe/rspec/rules/S104/metadata.json
S105,Tabulation characters should not be used,CODE_SMELL,Minor,ready,All,apex;tsql;vb6;java;html;vbnet;abap;kotlin;php;xml;scala;swift;csharp;javascript;cobol;ruby;cfamily,convention,MAINTAINABILITY:LOW,Constant/Issue: 2min,,rule.adoc,/Users/brywoodruff/Projects/Vibe/rspec/rules/S105/metadata.json
S106,Standard outputs should not be used directly to log anything,CODE_SMELL,Major,ready,Main,dart;rust;java;csharp;javascript;cfamily,bad-practice,MAINTAINABILITY:MEDIUM,Constant/Issue: 10min,Sonar way,rule.adoc,/Users/brywoodruff/Projects/Vibe/rspec/rules/S106/metadata.json
S1066,"Mergeable ""if"" statements should be combined",CODE_SMELL,Major,ready,All,apex;go;python;shell;tsql;vb6;java;vbnet;abap;kotlin;php;scala;swift;csharp;plsql;javascript;cobol;flex;ruby;cfamily,clumsy,MAINTAINABILITY:MEDIUM,Constant/Issue: 5min,Sonar way,rule.adoc,/Users/brywoodruff/Projects/Vibe/rspec/rules/S1066/metadata.json
S1067,Expressions should not be too complex,CODE_SMELL,Critical,ready,All,apex;go;rpg;tsql;vb6;java;vbnet;abap;kotlin;php;scala;swift;csharp;javascript;cobol;ruby;cfamily,brain-overload,MAINTAINABILITY:HIGH,Linear with offset,,rule.adoc,/Users/brywoodruff/Projects/Vibe/rspec/rules/S1067/metadata.json
S1068,"Unused ""private"" fields should be removed",CODE_SMELL,Major,ready,All,dart;rpg;vb6;java;php;plsql;javascript;flex;cfamily,unused,MAINTAINABILITY:MEDIUM,Constant/Issue: 5min,Sonar way,rule.adoc,/Users/brywoodruff/Projects/Vibe/rspec/rules/S1068/metadata.json
S107,Functions should not have too many parameters,CODE_SMELL,Major,ready,All,apex;go;python;dart;rust;tsql;vb6;java;vbnet;kotlin;php;pli;scala;swift;csharp;plsql;javascript;flex;ruby;cfamily,brain-overload,MAINTAINABILITY:MEDIUM,Constant/Issue: 20min,Sonar way,noncompliant.adoc;rule.adoc;split-example.adoc;struct-example.adoc,/Users/brywoodruff/Projects/Vibe/rspec/rules/S107/metadata.json
S1077,"Image, area, button with image and object elements should have an alternative text",CODE_SMELL,Minor,ready,Main,html;javascript,accessibility;wcag2-a,RELIABILITY:LOW,Constant/Issue: 5min,Sonar way,rule.adoc,/Users/brywoodruff/Projects/Vibe/rspec/rules/S1077/metadata.json
S108,Nested blocks of code should not be left empty,CODE_SMELL,Major,ready,All,apex;go;python;rpg;vb6;java;vbnet;abap;kotlin;php;scala;swift;csharp;javascript;flex;ruby;cfamily,suspicious,MAINTAINABILITY:MEDIUM,Constant/Issue: 5min,Sonar way,code-example.adoc;rule.adoc,/Users/brywoodruff/Projects/Vibe/rspec/rules/S108/metadata.json
S1082,,,,,,html;javascript,,,Unknown,,rule.adoc,/Users/brywoodruff/Projects/Vibe/rspec/rules/S1082/metadata.json
S109,Magic numbers should not be used,CODE_SMELL,Major,ready,Main,vb6;java;abap;csharp;plsql;javascript;cobol;cfamily,brain-overload,MAINTAINABILITY:MEDIUM,Constant/Issue: 5min,,rule.adoc,/Users/brywoodruff/Projects/Vibe/rspec/rules/S109/metadata.json
S1090,,,,,,html;javascript,,,Unknown,,rule.adoc,/Users/brywoodruff/Projects/Vibe/rspec/rules/S1090/metadata.json
S1105,An open curly brace should be located at the end of a line,CODE_SMELL,Minor,ready,All,java;php;swift;javascript,convention,MAINTAINABILITY:LOW,Constant/Issue: 1min,,rule.adoc,/Users/brywoodruff/Projects/Vibe/rspec/rules/S1105/metadata.json
S1110,Redundant pairs of parentheses should be removed,CODE_SMELL,Major,ready,All,apex;go;python;tsql;java;vbnet;abap;kotlin;php;scala;swift;csharp;plsql;javascript;cobol;ruby;cfamily,confusing,MAINTAINABILITY:MEDIUM,Constant/Issue: 1min,Sonar way,rule.adoc,/Users/brywoodruff/Projects/Vibe/rspec/rules/S1110/metadata.json
S1116,Empty statements should be removed,CODE_SMELL,Minor,ready,All,go;css;dart;rust;tsql;vb6;java;php;csharp;javascript;flex;cfamily,unused,MAINTAINABILITY:LOW,Constant/Issue: 2min,Sonar way,rule.adoc,/Users/brywoodruff/Projects/Vibe/rspec/rules/S1116/metadata.json
S1117,,CODE_SMELL,Major,ready,All,java;php;swift;csharp;plsql;javascript;flex;cfamily,suspicious;pitfall,MAINTAINABILITY:MEDIUM,Constant/Issue: 5min,Sonar way,rule.adoc,/Users/brywoodruff/Projects/Vibe/rspec/rules/S1117/metadata.json
S1119,Labels should not be used,CODE_SMELL,Major,ready,All,java;javascript,confusing,MAINTAINABILITY:MEDIUM,Constant/Issue: 30min,Sonar way,rule.adoc,/Users/brywoodruff/Projects/Vibe/rspec/rules/S1119/metadata.json
S1121,Assignments should not be made from within sub-expressions,CODE_SMELL,Major,ready,All,java;php;csharp;javascript;cfamily,cwe;suspicious,MAINTAINABILITY:MEDIUM,Constant/Issue: 5min,Sonar way,rule.adoc,/Users/brywoodruff/Projects/Vibe/rspec/rules/S1121/metadata.json
S1125,Boolean literals should not be redundant,CODE_SMELL,Minor,ready,All,apex;go;vb6;java;vbnet;kotlin;php;scala;swift;csharp;plsql;javascript;flex,clumsy,MAINTAINABILITY:LOW,Constant/Issue: 5min,Sonar way,rule.adoc,/Users/brywoodruff/Projects/Vibe/rspec/rules/S1125/metadata.json
S1126,"Return of boolean expressions should not be wrapped into an ""if-then-else"" statement",CODE_SMELL,Minor,ready,All,vb6;java;php;plsql;javascript,clumsy,MAINTAINABILITY:LOW,Constant/Issue: 2min,Sonar way,rule.adoc,/Users/brywoodruff/Projects/Vibe/rspec/rules/S1126/metadata.json
S1128,Unnecessary imports should be removed,CODE_SMELL,Minor,ready,All,python;css;dart;java;kotlin;csharp;javascript,unused,MAINTAINABILITY:LOW,Constant/Issue: 1min,Sonar way,rule.adoc,/Users/brywoodruff/Projects/Vibe/rspec/rules/S1128/metadata.json
S113,Files should end with a newline,CODE_SMELL,Minor,ready,All,python;dart;java;php;swift;csharp;javascript;cfamily,convention,MAINTAINABILITY:LOW,Constant/Issue: 1min,,rule.adoc,/Users/brywoodruff/Projects/Vibe/rspec/rules/S113/metadata.json
S1131,Lines should not end with trailing whitespaces,CODE_SMELL,Minor,ready,Main,python;vb6;php;swift;plsql;javascript;cfamily,convention,MAINTAINABILITY:LOW,Constant/Issue: 1min,,rule.adoc,/Users/brywoodruff/Projects/Vibe/rspec/rules/S1131/metadata.json
S1134,"Track uses of ""FIXME"" tags",CODE_SMELL,Major,ready,All,apex;go;python;dart;tsql;vb6;java;html;vbnet;kotlin;php;xml;scala;swift;csharp;plsql;javascript;cobol;ruby;cfamily,cwe,MAINTAINABILITY:MEDIUM,Constant/Issue: 0min,Sonar way,non-compliant-example.adoc;rule.adoc,/Users/brywoodruff/Projects/Vibe/rspec/rules/S1134/metadata.json
S1135,"Track uses of ""TODO"" tags",CODE_SMELL,Info,ready,All,terraform;docker;apex;go;python;dart;shell;azureresourcemanager;tsql;vb6;java;html;vbnet;kotlin;php;xml;ansible;githubactions;scala;swift;csharp;plsql;javascript;kubernetes;cloudformation;cobol;ruby;cfamily,cwe,MAINTAINABILITY:INFO,Constant/Issue: 0min,Sonar way,rule.adoc,/Users/brywoodruff/Projects/Vibe/rspec/rules/S1135/metadata.json
S1143,"Jump statements should not occur in ""finally"" blocks",BUG,Critical,ready,All,python;dart;java;kotlin;javascript;cfamily,cwe;error-handling,RELIABILITY:HIGH,Constant/Issue: 30min,Sonar way,rule.adoc,/Users/brywoodruff/Projects/Vibe/rspec/rules/S1143/metadata.json
S1145,"Useless ""if(true) {...}"" and ""if(false){...}"" blocks should be removed",BUG,Major,superseded,All,apex;go;python;rpg;vb6;java;vbnet;abap;kotlin;php;pli;scala;swift;csharp;plsql;javascript;flex;ruby;cfamily,cwe,,Constant/Issue: 2min,,rule.adoc,/Users/brywoodruff/Projects/Vibe/rspec/rules/S1145/metadata.json
S1154,,,,,,javascript,,,Unknown,,rule.adoc,/Users/brywoodruff/Projects/Vibe/rspec/rules/S1154/metadata.json
S117,Local variable and function parameter names should comply with a naming convention,CODE_SMELL,Minor,ready,All,apex;go;python;azureresourcemanager;tsql;java;vbnet;kotlin;php;scala;swift;plsql;javascript;kubernetes;flex;ruby;cfamily,convention,MAINTAINABILITY:LOW,Constant/Issue: 2min,Sonar way,rule.adoc,/Users/brywoodruff/Projects/Vibe/rspec/rules/S117/metadata.json
S1172,Unused function parameters should be removed,CODE_SMELL,Major,ready,All,apex;go;jcl;python;tsql;java;vbnet;kotlin;php;scala;swift;csharp;plsql;javascript;flex;ruby;cfamily,unused,MAINTAINABILITY:MEDIUM,Constant/Issue: 5min,Sonar way,rule.adoc,/Users/brywoodruff/Projects/Vibe/rspec/rules/S1172/metadata.json
S1186,Methods should not be empty,CODE_SMELL,Critical,ready,All,apex;go;jcl;python;vb6;java;vbnet;kotlin;php;scala;swift;csharp;javascript;flex;ruby;cfamily,suspicious,MAINTAINABILITY:HIGH,Constant/Issue: 5min,Sonar way,rule.adoc,/Users/brywoodruff/Projects/Vibe/rspec/rules/S1186/metadata.json
S1192,String literals should not be duplicated,CODE_SMELL,Critical,ready,Main,apex;go;python;dart;shell;azureresourcemanager;rpg;tsql;java;vbnet;abap;kotlin;php;scala;swift;csharp;plsql;javascript;cobol;ruby,design,MAINTAINABILITY:HIGH,Linear with offset,Sonar way,rule.adoc,/Users/brywoodruff/Projects/Vibe/rspec/rules/S1192/metadata.json
S1199,Nested code blocks should not be used,CODE_SMELL,Minor,ready,All,java;csharp;javascript;cfamily,bad-practice,MAINTAINABILITY:LOW,Constant/Issue: 10min,Sonar way,rule.adoc,/Users/brywoodruff/Projects/Vibe/rspec/rules/S1199/metadata.json
S121,Control structures should use curly braces,CODE_SMELL,Critical,ready,All,dart;tsql;java;kotlin;php;common;pli;csharp;javascript;cfamily,pitfall,MAINTAINABILITY:HIGH,Constant/Issue: 2min,,rule.adoc,/Users/brywoodruff/Projects/Vibe/rspec/rules/S121/metadata.json
S1219,"""switch"" statements should not contain non-case labels",CODE_SMELL,Blocker,ready,All,java;javascript;cfamily,suspicious,MAINTAINABILITY:BLOCKER,Constant/Issue: 10min,Sonar way,rule.adoc,/Users/brywoodruff/Projects/Vibe/rspec/rules/S1219/metadata.json
S122,Statements should be on separate lines,CODE_SMELL,Major,ready,All,apex;go;python;tsql;vb6;java;vbnet;abap;kotlin;php;common;pli;scala;swift;csharp;plsql;javascript;cobol;flex;ruby;cfamily,convention,MAINTAINABILITY:MEDIUM,Constant/Issue: 1min,,compliant.adoc;noncompliant.adoc;rule.adoc,/Users/brywoodruff/Projects/Vibe/rspec/rules/S122/metadata.json
S1226,"Method parameters, caught exceptions and foreach variables' initial values should not be ignored",BUG,Minor,ready,All,python;java;vbnet;php;csharp;javascript;cfamily,,RELIABILITY:LOW,Constant/Issue: 5min,Sonar way,rule.adoc,/Users/brywoodruff/Projects/Vibe/rspec/rules/S1226/metadata.json
S124,Track comments matching a regular expression,CODE_SMELL,Major,ready,Main,python;java;pli;plsql;javascript;cobol;flex,,MAINTAINABILITY:MEDIUM,Constant/Issue: 0min,,rule.adoc,/Users/brywoodruff/Projects/Vibe/rspec/rules/S124/metadata.json
S1244,Floating point numbers should not be tested for equality,BUG,Major,ready,All,python;java;swift;csharp;javascript;cfamily,,RELIABILITY:MEDIUM,Constant/Issue: 5min,,rule.adoc,/Users/brywoodruff/Projects/Vibe/rspec/rules/S1244/metadata.json
S125,Sections of code should not be commented out,CODE_SMELL,Major,ready,All,apex;python;css;rpg;tsql;java;html;abap;kotlin;php;xml;scala;swift;csharp;plsql;javascript;cobol;flex;cfamily,unused,MAINTAINABILITY:MEDIUM,Constant/Issue: 5min,Sonar way,rule.adoc,/Users/brywoodruff/Projects/Vibe/rspec/rules/S125/metadata.json
S126,"""if ... else if"" constructs should end with ""else"" clauses",CODE_SMELL,Critical,ready,All,apex;go;shell;rpg;rust;tsql;java;vbnet;abap;kotlin;php;scala;swift;csharp;plsql;javascript;ruby;cfamily,,MAINTAINABILITY:HIGH,Constant/Issue: 5min,,rule.adoc,/Users/brywoodruff/Projects/Vibe/rspec/rules/S126/metadata.json
S1264,"A ""while"" loop should be used instead of a ""for"" loop",CODE_SMELL,Minor,ready,All,java;php;csharp;javascript;cfamily,clumsy,MAINTAINABILITY:LOW,Constant/Issue: 5min,Sonar way,rule.adoc,/Users/brywoodruff/Projects/Vibe/rspec/rules/S1264/metadata.json
S127,"""for"" loop stop conditions should be invariant",CODE_SMELL,Major,ready,All,java;php;csharp;javascript;flex;cfamily,pitfall,MAINTAINABILITY:MEDIUM,Constant/Issue: 10min,Sonar way,rule.adoc,/Users/brywoodruff/Projects/Vibe/rspec/rules/S127/metadata.json
S128,"Switch cases should end with an unconditional ""break"" statement",CODE_SMELL,Blocker,ready,All,java;php;javascript;flex;cfamily,cwe;suspicious,MAINTAINABILITY:BLOCKER,Constant/Issue: 10min,Sonar way,rule.adoc,/Users/brywoodruff/Projects/Vibe/rspec/rules/S128/metadata.json
S1291,"Track uses of ""NOSONAR"" comments",CODE_SMELL,Major,ready,All,python;tsql;java;php;plsql;javascript;cobol;cfamily,bad-practice,MAINTAINABILITY:MEDIUM,Constant/Issue: 1min,,rule.adoc,/Users/brywoodruff/Projects/Vibe/rspec/rules/S1291/metadata.json
S1301,"""switch"" statements should have at least 3 ""case"" clauses",CODE_SMELL,Minor,ready,All,vb6;java;vbnet;abap;php;swift;csharp;javascript;flex;cfamily,bad-practice,MAINTAINABILITY:LOW,Constant/Issue: 5min,Sonar way,rule.adoc,/Users/brywoodruff/Projects/Vibe/rspec/rules/S1301/metadata.json
S131,"""switch"" statements should have ""default"" clauses",CODE_SMELL,Critical,ready,All,apex;go;shell;tsql;vb6;java;vbnet;abap;kotlin;php;pli;scala;csharp;plsql;javascript;cobol;flex;ruby;cfamily,cwe,MAINTAINABILITY:HIGH,Constant/Issue: 5min,Sonar way,rule.adoc,/Users/brywoodruff/Projects/Vibe/rspec/rules/S131/metadata.json
S1313,Using hardcoded IP addresses is security-sensitive,SECURITY_HOTSPOT,Minor,ready,Main,apex;go;python;tsql;vb6;java;vbnet;abap;kotlin;php;scala;swift;csharp;javascript;ruby;cfamily,,SECURITY:LOW,Constant/Issue: 30min,Sonar way,rule.adoc,/Users/brywoodruff/Projects/Vibe/rspec/rules/S1313/metadata.json
S1314,Octal values should not be used,CODE_SMELL,Blocker,ready,All,go;java;php;javascript;flex;ruby;cfamily,pitfall,MAINTAINABILITY:BLOCKER,Constant/Issue: 5min,,rule.adoc,/Users/brywoodruff/Projects/Vibe/rspec/rules/S1314/metadata.json
S1321,"""with"" statements should not be used",BUG,Minor,ready,Main,javascript;flex,,RELIABILITY:LOW,Constant/Issue: 30min,Sonar way,rule.adoc,/Users/brywoodruff/Projects/Vibe/rspec/rules/S1321/metadata.json
S134,"Control flow statements ""if"", ""for"", ""while"", ""switch"" and ""try"" should not be nested too deeply",CODE_SMELL,Critical,ready,All,apex;go;python;rpg;tsql;java;vbnet;abap;kotlin;php;pli;scala;swift;csharp;plsql;javascript;cobol;flex;ruby;cfamily,brain-overload,MAINTAINABILITY:HIGH,Constant/Issue: 10min,,rule.adoc,/Users/brywoodruff/Projects/Vibe/rspec/rules/S134/metadata.json
S135,"Loops should not contain more than a single ""break"" or ""continue"" statement",CODE_SMELL,Minor,ready,All,java;abap;javascript,brain-overload,MAINTAINABILITY:LOW,Linear,Sonar way,rule.adoc,/Users/brywoodruff/Projects/Vibe/rspec/rules/S135/metadata.json
S136,,,,,,javascript,,,Unknown,,rule.adoc,/Users/brywoodruff/Projects/Vibe/rspec/rules/S136/metadata.json
S138,Functions should not have too many lines of code,CODE_SMELL,Major,ready,Main,apex;go;python;shell;rpg;tsql;vb6;java;vbnet;kotlin;php;scala;swift;csharp;javascript;flex;ruby;cfamily,brain-overload,MAINTAINABILITY:MEDIUM,Constant/Issue: 20min,,rule.adoc,/Users/brywoodruff/Projects/Vibe/rspec/rules/S138/metadata.json
S139,Comments should not be located at the end of lines of code,CODE_SMELL,Minor,ready,All,python;vb6;java;vbnet;php;swift;plsql;javascript;cfamily,convention,MAINTAINABILITY:LOW,Constant/Issue: 1min,,rule.adoc,/Users/brywoodruff/Projects/Vibe/rspec/rules/S139/metadata.json
S1438,Statements should end with semicolons,CODE_SMELL,Minor,ready,Main,swift;javascript;flex,convention,MAINTAINABILITY:LOW,Constant/Issue: 1min,,rule.adoc,/Users/brywoodruff/Projects/Vibe/rspec/rules/S1438/metadata.json
S1439,"Only ""while"", ""do"" and ""for"" statements should be labelled",CODE_SMELL,Major,ready,Main,javascript;flex,pitfall,MAINTAINABILITY:MEDIUM,Constant/Issue: 20min,Sonar way,rule.adoc,/Users/brywoodruff/Projects/Vibe/rspec/rules/S1439/metadata.json
S1440,"""==="" and ""!=="" should be used instead of ""=="" and ""!=""",CODE_SMELL,Major,ready,Main,javascript;flex,suspicious,MAINTAINABILITY:MEDIUM,Constant/Issue: 5min,,rule.adoc,/Users/brywoodruff/Projects/Vibe/rspec/rules/S1440/metadata.json
S1441,,,,,,javascript,,,Unknown,,rule.adoc,/Users/brywoodruff/Projects/Vibe/rspec/rules/S1441/metadata.json
S1442,"""alert(...)"" should not be used",VULNERABILITY,Minor,deprecated,Main,javascript;flex,,,Constant/Issue: 10min,,rule.adoc,/Users/brywoodruff/Projects/Vibe/rspec/rules/S1442/metadata.json
S1444,"""public static"" fields should be constant",CODE_SMELL,Minor,ready,Main,java;csharp;javascript;flex,cwe,MAINTAINABILITY:LOW,Constant/Issue: 20min,Sonar way,rule.adoc,/Users/brywoodruff/Projects/Vibe/rspec/rules/S1444/metadata.json
S1451,Track lack of copyright and license headers,CODE_SMELL,Blocker,ready,All,apex;go;python;rpg;tsql;java;html;vbnet;kotlin;php;scala;swift;csharp;plsql;javascript;cobol;flex;ruby;cfamily,convention,MAINTAINABILITY:BLOCKER,Constant/Issue: 5min,,rule.adoc,/Users/brywoodruff/Projects/Vibe/rspec/rules/S1451/metadata.json
S1472,Function call arguments should not start on new lines,CODE_SMELL,Minor,ready,Main,javascript;flex,suspicious,MAINTAINABILITY:LOW,Constant/Issue: 5min,Sonar way,rule.adoc,/Users/brywoodruff/Projects/Vibe/rspec/rules/S1472/metadata.json
S1477,Source files should not have any duplicated blocks,CODE_SMELL,Critical,closed,Main,python;rpg;vb6;java;vbnet;abap;php;pli;swift;csharp;plsql;javascript;cobol;flex;cfamily,pitfall,,Linear with offset,Sonar way,rule.adoc,/Users/brywoodruff/Projects/Vibe/rspec/rules/S1477/metadata.json
S1479,"""switch"" statements should not have too many ""case"" clauses",CODE_SMELL,Major,ready,All,apex;go;tsql;vb6;java;vbnet;kotlin;php;scala;swift;csharp;plsql;javascript;cobol;ruby;cfamily,brain-overload,MAINTAINABILITY:MEDIUM,Constant/Issue: 30min,Sonar way,rule.adoc,/Users/brywoodruff/Projects/Vibe/rspec/rules/S1479/metadata.json
S1481,Unused local variables should be removed,CODE_SMELL,Minor,ready,All,apex;python;dart;shell;azureresourcemanager;tsql;java;vbnet;abap;kotlin;php;scala;swift;csharp;plsql;javascript;flex;ruby;cfamily,unused,MAINTAINABILITY:LOW,Constant/Issue: 5min,Sonar way,rule.adoc,/Users/brywoodruff/Projects/Vibe/rspec/rules/S1481/metadata.json
S1482,Branches should have sufficient coverage by unit tests,CODE_SMELL,Critical,closed,Main,python;rpg;vb6;java;vbnet;abap;php;pli;swift;csharp;plsql;javascript;cobol;flex;cfamily,bad-practice,,Linear,,rule.adoc,/Users/brywoodruff/Projects/Vibe/rspec/rules/S1482/metadata.json
S1483,Lines should have sufficient coverage by unit tests,CODE_SMELL,Critical,closed,Main,python;rpg;vb6;java;vbnet;abap;php;pli;swift;csharp;plsql;javascript;cobol;flex;cfamily,bad-practice,,Linear,,rule.adoc,/Users/brywoodruff/Projects/Vibe/rspec/rules/S1483/metadata.json
S1484,Track instances of below-threshold comment line density,CODE_SMELL,Minor,closed,Main,python;rpg;tsql;vb6;java;html;vbnet;abap;php;xml;pli;swift;csharp;plsql;javascript;cobol;flex;cfamily,convention,,Linear,,rule.adoc,/Users/brywoodruff/Projects/Vibe/rspec/rules/S1484/metadata.json
S1488,Local variables should not be declared and then immediately returned or thrown,CODE_SMELL,Minor,ready,All,rust;java;php;csharp;javascript,clumsy,MAINTAINABILITY:LOW,Constant/Issue: 2min,Sonar way,rule.adoc,/Users/brywoodruff/Projects/Vibe/rspec/rules/S1488/metadata.json
S1514,,,,,,javascript,,,Unknown,,rule.adoc,/Users/brywoodruff/Projects/Vibe/rspec/rules/S1514/metadata.json
S1515,Functions should not be defined inside loops,CODE_SMELL,Major,ready,Main,python;javascript,suspicious,MAINTAINABILITY:MEDIUM,Constant/Issue: 30min,Sonar way,rule.adoc,/Users/brywoodruff/Projects/Vibe/rspec/rules/S1515/metadata.json
S1516,Multiline string literals should not be used,CODE_SMELL,Minor,ready,Main,pli;javascript,bad-practice,MAINTAINABILITY:LOW,Constant/Issue: 5min,Sonar way,rule.adoc,/Users/brywoodruff/Projects/Vibe/rspec/rules/S1516/metadata.json
S1517,,,,,,javascript,,,Unknown,,rule.adoc,/Users/brywoodruff/Projects/Vibe/rspec/rules/S1517/metadata.json
S1523,Dynamically executing code is security-sensitive,SECURITY_HOTSPOT,Critical,ready,Main,python;tsql;java;vbnet;abap;php;swift;csharp;plsql;javascript,cwe,MAINTAINABILITY:LOW;SECURITY:HIGH,Constant/Issue: 30min,Sonar way,rule.adoc,/Users/brywoodruff/Projects/Vibe/rspec/rules/S1523/metadata.json
S1524,Variables should not be shadowed,CODE_SMELL,Critical,deprecated,Main,plsql;javascript,,,Constant/Issue: 10min,,rule.adoc,/Users/brywoodruff/Projects/Vibe/rspec/rules/S1524/metadata.json
S1525,,,,,,javascript,,,Unknown,,rule.adoc,/Users/brywoodruff/Projects/Vibe/rspec/rules/S1525/metadata.json
S1526,,,,,,javascript,,,Unknown,,rule.adoc,/Users/brywoodruff/Projects/Vibe/rspec/rules/S1526/metadata.json
S1527,Future reserved words should not be used as identifiers,CODE_SMELL,Blocker,ready,Main,java;javascript,lock-in;pitfall,MAINTAINABILITY:BLOCKER,Constant/Issue: 5min,Sonar way,rule.adoc,/Users/brywoodruff/Projects/Vibe/rspec/rules/S1527/metadata.json
S1528,,,,,,javascript,,,Unknown,,rule.adoc,/Users/brywoodruff/Projects/Vibe/rspec/rules/S1528/metadata.json
S1529,,,,,,javascript,,,Unknown,,rule.adoc,/Users/brywoodruff/Projects/Vibe/rspec/rules/S1529/metadata.json
S1530,,,,,,javascript,,,Unknown,,rule.adoc,/Users/brywoodruff/Projects/Vibe/rspec/rules/S1530/metadata.json
S1531,,,,,,javascript,,,Unknown,,rule.adoc,/Users/brywoodruff/Projects/Vibe/rspec/rules/S1531/metadata.json
S1532,,,,,,javascript,,,Unknown,,rule.adoc,/Users/brywoodruff/Projects/Vibe/rspec/rules/S1532/metadata.json
S1533,,,,,,javascript,,,Unknown,,rule.adoc,/Users/brywoodruff/Projects/Vibe/rspec/rules/S1533/metadata.json
S1534,,,,,,javascript,,,Unknown,,rule.adoc,/Users/brywoodruff/Projects/Vibe/rspec/rules/S1534/metadata.json
S1535,,,,,,javascript,,,Unknown,,rule.adoc,/Users/brywoodruff/Projects/Vibe/rspec/rules/S1535/metadata.json
S1536,Function argument names should be unique,BUG,Major,ready,Main,php;javascript,,RELIABILITY:MEDIUM,Constant/Issue: 5min,Sonar way,rule.adoc,/Users/brywoodruff/Projects/Vibe/rspec/rules/S1536/metadata.json
S1537,Trailing commas should not be used,CODE_SMELL,Minor,ready,Main,javascript,cross-browser,MAINTAINABILITY:LOW,Constant/Issue: 1min,,rule.adoc,/Users/brywoodruff/Projects/Vibe/rspec/rules/S1537/metadata.json
S1539,,,,,,javascript,,,Unknown,,rule.adoc,/Users/brywoodruff/Projects/Vibe/rspec/rules/S1539/metadata.json
S1541,Cyclomatic Complexity of functions should not be too high,CODE_SMELL,Critical,ready,Main,python;dart;rpg;vb6;java;vbnet;abap;php;swift;csharp;plsql;javascript;flex;cfamily,brain-overload,MAINTAINABILITY:HIGH,Linear with offset,,rule.adoc,/Users/brywoodruff/Projects/Vibe/rspec/rules/S1541/metadata.json
S1542,Function names should comply with a naming convention,CODE_SMELL,Major,ready,Main,python;tsql;vb6;vbnet;abap;php;pli;plsql;javascript,convention,MAINTAINABILITY:MEDIUM,Constant/Issue: 10min,Sonar way,rule.adoc,/Users/brywoodruff/Projects/Vibe/rspec/rules/S1542/metadata.json
S1606,Failed unit tests should be fixed,CODE_SMELL,Blocker,closed,Tests,python;rpg;vb6;java;vbnet;abap;php;pli;swift;csharp;plsql;javascript;cobol;flex;cfamily,tests,,Linear,,rule.adoc,/Users/brywoodruff/Projects/Vibe/rspec/rules/S1606/metadata.json
S1607,Tests should not be ignored,CODE_SMELL,Major,ready,Tests,python;java;php;csharp;javascript,tests;bad-practice;confusing,MAINTAINABILITY:MEDIUM,Constant/Issue: 10min,Sonar way,rule.adoc,/Users/brywoodruff/Projects/Vibe/rspec/rules/S1607/metadata.json
S1656,Variables should not be self-assigned,BUG,Major,ready,All,apex;go;python;shell;rpg;rust;tsql;java;vbnet;abap;kotlin;php;scala;csharp;plsql;javascript;cobol;ruby;cfamily,,RELIABILITY:MEDIUM,Constant/Issue: 3min,Sonar way,rule.adoc,/Users/brywoodruff/Projects/Vibe/rspec/rules/S1656/metadata.json
S1677,Comment indentation should match code indentation,CODE_SMELL,Minor,closed,Main,python;vb6;java;html;vbnet;abap;php;xml;csharp;javascript;flex;cfamily,convention,,Constant/Issue: 5min,Sonar way,rule.adoc,/Users/brywoodruff/Projects/Vibe/rspec/rules/S1677/metadata.json
S1697,Short-circuit logic should be used to prevent null pointer dereferences in conditionals,BUG,Major,superseded,All,java;php;csharp;javascript,,,Constant/Issue: 2min,,rule.adoc,/Users/brywoodruff/Projects/Vibe/rspec/rules/S1697/metadata.json
S1751,Loops with at most one iteration should be refactored,BUG,Major,ready,All,go;python;rust;tsql;java;vbnet;abap;php;swift;csharp;plsql;javascript;cfamily,confusing;bad-practice,RELIABILITY:MEDIUM,Constant/Issue: 5min,Sonar way,rule.adoc,/Users/brywoodruff/Projects/Vibe/rspec/rules/S1751/metadata.json
S1763,All code should be reachable,BUG,Major,ready,Main,apex;go;python;tsql;kotlin;php;scala;swift;plsql;javascript;ruby;cfamily,cwe;unused,RELIABILITY:MEDIUM,Constant/Issue: 5min,Sonar way,rule.adoc,/Users/brywoodruff/Projects/Vibe/rspec/rules/S1763/metadata.json
S1764,Identical expressions should not be used on both sides of a binary operator,BUG,Major,ready,All,apex;go;python;shell;rpg;rust;tsql;java;vbnet;abap;kotlin;php;scala;swift;csharp;plsql;javascript;cobol;ruby;cfamily,suspicious,RELIABILITY:MEDIUM,Constant/Issue: 2min,Sonar way,rule.adoc,/Users/brywoodruff/Projects/Vibe/rspec/rules/S1764/metadata.json
S1774,The ternary operator should not be used,CODE_SMELL,Major,ready,All,java;javascript;cfamily,brain-overload,MAINTAINABILITY:MEDIUM,Constant/Issue: 5min,,rule.adoc,/Users/brywoodruff/Projects/Vibe/rspec/rules/S1774/metadata.json
S1788,Method arguments with default values should be last,CODE_SMELL,Major,ready,Main,php;csharp;javascript,,MAINTAINABILITY:MEDIUM,Constant/Issue: 20min,Sonar way,rule.adoc,/Users/brywoodruff/Projects/Vibe/rspec/rules/S1788/metadata.json
S1821,"""switch"" statements should not be nested",CODE_SMELL,Critical,ready,All,apex;go;vb6;java;vbnet;kotlin;php;scala;swift;csharp;javascript;flex;ruby;cfamily,pitfall,MAINTAINABILITY:HIGH,Constant/Issue: 10min,,rule.adoc,/Users/brywoodruff/Projects/Vibe/rspec/rules/S1821/metadata.json
S1848,Objects should not be created to be dropped immediately without being used,BUG,Major,ready,Main,java;php;csharp;javascript,,RELIABILITY:MEDIUM,Constant/Issue: 5min,,rule.adoc,/Users/brywoodruff/Projects/Vibe/rspec/rules/S1848/metadata.json
S1854,Unused assignments should be removed,CODE_SMELL,Major,ready,All,python;dart;java;php;swift;csharp;plsql;javascript;cfamily,cwe;unused,MAINTAINABILITY:MEDIUM,Constant/Issue: 1min,Sonar way,rule.adoc,/Users/brywoodruff/Projects/Vibe/rspec/rules/S1854/metadata.json
S1862,"Related ""if/else if"" statements should not have the same condition",BUG,Major,ready,All,apex;go;python;rpg;rust;tsql;java;vbnet;abap;kotlin;php;scala;swift;csharp;plsql;javascript;cobol;ruby;cfamily,unused;pitfall,RELIABILITY:MEDIUM,Constant/Issue: 10min,Sonar way,rule.adoc,/Users/brywoodruff/Projects/Vibe/rspec/rules/S1862/metadata.json
S1871,Two branches in a conditional structure should not have exactly the same implementation,CODE_SMELL,Major,ready,Main,apex;go;python;rpg;tsql;java;vbnet;abap;kotlin;php;common;scala;swift;csharp;plsql;javascript;cobol;flex;ruby;cfamily,design;suspicious,MAINTAINABILITY:MEDIUM,Constant/Issue: 10min,Sonar way,rule.adoc,/Users/brywoodruff/Projects/Vibe/rspec/rules/S1871/metadata.json
S1874,"""@Deprecated"" code should not be used",CODE_SMELL,Minor,ready,Main,dart;java;kotlin;javascript;kubernetes;cfamily,cwe;obsolete,MAINTAINABILITY:LOW,Constant/Issue: 15min,Sonar way,rule.adoc,/Users/brywoodruff/Projects/Vibe/rspec/rules/S1874/metadata.json
S1940,Boolean checks should not be inverted,CODE_SMELL,Minor,ready,All,apex;go;python;tsql;java;vbnet;kotlin;php;scala;swift;csharp;plsql;javascript;ruby,pitfall,MAINTAINABILITY:LOW,Constant/Issue: 2min,Sonar way,rule.adoc,/Users/brywoodruff/Projects/Vibe/rspec/rules/S1940/metadata.json
S1994,"""for"" loop increment clauses should modify the loops' counters",CODE_SMELL,Critical,ready,All,go;java;csharp;javascript,confusing,MAINTAINABILITY:HIGH,Constant/Issue: 20min,Sonar way,rule.adoc,/Users/brywoodruff/Projects/Vibe/rspec/rules/S1994/metadata.json
S2004,Functions should not be nested too deeply,CODE_SMELL,Critical,ready,Main,php;javascript,brain-overload,MAINTAINABILITY:HIGH,Constant/Issue: 20min,Sonar way,rule.adoc,/Users/brywoodruff/Projects/Vibe/rspec/rules/S2004/metadata.json
S2068,Hard-coded credentials are security-sensitive,SECURITY_HOTSPOT,Blocker,ready,Main,apex;go;python;secrets;tsql;java;vbnet;abap;kotlin;php;xml;json;scala;swift;yaml;csharp;javascript;kubernetes;cobol;ruby;cfamily,cwe,SECURITY:BLOCKER,Constant/Issue: 30min,Sonar way,rule.adoc,/Users/brywoodruff/Projects/Vibe/rspec/rules/S2068/metadata.json
S2070,SHA-1 and Message-Digest hash algorithms should not be used in secure contexts,VULNERABILITY,Critical,deprecated,Main,python;tsql;java;php;swift;csharp;plsql;javascript;cfamily,,,Constant/Issue: 30min,,rule.adoc,/Users/brywoodruff/Projects/Vibe/rspec/rules/S2070/metadata.json
S2076,OS commands should not be vulnerable to command injection attacks,VULNERABILITY,Blocker,ready,Main,go;python;java;vbnet;kotlin;php;common;csharp;javascript,cwe,SECURITY:BLOCKER,Constant/Issue: 30min,Sonar way,rule.adoc,/Users/brywoodruff/Projects/Vibe/rspec/rules/S2076/metadata.json
S2077,Formatting SQL queries is security-sensitive,SECURITY_HOTSPOT,Major,ready,Main,go;python;java;vbnet;php;csharp;javascript;ruby,cwe;bad-practice;sql,MAINTAINABILITY:LOW;SECURITY:MEDIUM,Constant/Issue: 20min,Sonar way,rule.adoc,/Users/brywoodruff/Projects/Vibe/rspec/rules/S2077/metadata.json
S2083,I/O function calls should not be vulnerable to path injection attacks,VULNERABILITY,Blocker,ready,Main,go;python;java;vbnet;kotlin;php;common;csharp;javascript,cwe,SECURITY:BLOCKER,Constant/Issue: 30min,Sonar way,rule.adoc,/Users/brywoodruff/Projects/Vibe/rspec/rules/S2083/metadata.json
S2091,XPath expressions should not be vulnerable to injection attacks,VULNERABILITY,Blocker,ready,Main,go;python;java;vbnet;kotlin;php;common;csharp;javascript,cwe,SECURITY:BLOCKER,Constant/Issue: 30min,Sonar way,rule.adoc,/Users/brywoodruff/Projects/Vibe/rspec/rules/S2091/metadata.json
S2092,"Creating cookies without the ""secure"" flag is security-sensitive",SECURITY_HOTSPOT,Minor,ready,Main,go;python;java;kotlin;php;csharp;javascript;ruby,cwe;privacy,SECURITY:LOW,Constant/Issue: 5min,Sonar way,rule.adoc,/Users/brywoodruff/Projects/Vibe/rspec/rules/S2092/metadata.json
S2094,Classes should not be empty,CODE_SMELL,Minor,ready,All,java;vbnet;swift;csharp;javascript,clumsy,MAINTAINABILITY:LOW,Constant/Issue: 5min,Sonar way,rule.adoc,/Users/brywoodruff/Projects/Vibe/rspec/rules/S2094/metadata.json
S2123,Values should not be uselessly incremented,BUG,Major,ready,All,java;kotlin;php;csharp;javascript;cfamily,unused,RELIABILITY:MEDIUM,Constant/Issue: 5min,Sonar way,rule.adoc,/Users/brywoodruff/Projects/Vibe/rspec/rules/S2123/metadata.json
S2126,"Assignments should not be made in ""return"" statements",CODE_SMELL,Critical,closed,Main,python;php;csharp;javascript;cfamily,,,Constant/Issue: 10min,,rule.adoc,/Users/brywoodruff/Projects/Vibe/rspec/rules/S2126/metadata.json
S2137,,,,,,javascript,,,Unknown,,rule.adoc,/Users/brywoodruff/Projects/Vibe/rspec/rules/S2137/metadata.json
S2138,,,,,,javascript,,,Unknown,,rule.adoc,/Users/brywoodruff/Projects/Vibe/rspec/rules/S2138/metadata.json
S2187,TestCases should contain tests,CODE_SMELL,Blocker,ready,Tests,java;php;csharp;javascript,tests;unused;confusing,MAINTAINABILITY:BLOCKER,Constant/Issue: 5min,Sonar way,rule.adoc,/Users/brywoodruff/Projects/Vibe/rspec/rules/S2187/metadata.json
S2189,Loops should not be infinite,BUG,Blocker,ready,Main,java;kotlin;javascript,,RELIABILITY:BLOCKER,Constant/Issue: 15min,Sonar way,rule.adoc,/Users/brywoodruff/Projects/Vibe/rspec/rules/S2189/metadata.json
S2197,Modulus results should not be checked for direct equality,CODE_SMELL,Critical,ready,All,java;swift;csharp;javascript,suspicious,MAINTAINABILITY:HIGH,Constant/Issue: 5min,,rule.adoc,/Users/brywoodruff/Projects/Vibe/rspec/rules/S2197/metadata.json
S2201,Return values from functions without side effects should not be ignored,BUG,Major,ready,Main,python;java;php;swift;csharp;javascript,suspicious;confusing,RELIABILITY:MEDIUM,Constant/Issue: 10min,Sonar way,rule.adoc,/Users/brywoodruff/Projects/Vibe/rspec/rules/S2201/metadata.json
S2208,Wildcard imports should not be used,CODE_SMELL,Critical,ready,All,python;rust;java;javascript,pitfall,MAINTAINABILITY:HIGH,Constant/Issue: 5min,,rule.adoc,/Users/brywoodruff/Projects/Vibe/rspec/rules/S2208/metadata.json
S2210,Anntest dummy rule should asdf,BUG,Minor,closed,Main,java;javascript,cwe;bug;misra;suspicious,,Constant/Issue: 2d,Drupal,rule.adoc,/Users/brywoodruff/Projects/Vibe/rspec/rules/S2210/metadata.json
S2224,Assignments should not be chained,CODE_SMELL,Major,closed,Main,python;java;html;php;csharp;javascript;flex;cfamily,confusing,,Constant/Issue: 5min,Sonar way,rule.adoc,/Users/brywoodruff/Projects/Vibe/rspec/rules/S2224/metadata.json
S2228,Console logging should not be used,VULNERABILITY,Minor,deprecated,Main,csharp;javascript,,SECURITY:LOW,Constant/Issue: 5min,,rule.adoc,/Users/brywoodruff/Projects/Vibe/rspec/rules/S2228/metadata.json
S2234,Parameters should be passed in the correct order,CODE_SMELL,Major,ready,All,python;java;vbnet;php;csharp;javascript;cfamily,,MAINTAINABILITY:MEDIUM,Constant/Issue: 5min,Sonar way,rule.adoc,/Users/brywoodruff/Projects/Vibe/rspec/rules/S2234/metadata.json
S2245,Using pseudorandom number generators (PRNGs) is security-sensitive,SECURITY_HOTSPOT,Critical,ready,Main,go;python;dart;java;kotlin;php;csharp;javascript;cfamily,cwe,SECURITY:HIGH,Constant/Issue: 10min,Sonar way,rule.adoc,/Users/brywoodruff/Projects/Vibe/rspec/rules/S2245/metadata.json
S2251,"A ""for"" loop update clause should move the counter in the right direction",BUG,Major,ready,All,java;php;csharp;javascript,,RELIABILITY:MEDIUM,Constant/Issue: 5min,Sonar way,rule.adoc,/Users/brywoodruff/Projects/Vibe/rspec/rules/S2251/metadata.json
S2255,Writing cookies is security-sensitive,SECURITY_HOTSPOT,Minor,deprecated,Main,python;java;vbnet;php;csharp;javascript,,,Constant/Issue: 5min,,rule.adoc,/Users/brywoodruff/Projects/Vibe/rspec/rules/S2255/metadata.json
S2259,Null pointers should not be dereferenced,BUG,Major,ready,Main,python;java;vbnet;csharp;javascript;cfamily,cwe,RELIABILITY:MEDIUM,Constant/Issue: 10min,Sonar way,rule.adoc,/Users/brywoodruff/Projects/Vibe/rspec/rules/S2259/metadata.json
S2260,Track parsing failures,CODE_SMELL,Major,ready,All,terraform;docker;apex;go;jcl;python;dart;shell;azureresourcemanager;rust;tsql;vb6;java;kotlin;php;xml;ansible;json;githubactions;pli;scala;swift;yaml;csharp;plsql;groovy;javascript;kubernetes;cloudformation;cobol;flex;ruby;cfamily,suspicious,,Constant/Issue: 30min,,rule.adoc,/Users/brywoodruff/Projects/Vibe/rspec/rules/S2260/metadata.json
S2301,Public methods should not contain selector arguments,CODE_SMELL,Major,ready,Main,java;javascript,design,MAINTAINABILITY:MEDIUM,Constant/Issue: 15min,,comments-and-links.adoc;rule.adoc;why.adoc,/Users/brywoodruff/Projects/Vibe/rspec/rules/S2301/metadata.json
S2310,,,,,,javascript,,,Unknown,,rule.adoc,/Users/brywoodruff/Projects/Vibe/rspec/rules/S2310/metadata.json
S2325,Methods and properties that don't access instance data should be static,CODE_SMELL,Minor,ready,All,python;java;csharp;javascript,pitfall,MAINTAINABILITY:LOW,Constant/Issue: 5min,,rule.adoc,/Users/brywoodruff/Projects/Vibe/rspec/rules/S2325/metadata.json
S2376,Write-only properties should not be used,CODE_SMELL,Major,ready,All,vbnet;csharp;javascript,pitfall,MAINTAINABILITY:MEDIUM,Constant/Issue: 20min,Sonar way,rule.adoc,/Users/brywoodruff/Projects/Vibe/rspec/rules/S2376/metadata.json
S2392,,,,,,javascript,,,Unknown,,rule.adoc,/Users/brywoodruff/Projects/Vibe/rspec/rules/S2392/metadata.json
S2424,,,,,,javascript,,,Unknown,,rule.adoc,/Users/brywoodruff/Projects/Vibe/rspec/rules/S2424/metadata.json
S2427,,,,,,javascript,,,Unknown,,rule.adoc,/Users/brywoodruff/Projects/Vibe/rspec/rules/S2427/metadata.json
S2428,,,,,,javascript,,,Unknown,,rule.adoc,/Users/brywoodruff/Projects/Vibe/rspec/rules/S2428/metadata.json
S2429,Array literals should be used,CODE_SMELL,Minor,ready,Main,vbnet;javascript,clumsy,MAINTAINABILITY:LOW,Constant/Issue: 5min,Sonar way,rule.adoc,/Users/brywoodruff/Projects/Vibe/rspec/rules/S2429/metadata.json
S2430,,,,,,javascript,,,Unknown,,rule.adoc,/Users/brywoodruff/Projects/Vibe/rspec/rules/S2430/metadata.json
S2431,,,,,,javascript,,,Unknown,,rule.adoc,/Users/brywoodruff/Projects/Vibe/rspec/rules/S2431/metadata.json
S2432,Setters should not return values,BUG,Major,ready,Main,dart;javascript,,RELIABILITY:MEDIUM,Constant/Issue: 5min,Sonar way,rule.adoc,/Users/brywoodruff/Projects/Vibe/rspec/rules/S2432/metadata.json
S2433,,,,,,javascript,,,Unknown,,rule.adoc,/Users/brywoodruff/Projects/Vibe/rspec/rules/S2433/metadata.json
S2434,,,,,,javascript,,,Unknown,,rule.adoc,/Users/brywoodruff/Projects/Vibe/rspec/rules/S2434/metadata.json
S2486,Exceptions should not be ignored,CODE_SMELL,Minor,ready,Main,python;dart;rpg;java;csharp;plsql;javascript;cobol;cfamily,cwe;error-handling;suspicious,MAINTAINABILITY:LOW,Constant/Issue: 1h,Sonar way,rule.adoc,/Users/brywoodruff/Projects/Vibe/rspec/rules/S2486/metadata.json
S2494,,,,,,javascript,,,Unknown,,rule.adoc,/Users/brywoodruff/Projects/Vibe/rspec/rules/S2494/metadata.json
S2495,Flag arguments should not be used,CODE_SMELL,Major,closed,Main,python;vb6;java;vbnet;php;swift;csharp;javascript;flex;cfamily,clumsy,,Constant/Issue: 20min,,rule.adoc,/Users/brywoodruff/Projects/Vibe/rspec/rules/S2495/metadata.json
S2496,,,,,,javascript,,,Unknown,,rule.adoc,/Users/brywoodruff/Projects/Vibe/rspec/rules/S2496/metadata.json
S2497,,,,,,javascript,,,Unknown,,rule.adoc,/Users/brywoodruff/Projects/Vibe/rspec/rules/S2497/metadata.json
S2498,,,,,,javascript,,,Unknown,,rule.adoc,/Users/brywoodruff/Projects/Vibe/rspec/rules/S2498/metadata.json
S2508,,,,,,javascript,,,Unknown,,rule.adoc,/Users/brywoodruff/Projects/Vibe/rspec/rules/S2508/metadata.json
S2549,,,,,,javascript,,,Unknown,,rule.adoc,/Users/brywoodruff/Projects/Vibe/rspec/rules/S2549/metadata.json
S2550,,,,,,javascript,,,Unknown,,rule.adoc,/Users/brywoodruff/Projects/Vibe/rspec/rules/S2550/metadata.json
S2583,Conditionally executed code should be reachable,BUG,Major,ready,All,python;java;vbnet;csharp;javascript;cobol;cfamily,cwe;unused;suspicious;pitfall,RELIABILITY:MEDIUM,Constant/Issue: 15min,Sonar way,rule.adoc,/Users/brywoodruff/Projects/Vibe/rspec/rules/S2583/metadata.json
S2589,Boolean expressions should not be gratuitous,CODE_SMELL,Major,ready,All,python;rust;java;vbnet;csharp;javascript;cobol;cfamily,cwe;suspicious;redundant,MAINTAINABILITY:MEDIUM,Constant/Issue: 10min,Sonar way,rule.adoc,/Users/brywoodruff/Projects/Vibe/rspec/rules/S2589/metadata.json
S2595,Branches should have sufficient coverage by integration tests,CODE_SMELL,Major,closed,Main,python;vb6;java;html;vbnet;php;swift;csharp;javascript;flex;cfamily,bad-practice,,Linear,,rule.adoc,/Users/brywoodruff/Projects/Vibe/rspec/rules/S2595/metadata.json
S2598,File uploads should be restricted,VULNERABILITY,Critical,ready,Main,common;javascript,cwe,SECURITY:HIGH,Constant/Issue: 20min,Sonar way,rule.adoc,/Users/brywoodruff/Projects/Vibe/rspec/rules/S2598/metadata.json
S2611,,,,,,javascript,,,Unknown,,rule.adoc,/Users/brywoodruff/Projects/Vibe/rspec/rules/S2611/metadata.json
S2612,Setting loose POSIX file permissions is security-sensitive,SECURITY_HOTSPOT,Major,ready,Main,docker;go;python;shell;java;vbnet;php;ansible;githubactions;csharp;javascript;cfamily,cwe,SECURITY:MEDIUM,Constant/Issue: 5min,Sonar way,rule.adoc,/Users/brywoodruff/Projects/Vibe/rspec/rules/S2612/metadata.json
S2630,Vulnerable regular expressions should not be used,BUG,Critical,closed,Main,python;vb6;java;vbnet;php;swift;csharp;javascript;flex;cfamily,denial-of-service,,Constant/Issue: 45min,Sonar way,rule.adoc,/Users/brywoodruff/Projects/Vibe/rspec/rules/S2630/metadata.json
S2631,Regular expressions should not be vulnerable to Denial of Service attacks,VULNERABILITY,Critical,ready,Main,python;java;vbnet;kotlin;php;common;csharp;javascript,cwe;denial-of-service,SECURITY:HIGH,Constant/Issue: 1h,Sonar way,rule.adoc,/Users/brywoodruff/Projects/Vibe/rspec/rules/S2631/metadata.json
S2639,Inappropriate regular expressions should not be used,BUG,Major,ready,All,java;javascript,,RELIABILITY:MEDIUM,Constant/Issue: 15min,Sonar way,rule.adoc,/Users/brywoodruff/Projects/Vibe/rspec/rules/S2639/metadata.json
S2644,,,,,,javascript,,,Unknown,,rule.adoc,/Users/brywoodruff/Projects/Vibe/rspec/rules/S2644/metadata.json
S2658,Classes should not be loaded dynamically,VULNERABILITY,Critical,deprecated,Main,java;javascript,,SECURITY:HIGH,Constant/Issue: 45min,,rule.adoc,/Users/brywoodruff/Projects/Vibe/rspec/rules/S2658/metadata.json
S2662,Equality operators should be replaced by assignment operators when obviously used by mistake,CODE_SMELL,Blocker,closed,Main,vbnet;php;csharp;plsql;javascript;cfamily,bug,,Constant/Issue: 2min,,rule.adoc,/Users/brywoodruff/Projects/Vibe/rspec/rules/S2662/metadata.json
S2681,Multiline blocks should be enclosed in curly braces,CODE_SMELL,Major,ready,All,tsql;java;php;common;csharp;javascript;cfamily,cwe,MAINTAINABILITY:MEDIUM,Constant/Issue: 5min,Sonar way,example.adoc;rule.adoc,/Users/brywoodruff/Projects/Vibe/rspec/rules/S2681/metadata.json
S2684,,,,,,javascript,,,Unknown,,rule.adoc,/Users/brywoodruff/Projects/Vibe/rspec/rules/S2684/metadata.json
S2685,,,,,,javascript,,,Unknown,,rule.adoc,/Users/brywoodruff/Projects/Vibe/rspec/rules/S2685/metadata.json
S2688,"""NaN"" should not be used in comparisons",BUG,Major,ready,All,csharp;javascript,,RELIABILITY:MEDIUM,Constant/Issue: 5min,Sonar way,rule.adoc,/Users/brywoodruff/Projects/Vibe/rspec/rules/S2688/metadata.json
S2692,"""indexOf"" checks should not be for positive numbers",CODE_SMELL,Critical,ready,All,java;vbnet;csharp;javascript,suspicious,MAINTAINABILITY:HIGH,Constant/Issue: 2min,Sonar way,rule.adoc,/Users/brywoodruff/Projects/Vibe/rspec/rules/S2692/metadata.json
S2699,Tests should include assertions,CODE_SMELL,Blocker,ready,Tests,apex;java;php;csharp;javascript,tests,MAINTAINABILITY:BLOCKER,Constant/Issue: 10min,Sonar way,rule.adoc,/Users/brywoodruff/Projects/Vibe/rspec/rules/S2699/metadata.json
S2701,Literal boolean values should not be used in assertions,CODE_SMELL,Critical,ready,Tests,java;php;csharp;javascript,tests,MAINTAINABILITY:HIGH,Constant/Issue: 5min,,rule.adoc,/Users/brywoodruff/Projects/Vibe/rspec/rules/S2701/metadata.json
S2703,,,,,,javascript,,,Unknown,,rule.adoc,/Users/brywoodruff/Projects/Vibe/rspec/rules/S2703/metadata.json
S2713,,,,,,javascript,,,Unknown,,rule.adoc,/Users/brywoodruff/Projects/Vibe/rspec/rules/S2713/metadata.json
S2714,,,,,,javascript,,,Unknown,,rule.adoc,/Users/brywoodruff/Projects/Vibe/rspec/rules/S2714/metadata.json
S2715,,,,,,javascript,,,Unknown,,rule.adoc,/Users/brywoodruff/Projects/Vibe/rspec/rules/S2715/metadata.json
S2716,,,,,,javascript,,,Unknown,,rule.adoc,/Users/brywoodruff/Projects/Vibe/rspec/rules/S2716/metadata.json
S2737,"""catch"" clauses should do more than rethrow",CODE_SMELL,Minor,ready,Main,python;tsql;java;vbnet;php;common;swift;csharp;plsql;javascript;cfamily,error-handling;unused;finding;clumsy,MAINTAINABILITY:LOW,Constant/Issue: 5min,Sonar way,code-example.adoc;compliant.adoc;rule.adoc,/Users/brywoodruff/Projects/Vibe/rspec/rules/S2737/metadata.json
S2751,Conditions should not be immediately retested,CODE_SMELL,Major,closed,Main,python;rpg;vb6;java;vbnet;abap;php;swift;csharp;javascript;cobol;flex;cfamily,bug,,Constant/Issue: 5min,,rule.adoc,/Users/brywoodruff/Projects/Vibe/rspec/rules/S2751/metadata.json
S2755,XML parsers should not be vulnerable to XXE attacks,VULNERABILITY,Blocker,ready,Main,python;java;php;common;csharp;javascript;cfamily,cwe,SECURITY:BLOCKER,Constant/Issue: 15min,Sonar way,rule.adoc,/Users/brywoodruff/Projects/Vibe/rspec/rules/S2755/metadata.json
S2757,"Non-existent operators like ""=+"" should not be used",BUG,Major,ready,All,apex;go;python;java;vbnet;kotlin;php;common;csharp;javascript;ruby;cfamily,,RELIABILITY:MEDIUM,Constant/Issue: 2min,Sonar way,code-example.adoc;fix.adoc;rule.adoc,/Users/brywoodruff/Projects/Vibe/rspec/rules/S2757/metadata.json
S2762,,,,,,javascript,,,Unknown,,rule.adoc,/Users/brywoodruff/Projects/Vibe/rspec/rules/S2762/metadata.json
S2769,,,,,,javascript,,,Unknown,,rule.adoc,/Users/brywoodruff/Projects/Vibe/rspec/rules/S2769/metadata.json
S2770,,,,,,javascript,,,Unknown,,rule.adoc,/Users/brywoodruff/Projects/Vibe/rspec/rules/S2770/metadata.json
S2787,,,,,,javascript,,,Unknown,,rule.adoc,/Users/brywoodruff/Projects/Vibe/rspec/rules/S2787/metadata.json
S2814,Variables and functions should not be redeclared,CODE_SMELL,Major,ready,Main,javascript,confusing,MAINTAINABILITY:MEDIUM,Constant/Issue: 20min,Sonar way,rule.adoc,/Users/brywoodruff/Projects/Vibe/rspec/rules/S2814/metadata.json
S2817,,,,,,javascript,,,Unknown,,rule.adoc,/Users/brywoodruff/Projects/Vibe/rspec/rules/S2817/metadata.json
S2819,,,,,,common;javascript,,,Unknown,,rule.adoc,/Users/brywoodruff/Projects/Vibe/rspec/rules/S2819/metadata.json
S2870,,,,,,javascript,,,Unknown,,rule.adoc,/Users/brywoodruff/Projects/Vibe/rspec/rules/S2870/metadata.json
S2871,,,,,,javascript,,,Unknown,,rule.adoc,/Users/brywoodruff/Projects/Vibe/rspec/rules/S2871/metadata.json
S2872,,,,,,javascript,,,Unknown,,rule.adoc,/Users/brywoodruff/Projects/Vibe/rspec/rules/S2872/metadata.json
S2873,,,,,,javascript,,,Unknown,,rule.adoc,/Users/brywoodruff/Projects/Vibe/rspec/rules/S2873/metadata.json
S2898,,,,,,javascript,,,Unknown,,rule.adoc,/Users/brywoodruff/Projects/Vibe/rspec/rules/S2898/metadata.json
S2915,,,,,,javascript,,,Unknown,,rule.adoc,/Users/brywoodruff/Projects/Vibe/rspec/rules/S2915/metadata.json
S2933,"Fields that are only assigned in the constructor should be ""readonly""",CODE_SMELL,Major,ready,All,dart;csharp;javascript,confusing,MAINTAINABILITY:MEDIUM,Constant/Issue: 2min,Sonar way,rule.adoc,/Users/brywoodruff/Projects/Vibe/rspec/rules/S2933/metadata.json
S2966,Optionals should not be force-unwrapped,CODE_SMELL,Minor,ready,Main,swift;javascript,unpredictable,MAINTAINABILITY:LOW,Constant/Issue: 15min,,rule.adoc,/Users/brywoodruff/Projects/Vibe/rspec/rules/S2966/metadata.json
S2970,Assertions should be complete,CODE_SMELL,Blocker,ready,Tests,java;csharp;javascript,tests,MAINTAINABILITY:BLOCKER,Constant/Issue: 5min,Sonar way,rule.adoc,/Users/brywoodruff/Projects/Vibe/rspec/rules/S2970/metadata.json
S2990,,,,,,javascript,,,Unknown,,rule.adoc,/Users/brywoodruff/Projects/Vibe/rspec/rules/S2990/metadata.json
S2999,,,,,,javascript,,,Unknown,,rule.adoc,/Users/brywoodruff/Projects/Vibe/rspec/rules/S2999/metadata.json
S3001,,,,,,javascript,,,Unknown,,rule.adoc,/Users/brywoodruff/Projects/Vibe/rspec/rules/S3001/metadata.json
S3002,,,,,,javascript,,,Unknown,,rule.adoc,/Users/brywoodruff/Projects/Vibe/rspec/rules/S3002/metadata.json
S3003,,,,,,javascript,,,Unknown,,rule.adoc,/Users/brywoodruff/Projects/Vibe/rspec/rules/S3003/metadata.json
S3045,"""break"" should not be used with a label",CODE_SMELL,Minor,closed,Main,python;java;vbnet;php;swift;csharp;javascript;flex;cfamily,confusing,,Constant/Issue: 20min,,rule.adoc,/Users/brywoodruff/Projects/Vibe/rspec/rules/S3045/metadata.json
S3257,Declarations and initializations should be as concise as possible,CODE_SMELL,Minor,ready,All,dart;csharp;javascript,finding;clumsy,MAINTAINABILITY:LOW,Constant/Issue: 1min,,rule.adoc,/Users/brywoodruff/Projects/Vibe/rspec/rules/S3257/metadata.json
S3271,,,,,,javascript,,,Unknown,,rule.adoc,/Users/brywoodruff/Projects/Vibe/rspec/rules/S3271/metadata.json
S3273,,,,,,javascript,,,Unknown,,rule.adoc,/Users/brywoodruff/Projects/Vibe/rspec/rules/S3273/metadata.json
S3317,Class names and file names should match,CODE_SMELL,Minor,ready,Main,javascript,convention;confusing,MAINTAINABILITY:LOW,Constant/Issue: 5min,Sonar way,rule.adoc,/Users/brywoodruff/Projects/Vibe/rspec/rules/S3317/metadata.json
S3330,"Creating cookies without the ""HttpOnly"" flag is security-sensitive",SECURITY_HOTSPOT,Minor,ready,Main,go;python;java;kotlin;php;xml;csharp;javascript;ruby,cwe;privacy,SECURITY:LOW,Constant/Issue: 10min,Sonar way,rule.adoc,/Users/brywoodruff/Projects/Vibe/rspec/rules/S3330/metadata.json
S3353,"Unchanged variables should be marked as ""const""",CODE_SMELL,Critical,ready,Main,kotlin;csharp;javascript,,MAINTAINABILITY:HIGH,Constant/Issue: 2min,,rule.adoc,/Users/brywoodruff/Projects/Vibe/rspec/rules/S3353/metadata.json
S3358,Ternary operators should not be nested,CODE_SMELL,Major,ready,All,python;dart;tsql;java;vbnet;php;common;swift;csharp;javascript;cfamily,confusing,MAINTAINABILITY:MEDIUM,Constant/Issue: 5min,Sonar way,compliant.adoc;noncompliant.adoc;rule.adoc,/Users/brywoodruff/Projects/Vibe/rspec/rules/S3358/metadata.json
S3402,,,,,,javascript,,,Unknown,,rule.adoc,/Users/brywoodruff/Projects/Vibe/rspec/rules/S3402/metadata.json
S3403,Identity operators should not be used with dissimilar types,BUG,Major,ready,Main,python;javascript,,RELIABILITY:MEDIUM,Constant/Issue: 5min,Sonar way,rule.adoc,/Users/brywoodruff/Projects/Vibe/rspec/rules/S3403/metadata.json
S3415,Assertion arguments should be passed in the correct order,CODE_SMELL,Major,ready,Tests,java;php;csharp;javascript,tests;suspicious,MAINTAINABILITY:MEDIUM,Constant/Issue: 2min,Sonar way,rule.adoc,/Users/brywoodruff/Projects/Vibe/rspec/rules/S3415/metadata.json
S3424,Skipped unit tests should be either removed or fixed,CODE_SMELL,Minor,closed,Tests,python;rpg;java;vbnet;abap;php;pli;swift;csharp;plsql;javascript;cobol;flex;cfamily,,,Linear,,rule.adoc,/Users/brywoodruff/Projects/Vibe/rspec/rules/S3424/metadata.json
S3498,Object literal shorthand syntax should be used,CODE_SMELL,Minor,ready,Main,rust;javascript,convention;es2015,MAINTAINABILITY:LOW,Constant/Issue: 1min,,rule.adoc,/Users/brywoodruff/Projects/Vibe/rspec/rules/S3498/metadata.json
S3499,,,,,,javascript,,,Unknown,,rule.adoc,/Users/brywoodruff/Projects/Vibe/rspec/rules/S3499/metadata.json
S3500,,,,,,javascript,,,Unknown,,rule.adoc,/Users/brywoodruff/Projects/Vibe/rspec/rules/S3500/metadata.json
S3502,Methods in the same class should not have the same body,CODE_SMELL,Major,closed,Main,python;css;vb6;java;vbnet;php;swift;csharp;javascript;flex;cfamily,design;suspicious,,Constant/Issue: 5min,Sonar way,rule.adoc,/Users/brywoodruff/Projects/Vibe/rspec/rules/S3502/metadata.json
S3504,,,,,,javascript,,,Unknown,,rule.adoc,/Users/brywoodruff/Projects/Vibe/rspec/rules/S3504/metadata.json
S3509,,,,,,javascript,,,Unknown,,rule.adoc,/Users/brywoodruff/Projects/Vibe/rspec/rules/S3509/metadata.json
S3512,Template strings should be used instead of concatenation,CODE_SMELL,Minor,ready,Main,dart;javascript,es2015;clumsy,MAINTAINABILITY:LOW,Constant/Issue: 5min,Sonar way,rule.adoc,/Users/brywoodruff/Projects/Vibe/rspec/rules/S3512/metadata.json
S3513,,,,,,javascript,,,Unknown,,rule.adoc,/Users/brywoodruff/Projects/Vibe/rspec/rules/S3513/metadata.json
S3514,,,,,,javascript,,,Unknown,,rule.adoc,/Users/brywoodruff/Projects/Vibe/rspec/rules/S3514/metadata.json
S3516,Methods returns should not be invariant,CODE_SMELL,Blocker,ready,Main,python;java;javascript;cfamily,,MAINTAINABILITY:BLOCKER,Linear,Sonar way,rule.adoc,/Users/brywoodruff/Projects/Vibe/rspec/rules/S3516/metadata.json
S3523,,,,,,javascript,,,Unknown,,rule.adoc,/Users/brywoodruff/Projects/Vibe/rspec/rules/S3523/metadata.json
S3524,,,,,,javascript,,,Unknown,,rule.adoc,/Users/brywoodruff/Projects/Vibe/rspec/rules/S3524/metadata.json
S3525,,,,,,javascript,,,Unknown,,rule.adoc,/Users/brywoodruff/Projects/Vibe/rspec/rules/S3525/metadata.json
S3531,,,,,,javascript,,,Unknown,,rule.adoc,/Users/brywoodruff/Projects/Vibe/rspec/rules/S3531/metadata.json
S3533,,,,,,javascript,,,Unknown,,rule.adoc,/Users/brywoodruff/Projects/Vibe/rspec/rules/S3533/metadata.json
S3554,Loop stop conditions should allow more than one iteration,BUG,Major,closed,Main,python;vb6;java;vbnet;php;swift;csharp;javascript;flex;cfamily,,,Constant/Issue: 10min,,rule.adoc,/Users/brywoodruff/Projects/Vibe/rspec/rules/S3554/metadata.json
S3579,,,,,,javascript,,,Unknown,,rule.adoc,/Users/brywoodruff/Projects/Vibe/rspec/rules/S3579/metadata.json
S3616,,,,,,javascript,,,Unknown,,rule.adoc,/Users/brywoodruff/Projects/Vibe/rspec/rules/S3616/metadata.json
S3626,Jump statements should not be redundant,CODE_SMELL,Minor,ready,All,python;tsql;java;abap;php;swift;csharp;plsql;javascript;cfamily,redundant;clumsy,MAINTAINABILITY:LOW,Constant/Issue: 1min,Sonar way,rule.adoc,/Users/brywoodruff/Projects/Vibe/rspec/rules/S3626/metadata.json
S3649,Database queries should not be vulnerable to injection attacks,VULNERABILITY,Blocker,ready,Main,go;python;java;vbnet;kotlin;php;common;csharp;javascript,cwe;sql,SECURITY:BLOCKER,Constant/Issue: 30min,Sonar way,rule.adoc,/Users/brywoodruff/Projects/Vibe/rspec/rules/S3649/metadata.json
S3686,,,,,,javascript,,,Unknown,,rule.adoc,/Users/brywoodruff/Projects/Vibe/rspec/rules/S3686/metadata.json
S3696,Non-exception types should not be thrown,CODE_SMELL,Major,ready,All,javascript;cfamily,error-handling;api-design,MAINTAINABILITY:MEDIUM,Constant/Issue: 20min,Sonar way,rule.adoc,/Users/brywoodruff/Projects/Vibe/rspec/rules/S3696/metadata.json
S3699,The output of functions that don't return anything should not be used,BUG,Major,ready,All,python;php;javascript,,RELIABILITY:MEDIUM,Constant/Issue: 5min,Sonar way,rule.adoc,/Users/brywoodruff/Projects/Vibe/rspec/rules/S3699/metadata.json
S3723,Trailing commas should be used,CODE_SMELL,Major,ready,All,rust;javascript,convention,MAINTAINABILITY:MEDIUM,Constant/Issue: 2min,,rule.adoc,/Users/brywoodruff/Projects/Vibe/rspec/rules/S3723/metadata.json
S3735,,,,,,javascript,,,Unknown,,rule.adoc,/Users/brywoodruff/Projects/Vibe/rspec/rules/S3735/metadata.json
S3757,,,,,,javascript,,,Unknown,,rule.adoc,/Users/brywoodruff/Projects/Vibe/rspec/rules/S3757/metadata.json
S3758,,,,,,javascript,,,Unknown,,rule.adoc,/Users/brywoodruff/Projects/Vibe/rspec/rules/S3758/metadata.json
S3759,,,,,,javascript,,,Unknown,,rule.adoc,/Users/brywoodruff/Projects/Vibe/rspec/rules/S3759/metadata.json
S3760,,,,,,javascript,,,Unknown,,rule.adoc,/Users/brywoodruff/Projects/Vibe/rspec/rules/S3760/metadata.json
S3776,Cognitive Complexity of functions should not be too high,CODE_SMELL,Critical,ready,All,apex;go;python;dart;rust;java;vbnet;abap;kotlin;php;scala;swift;csharp;javascript;ruby;cfamily,brain-overload,MAINTAINABILITY:HIGH,Linear with offset,Sonar way,rule.adoc,/Users/brywoodruff/Projects/Vibe/rspec/rules/S3776/metadata.json
S3782,,,,,,javascript,,,Unknown,,rule.adoc,/Users/brywoodruff/Projects/Vibe/rspec/rules/S3782/metadata.json
S3785,,,,,,javascript,,,Unknown,,rule.adoc,/Users/brywoodruff/Projects/Vibe/rspec/rules/S3785/metadata.json
S3786,,,,,,javascript,,,Unknown,,rule.adoc,/Users/brywoodruff/Projects/Vibe/rspec/rules/S3786/metadata.json
S3796,,,,,,javascript,,,Unknown,,rule.adoc,/Users/brywoodruff/Projects/Vibe/rspec/rules/S3796/metadata.json
S3798,,,,,,javascript,,,Unknown,,rule.adoc,/Users/brywoodruff/Projects/Vibe/rspec/rules/S3798/metadata.json
S3799,,,,,,javascript,,,Unknown,,rule.adoc,/Users/brywoodruff/Projects/Vibe/rspec/rules/S3799/metadata.json
S3800,,,,,,javascript,,,Unknown,,rule.adoc,/Users/brywoodruff/Projects/Vibe/rspec/rules/S3800/metadata.json
S3801,"Functions should use ""return"" consistently",CODE_SMELL,Major,ready,Main,python;php;javascript,api-design;confusing,MAINTAINABILITY:MEDIUM,Constant/Issue: 20min,,rule.adoc,/Users/brywoodruff/Projects/Vibe/rspec/rules/S3801/metadata.json
S3812,,,,,,javascript,,,Unknown,,rule.adoc,/Users/brywoodruff/Projects/Vibe/rspec/rules/S3812/metadata.json
S3817,,,,,,javascript,,,Unknown,,rule.adoc,/Users/brywoodruff/Projects/Vibe/rspec/rules/S3817/metadata.json
S3827,"Variables, classes and functions should be defined before being used",BUG,Blocker,ready,All,python;javascript,,RELIABILITY:BLOCKER,Constant/Issue: 10min,,rule.adoc,/Users/brywoodruff/Projects/Vibe/rspec/rules/S3827/metadata.json
S3828,,,,,,javascript,,,Unknown,,rule.adoc,/Users/brywoodruff/Projects/Vibe/rspec/rules/S3828/metadata.json
S3831,,,,,,javascript,,,Unknown,,rule.adoc,/Users/brywoodruff/Projects/Vibe/rspec/rules/S3831/metadata.json
S3832,,,,,,javascript,,,Unknown,,rule.adoc,/Users/brywoodruff/Projects/Vibe/rspec/rules/S3832/metadata.json
S3833,,,,,,javascript,,,Unknown,,rule.adoc,/Users/brywoodruff/Projects/Vibe/rspec/rules/S3833/metadata.json
S3834,,,,,,javascript,,,Unknown,,rule.adoc,/Users/brywoodruff/Projects/Vibe/rspec/rules/S3834/metadata.json
S3835,,,,,,javascript,,,Unknown,,rule.adoc,/Users/brywoodruff/Projects/Vibe/rspec/rules/S3835/metadata.json
S3837,,,,,,javascript,,,Unknown,,rule.adoc,/Users/brywoodruff/Projects/Vibe/rspec/rules/S3837/metadata.json
S3854,,,,,,javascript,,,Unknown,,rule.adoc,/Users/brywoodruff/Projects/Vibe/rspec/rules/S3854/metadata.json
S3856,,,,,,javascript,,,Unknown,,rule.adoc,/Users/brywoodruff/Projects/Vibe/rspec/rules/S3856/metadata.json
S3862,"""for of"" should not be used with non-iterables",BUG,Blocker,ready,All,python;javascript,,RELIABILITY:BLOCKER,Constant/Issue: 5min,Sonar way,rule.adoc,/Users/brywoodruff/Projects/Vibe/rspec/rules/S3862/metadata.json
S3863,,,,,,javascript,,,Unknown,,rule.adoc,/Users/brywoodruff/Projects/Vibe/rspec/rules/S3863/metadata.json
S3923,All branches in a conditional structure should not have exactly the same implementation,BUG,Major,ready,All,apex;go;jcl;python;tsql;java;vbnet;abap;kotlin;php;common;scala;swift;csharp;plsql;javascript;cobol;flex;ruby;cfamily,,RELIABILITY:MEDIUM,Constant/Issue: 15min,Sonar way,code-example.adoc;rule.adoc,/Users/brywoodruff/Projects/Vibe/rspec/rules/S3923/metadata.json
S3931,Non-boolean assignments should not be used as conditions,CODE_SMELL,Blocker,ready,All,javascript,suspicious,MAINTAINABILITY:BLOCKER,Constant/Issue: 5min,Sonar way,rule.adoc,/Users/brywoodruff/Projects/Vibe/rspec/rules/S3931/metadata.json
S3955,"""if"" and ""while"" statements should not lead to the execution of empty statements",BUG,Major,closed,All,java;php;csharp;plsql;javascript;cfamily,,,Constant/Issue: 2min,Sonar way,rule.adoc,/Users/brywoodruff/Projects/Vibe/rspec/rules/S3955/metadata.json
S3972,Conditionals should start on new lines,CODE_SMELL,Critical,ready,All,tsql;java;php;csharp;javascript;cfamily,suspicious,MAINTAINABILITY:HIGH,Constant/Issue: 10min,Sonar way,compliant-code-exclusive.adoc;compliant-code-unrelated.adoc;noncompliant-code.adoc;rule.adoc,/Users/brywoodruff/Projects/Vibe/rspec/rules/S3972/metadata.json
S3973,A conditionally executed single line should be denoted by indentation,CODE_SMELL,Critical,ready,All,tsql;java;php;csharp;javascript;cfamily,confusing;suspicious,MAINTAINABILITY:HIGH,Constant/Issue: 10min,Sonar way,rule.adoc,/Users/brywoodruff/Projects/Vibe/rspec/rules/S3973/metadata.json
S3981,Collection sizes and array length comparisons should make sense,BUG,Major,ready,All,go;python;java;vbnet;kotlin;php;swift;csharp;javascript,confusing,RELIABILITY:MEDIUM,Constant/Issue: 2min,Sonar way,rule.adoc,/Users/brywoodruff/Projects/Vibe/rspec/rules/S3981/metadata.json
S3984,Exceptions should not be created without being thrown,BUG,Major,ready,All,python;java;vbnet;php;csharp;javascript,error-handling,RELIABILITY:MEDIUM,Constant/Issue: 2min,Sonar way,rule.adoc,/Users/brywoodruff/Projects/Vibe/rspec/rules/S3984/metadata.json
S4023,Interfaces should not be empty,CODE_SMELL,Minor,ready,Main,csharp;javascript,,MAINTAINABILITY:LOW,Constant/Issue: 2min,,rule.adoc,/Users/brywoodruff/Projects/Vibe/rspec/rules/S4023/metadata.json
S4030,Collection contents should be used,CODE_SMELL,Major,ready,All,java;javascript,unused;suspicious,MAINTAINABILITY:MEDIUM,Constant/Issue: 2min,Sonar way,rule.adoc,/Users/brywoodruff/Projects/Vibe/rspec/rules/S4030/metadata.json
S4036,Searching OS commands in PATH is security-sensitive,SECURITY_HOTSPOT,Minor,ready,Main,go;python;java;vbnet;php;csharp;javascript,cwe,SECURITY:LOW,Constant/Issue: 15min,Sonar way,rule.adoc,/Users/brywoodruff/Projects/Vibe/rspec/rules/S4036/metadata.json
S4043,,,,,,javascript,,,Unknown,,rule.adoc,/Users/brywoodruff/Projects/Vibe/rspec/rules/S4043/metadata.json
S4084,,,,,,html;javascript,,,Unknown,,rule.adoc,/Users/brywoodruff/Projects/Vibe/rspec/rules/S4084/metadata.json
S4123,,CODE_SMELL,Critical,ready,Main,dart;javascript,confusing;type-dependent,MAINTAINABILITY:HIGH,Constant/Issue: 1min,Sonar way,rule.adoc,/Users/brywoodruff/Projects/Vibe/rspec/rules/S4123/metadata.json
S4124,,,,,,javascript,,,Unknown,,rule.adoc,/Users/brywoodruff/Projects/Vibe/rspec/rules/S4124/metadata.json
S4125,,,,,,javascript,,,Unknown,,rule.adoc,/Users/brywoodruff/Projects/Vibe/rspec/rules/S4125/metadata.json
S4136,Method overloads should be grouped together,CODE_SMELL,Minor,ready,All,vbnet;csharp;javascript;cfamily,convention,MAINTAINABILITY:LOW,Constant/Issue: 1min,,rule.adoc,/Users/brywoodruff/Projects/Vibe/rspec/rules/S4136/metadata.json
S4137,,,,,,javascript,,,Unknown,,rule.adoc,/Users/brywoodruff/Projects/Vibe/rspec/rules/S4137/metadata.json
S4138,,,,,,javascript,,,Unknown,,rule.adoc,/Users/brywoodruff/Projects/Vibe/rspec/rules/S4138/metadata.json
S4139,,,,,,javascript,,,Unknown,,rule.adoc,/Users/brywoodruff/Projects/Vibe/rspec/rules/S4139/metadata.json
S4140,,,,,,javascript,,,Unknown,,rule.adoc,/Users/brywoodruff/Projects/Vibe/rspec/rules/S4140/metadata.json
S4143,Map values should not be replaced unconditionally,BUG,Major,ready,All,go;python;java;vbnet;php;swift;csharp;javascript;cfamily,suspicious,RELIABILITY:MEDIUM,Constant/Issue: 5min,Sonar way,rule.adoc,/Users/brywoodruff/Projects/Vibe/rspec/rules/S4143/metadata.json
S4144,Methods should not have identical implementations,CODE_SMELL,Major,ready,All,apex;go;python;java;vbnet;kotlin;php;scala;swift;csharp;javascript;ruby;cfamily,confusing;duplicate;suspicious,MAINTAINABILITY:MEDIUM,Constant/Issue: 15min,Sonar way,rule.adoc,/Users/brywoodruff/Projects/Vibe/rspec/rules/S4144/metadata.json
S4156,,,,,,javascript,,,Unknown,,rule.adoc,/Users/brywoodruff/Projects/Vibe/rspec/rules/S4156/metadata.json
S4157,,,,,,javascript,,,Unknown,,rule.adoc,/Users/brywoodruff/Projects/Vibe/rspec/rules/S4157/metadata.json
S4158,Empty collections should not be accessed or iterated,BUG,Minor,ready,All,vbnet;csharp;javascript,,RELIABILITY:LOW,Constant/Issue: 15min,Sonar way,rule.adoc,/Users/brywoodruff/Projects/Vibe/rspec/rules/S4158/metadata.json
S4165,Assignments should not be redundant,CODE_SMELL,Major,ready,All,java;javascript,redundant,MAINTAINABILITY:MEDIUM,Constant/Issue: 5min,Sonar way,rule.adoc,/Users/brywoodruff/Projects/Vibe/rspec/rules/S4165/metadata.json
S4172,,,,,,javascript,,,Unknown,,rule.adoc,/Users/brywoodruff/Projects/Vibe/rspec/rules/S4172/metadata.json
S4204,,,,,,javascript,,,Unknown,,rule.adoc,/Users/brywoodruff/Projects/Vibe/rspec/rules/S4204/metadata.json
S4275,Getters and setters should access the expected fields,BUG,Critical,ready,All,rust;java;vbnet;csharp;javascript,pitfall,RELIABILITY:HIGH,Constant/Issue: 5min,Sonar way,rule.adoc,/Users/brywoodruff/Projects/Vibe/rspec/rules/S4275/metadata.json
S4322,,,,,,javascript,,,Unknown,,rule.adoc,/Users/brywoodruff/Projects/Vibe/rspec/rules/S4322/metadata.json
S4323,,,,,,javascript,,,Unknown,,rule.adoc,/Users/brywoodruff/Projects/Vibe/rspec/rules/S4323/metadata.json
S4324,,,,,,javascript,,,Unknown,,rule.adoc,/Users/brywoodruff/Projects/Vibe/rspec/rules/S4324/metadata.json
S4325,Redundant casts and non-null assertions should be avoided,CODE_SMELL,Minor,ready,Main,rust;javascript,redundant;type-dependent,MAINTAINABILITY:LOW,Constant/Issue: 1min,Sonar way,rule.adoc,/Users/brywoodruff/Projects/Vibe/rspec/rules/S4325/metadata.json
S4326,,,,,,javascript,,,Unknown,,rule.adoc,/Users/brywoodruff/Projects/Vibe/rspec/rules/S4326/metadata.json
S4327,,,,,,javascript,,,Unknown,,rule.adoc,/Users/brywoodruff/Projects/Vibe/rspec/rules/S4327/metadata.json
S4328,,,,,,javascript,,,Unknown,,rule.adoc,/Users/brywoodruff/Projects/Vibe/rspec/rules/S4328/metadata.json
S4335,,,,,,javascript,,,Unknown,,rule.adoc,/Users/brywoodruff/Projects/Vibe/rspec/rules/S4335/metadata.json
S4343,,,,,,javascript,,,Unknown,,rule.adoc,/Users/brywoodruff/Projects/Vibe/rspec/rules/S4343/metadata.json
S4412,,,,,,javascript,,,Unknown,,rule.adoc,/Users/brywoodruff/Projects/Vibe/rspec/rules/S4412/metadata.json
S4423,Weak SSL/TLS protocols should not be used,VULNERABILITY,Critical,ready,Main,terraform;docker;go;python;shell;azureresourcemanager;java;vbnet;kotlin;php;common;githubactions;swift;csharp;javascript;cloudformation;ruby;cfamily,cwe;privacy,SECURITY:HIGH,Constant/Issue: 2min,Sonar way,rule.adoc,/Users/brywoodruff/Projects/Vibe/rspec/rules/S4423/metadata.json
S4426,Cryptographic keys should be robust,VULNERABILITY,Critical,ready,Main,go;python;java;kotlin;php;common;swift;csharp;javascript;cfamily,cwe;privacy,SECURITY:HIGH,Constant/Issue: 2min,Sonar way,rule.adoc,/Users/brywoodruff/Projects/Vibe/rspec/rules/S4426/metadata.json
S4437,,,,,,javascript,,,Unknown,,rule.adoc,/Users/brywoodruff/Projects/Vibe/rspec/rules/S4437/metadata.json
S4438,,,,,,javascript,,,Unknown,,rule.adoc,/Users/brywoodruff/Projects/Vibe/rspec/rules/S4438/metadata.json
S4439,,,,,,javascript,,,Unknown,,rule.adoc,/Users/brywoodruff/Projects/Vibe/rspec/rules/S4439/metadata.json
S4441,,,,,,javascript,,,Unknown,,rule.adoc,/Users/brywoodruff/Projects/Vibe/rspec/rules/S4441/metadata.json
S4442,,,,,,javascript,,,Unknown,,rule.adoc,/Users/brywoodruff/Projects/Vibe/rspec/rules/S4442/metadata.json
S4443,,,,,,javascript,,,Unknown,,rule.adoc,/Users/brywoodruff/Projects/Vibe/rspec/rules/S4443/metadata.json
S4444,,,,,,javascript,,,Unknown,,rule.adoc,/Users/brywoodruff/Projects/Vibe/rspec/rules/S4444/metadata.json
S4445,,,,,,javascript,,,Unknown,,rule.adoc,/Users/brywoodruff/Projects/Vibe/rspec/rules/S4445/metadata.json
S4446,,,,,,javascript,,,Unknown,,rule.adoc,/Users/brywoodruff/Projects/Vibe/rspec/rules/S4446/metadata.json
S4447,,,,,,javascript,,,Unknown,,rule.adoc,/Users/brywoodruff/Projects/Vibe/rspec/rules/S4447/metadata.json
S4473,,,,,,javascript,,,Unknown,,rule.adoc,/Users/brywoodruff/Projects/Vibe/rspec/rules/S4473/metadata.json
S4502,Disabling CSRF protections is security-sensitive,SECURITY_HOTSPOT,Critical,ready,Main,python;java;php;csharp;javascript;ruby,cwe,SECURITY:HIGH,Constant/Issue: 5min,Sonar way,rule.adoc,/Users/brywoodruff/Projects/Vibe/rspec/rules/S4502/metadata.json
S4507,Delivering code in production with debug features activated is security-sensitive,SECURITY_HOTSPOT,Minor,ready,Main,docker;go;python;azureresourcemanager;rpg;java;vbnet;kotlin;php;xml;swift;csharp;javascript;cobol;flex,cwe;error-handling;debug;user-experience,SECURITY:LOW,Constant/Issue: 1min,Sonar way,rule.adoc,/Users/brywoodruff/Projects/Vibe/rspec/rules/S4507/metadata.json
S4524,"""default"" clauses should be first or last",CODE_SMELL,Critical,ready,All,java;abap;php;csharp;javascript;flex;cfamily,,MAINTAINABILITY:HIGH,Constant/Issue: 5min,Sonar way,rule.adoc,/Users/brywoodruff/Projects/Vibe/rspec/rules/S4524/metadata.json
S4529,Exposing HTTP endpoints is security-sensitive,SECURITY_HOTSPOT,Critical,deprecated,Main,python;java;vbnet;php;csharp;javascript,,,Constant/Issue: 15min,,rule.adoc,/Users/brywoodruff/Projects/Vibe/rspec/rules/S4529/metadata.json
S4619,,,,,,javascript,,,Unknown,,rule.adoc,/Users/brywoodruff/Projects/Vibe/rspec/rules/S4619/metadata.json
S4621,,,,,,javascript,,,Unknown,,rule.adoc,/Users/brywoodruff/Projects/Vibe/rspec/rules/S4621/metadata.json
S4622,,,,,,javascript,,,Unknown,,rule.adoc,/Users/brywoodruff/Projects/Vibe/rspec/rules/S4622/metadata.json
S4623,,,,,,javascript,,,Unknown,,rule.adoc,/Users/brywoodruff/Projects/Vibe/rspec/rules/S4623/metadata.json
S4624,,,,,,javascript,,,Unknown,,rule.adoc,/Users/brywoodruff/Projects/Vibe/rspec/rules/S4624/metadata.json
S4634,,,,,,javascript,,,Unknown,,rule.adoc,/Users/brywoodruff/Projects/Vibe/rspec/rules/S4634/metadata.json
S4721,Using shell interpreter when executing OS commands is security-sensitive,SECURITY_HOTSPOT,Major,ready,Main,python;java;vbnet;abap;php;csharp;javascript,cwe,SECURITY:MEDIUM,Constant/Issue: 30min,Sonar way,rule.adoc,/Users/brywoodruff/Projects/Vibe/rspec/rules/S4721/metadata.json
S4782,,,,,,javascript,,,Unknown,,rule.adoc,/Users/brywoodruff/Projects/Vibe/rspec/rules/S4782/metadata.json
S4784,Using regular expressions is security-sensitive,SECURITY_HOTSPOT,Critical,deprecated,Main,python;java;vbnet;php;csharp;javascript,,,Unknown,,rule.adoc,/Users/brywoodruff/Projects/Vibe/rspec/rules/S4784/metadata.json
S4787,Encrypting data is security-sensitive,SECURITY_HOTSPOT,Critical,deprecated,Main,python;java;vbnet;php;csharp;javascript,,SECURITY:HIGH,Unknown,,rule.adoc,/Users/brywoodruff/Projects/Vibe/rspec/rules/S4787/metadata.json
S4790,Using weak hashing algorithms is security-sensitive,SECURITY_HOTSPOT,Critical,ready,Main,docker;go;python;dart;shell;tsql;java;vbnet;abap;kotlin;php;githubactions;swift;csharp;plsql;javascript;cfamily,cwe,SECURITY:HIGH,Unknown,Sonar way,rule.adoc,/Users/brywoodruff/Projects/Vibe/rspec/rules/S4790/metadata.json
S4797,Handling files is security-sensitive,SECURITY_HOTSPOT,Critical,deprecated,Main,python;java;vbnet;php;csharp;javascript,,SECURITY:HIGH,Unknown,,rule.adoc,/Users/brywoodruff/Projects/Vibe/rspec/rules/S4797/metadata.json
S4798,,,,,,javascript,,,Unknown,,rule.adoc,/Users/brywoodruff/Projects/Vibe/rspec/rules/S4798/metadata.json
S4817,Executing XPath expressions is security-sensitive,SECURITY_HOTSPOT,Critical,deprecated,Main,python;java;vbnet;php;csharp;javascript,,,Unknown,,rule.adoc,/Users/brywoodruff/Projects/Vibe/rspec/rules/S4817/metadata.json
S4818,Using Sockets is security-sensitive,SECURITY_HOTSPOT,Critical,deprecated,Main,python;java;vbnet;php;csharp;javascript,,,Unknown,,rule.adoc,/Users/brywoodruff/Projects/Vibe/rspec/rules/S4818/metadata.json
S4822,,,,,,javascript,,,Unknown,,rule.adoc,/Users/brywoodruff/Projects/Vibe/rspec/rules/S4822/metadata.json
S4823,Using command line arguments is security-sensitive,SECURITY_HOTSPOT,Critical,deprecated,Main,python;java;vbnet;php;csharp;javascript,,,Unknown,,rule.adoc,/Users/brywoodruff/Projects/Vibe/rspec/rules/S4823/metadata.json
S4825,Sending HTTP requests is security-sensitive,SECURITY_HOTSPOT,Critical,deprecated,Main,python;java;vbnet;php;csharp;javascript,,,Unknown,,rule.adoc,/Users/brywoodruff/Projects/Vibe/rspec/rules/S4825/metadata.json
S4829,Reading the Standard Input is security-sensitive,SECURITY_HOTSPOT,Critical,deprecated,Main,python;java;vbnet;php;csharp;javascript,,,Unknown,,rule.adoc,/Users/brywoodruff/Projects/Vibe/rspec/rules/S4829/metadata.json
S4830,Server certificates should be verified during SSL/TLS connections,VULNERABILITY,Critical,ready,Main,docker;go;python;dart;shell;java;vbnet;kotlin;php;ansible;common;githubactions;swift;csharp;javascript;ruby;cfamily,cwe;privacy;ssl,SECURITY:HIGH,Constant/Issue: 5min,Sonar way,highlighting.adoc;rule.adoc,/Users/brywoodruff/Projects/Vibe/rspec/rules/S4830/metadata.json
S5042,Expanding archive files without controlling resource consumption is security-sensitive,SECURITY_HOTSPOT,Critical,ready,Main,python;java;vbnet;php;csharp;javascript;cfamily,cwe,SECURITY:HIGH,Constant/Issue: 10min,Sonar way,rule.adoc,/Users/brywoodruff/Projects/Vibe/rspec/rules/S5042/metadata.json
S5122,Having a permissive Cross-Origin Resource Sharing policy is security-sensitive,SECURITY_HOTSPOT,Minor,ready,Main,python;java;vbnet;php;xml;csharp;javascript,cwe,SECURITY:LOW,Unknown,Sonar way,rule.adoc,/Users/brywoodruff/Projects/Vibe/rspec/rules/S5122/metadata.json
S5131,Endpoints should not be vulnerable to reflected cross-site scripting (XSS) attacks,VULNERABILITY,Blocker,ready,Main,python;java;vbnet;kotlin;php;common;csharp;javascript,cwe,SECURITY:BLOCKER,Constant/Issue: 30min,Sonar way,rule.adoc,/Users/brywoodruff/Projects/Vibe/rspec/rules/S5131/metadata.json
S5144,Server-side requests should not be vulnerable to forging attacks,VULNERABILITY,Major,ready,Main,go;python;java;vbnet;kotlin;php;common;csharp;javascript,cwe,SECURITY:MEDIUM,Constant/Issue: 30min,Sonar way,rule.adoc,/Users/brywoodruff/Projects/Vibe/rspec/rules/S5144/metadata.json
S5146,HTTP request redirections should not be open to forging attacks,VULNERABILITY,Blocker,ready,Main,go;python;java;vbnet;kotlin;php;common;csharp;javascript,cwe,SECURITY:BLOCKER,Constant/Issue: 30min,Sonar way,rule.adoc,/Users/brywoodruff/Projects/Vibe/rspec/rules/S5146/metadata.json
S5147,NoSQL operations should not be vulnerable to injection attacks,VULNERABILITY,Blocker,ready,Main,python;java;vbnet;kotlin;common;csharp;javascript,cwe,SECURITY:BLOCKER,Constant/Issue: 30min,Sonar way,rule.adoc,/Users/brywoodruff/Projects/Vibe/rspec/rules/S5147/metadata.json
S5148,Authorizing an opened window to access back to the originating window is security-sensitive,SECURITY_HOTSPOT,Minor,ready,All,html;javascript,cwe;phishing,SECURITY:LOW,Constant/Issue: 1min,Sonar way,rule.adoc,/Users/brywoodruff/Projects/Vibe/rspec/rules/S5148/metadata.json
S5247,Disabling auto-escaping in template engines is security-sensitive,SECURITY_HOTSPOT,Major,ready,Main,python;java;html;php;xml;javascript,cwe,SECURITY:MEDIUM,Constant/Issue: 5min,Sonar way,rule.adoc,/Users/brywoodruff/Projects/Vibe/rspec/rules/S5247/metadata.json
S5254,,,,,,html;javascript,,,Unknown,,rule.adoc,/Users/brywoodruff/Projects/Vibe/rspec/rules/S5254/metadata.json
S5256,Tables should have headers,BUG,Major,ready,Main,html;javascript,accessibility;wcag2-a,RELIABILITY:MEDIUM,Constant/Issue: 2min,Sonar way,rule.adoc,/Users/brywoodruff/Projects/Vibe/rspec/rules/S5256/metadata.json
S5257,"HTML ""<table>"" should not be used for layout purposes",CODE_SMELL,Major,ready,All,html;javascript,accessibility,MAINTAINABILITY:MEDIUM,Constant/Issue: 30min,Sonar way,rule.adoc,/Users/brywoodruff/Projects/Vibe/rspec/rules/S5257/metadata.json
S5260,Table cells should reference their headers,BUG,Critical,ready,All,html;javascript,accessibility;wcag2-a,RELIABILITY:HIGH,Constant/Issue: 5min,Sonar way,rule.adoc,/Users/brywoodruff/Projects/Vibe/rspec/rules/S5260/metadata.json
S5264,"""<object>"" tags should provide an alternative content",CODE_SMELL,Minor,ready,All,html;javascript,accessibility;wcag2-a,MAINTAINABILITY:LOW,Constant/Issue: 2min,Sonar way,rule.adoc,/Users/brywoodruff/Projects/Vibe/rspec/rules/S5264/metadata.json
S5332,Using clear-text protocols is security-sensitive,SECURITY_HOTSPOT,Critical,ready,Main,terraform;docker;apex;go;python;dart;shell;azureresourcemanager;java;vbnet;kotlin;php;xml;ansible;common;githubactions;swift;csharp;javascript;kubernetes;cloudformation;cfamily,cwe,SECURITY:HIGH,Unknown,Sonar way,rule.adoc,/Users/brywoodruff/Projects/Vibe/rspec/rules/S5332/metadata.json
S5334,Dynamic code execution should not be vulnerable to injection attacks,VULNERABILITY,Blocker,ready,Main,python;java;vbnet;kotlin;php;common;csharp;javascript,cwe,SECURITY:BLOCKER,Constant/Issue: 30min,Sonar way,rule.adoc,/Users/brywoodruff/Projects/Vibe/rspec/rules/S5334/metadata.json
S5443,Using publicly writable directories is security-sensitive,SECURITY_HOTSPOT,Critical,ready,Main,go;python;java;vbnet;csharp;javascript;cfamily,cwe,SECURITY:HIGH,Unknown,Sonar way,rule.adoc,/Users/brywoodruff/Projects/Vibe/rspec/rules/S5443/metadata.json
S5527,Server hostnames should be verified during SSL/TLS connections,VULNERABILITY,Critical,ready,Main,go;python;java;kotlin;php;common;javascript;ruby;cfamily,cwe;privacy;ssl,SECURITY:HIGH,Constant/Issue: 5min,Sonar way,rule.adoc,/Users/brywoodruff/Projects/Vibe/rspec/rules/S5527/metadata.json
S5542,Encryption algorithms should be used with secure mode and padding scheme,VULNERABILITY,Critical,ready,Main,go;python;dart;java;vbnet;kotlin;php;common;swift;csharp;javascript;cfamily,cwe;privacy,SECURITY:HIGH,Constant/Issue: 20min,Sonar way,rule.adoc,/Users/brywoodruff/Projects/Vibe/rspec/rules/S5542/metadata.json
S5547,Cipher algorithms should be robust,VULNERABILITY,Critical,ready,Main,go;python;dart;java;vbnet;kotlin;php;common;swift;csharp;plsql;javascript;cfamily,cwe;privacy,SECURITY:HIGH,Constant/Issue: 15min,Sonar way,rule.adoc,/Users/brywoodruff/Projects/Vibe/rspec/rules/S5547/metadata.json
S5604,Using intrusive permissions is security-sensitive,SECURITY_HOTSPOT,Major,ready,All,xml;javascript,cwe;privacy,SECURITY:MEDIUM,Constant/Issue: 5min,Sonar way,rule.adoc,/Users/brywoodruff/Projects/Vibe/rspec/rules/S5604/metadata.json
S5659,JWT should be signed and verified with strong cipher algorithms,VULNERABILITY,Critical,ready,Main,go;python;java;vbnet;common;csharp;javascript,cwe;privacy,SECURITY:HIGH,Constant/Issue: 30min,Sonar way,rule.adoc,/Users/brywoodruff/Projects/Vibe/rspec/rules/S5659/metadata.json
S5689,Disclosing fingerprints from web application technologies is security-sensitive,SECURITY_HOTSPOT,Minor,ready,All,java;javascript,cwe,SECURITY:LOW,Constant/Issue: 5min,Sonar way,rule.adoc,/Users/brywoodruff/Projects/Vibe/rspec/rules/S5689/metadata.json
S5691,Statically serving hidden files is security-sensitive,SECURITY_HOTSPOT,Major,ready,All,javascript,cwe,SECURITY:MEDIUM,Constant/Issue: 5min,Sonar way,rule.adoc,/Users/brywoodruff/Projects/Vibe/rspec/rules/S5691/metadata.json
S5693,Allowing requests with excessive content length is security-sensitive,SECURITY_HOTSPOT,Major,ready,All,java;vbnet;php;csharp;javascript,cwe,SECURITY:MEDIUM,Constant/Issue: 5min,Sonar way,rule.adoc,/Users/brywoodruff/Projects/Vibe/rspec/rules/S5693/metadata.json
S5696,DOM updates should not lead to cross-site scripting (XSS) attacks,VULNERABILITY,Blocker,ready,Tests,common;javascript,cwe,SECURITY:BLOCKER,Constant/Issue: 30min,Sonar way,rule.adoc,/Users/brywoodruff/Projects/Vibe/rspec/rules/S5696/metadata.json
S5725,Using remote artifacts without integrity checks is security-sensitive,SECURITY_HOTSPOT,Minor,ready,All,html;javascript,cwe,SECURITY:LOW,Constant/Issue: 5min,Sonar way,rule.adoc,/Users/brywoodruff/Projects/Vibe/rspec/rules/S5725/metadata.json
S5728,Disabling content security policy fetch directives is security-sensitive,SECURITY_HOTSPOT,Minor,ready,Main,java;javascript,,SECURITY:LOW,Constant/Issue: 60min,Sonar way,rule.adoc,/Users/brywoodruff/Projects/Vibe/rspec/rules/S5728/metadata.json
S5730,Allowing mixed-content is security-sensitive,SECURITY_HOTSPOT,Minor,ready,Main,javascript,,SECURITY:LOW,Constant/Issue: 60min,Sonar way,rule.adoc,/Users/brywoodruff/Projects/Vibe/rspec/rules/S5730/metadata.json
S5732,Disabling content security policy frame-ancestors directive is security-sensitive,SECURITY_HOTSPOT,Minor,ready,Main,javascript,cwe,SECURITY:LOW,Constant/Issue: 60min,Sonar way,rule.adoc,/Users/brywoodruff/Projects/Vibe/rspec/rules/S5732/metadata.json
S5734,Allowing browsers to sniff MIME types is security-sensitive,SECURITY_HOTSPOT,Minor,ready,Main,xml;javascript,,SECURITY:LOW,Constant/Issue: 5min,Sonar way,rule.adoc,/Users/brywoodruff/Projects/Vibe/rspec/rules/S5734/metadata.json
S5736,Disabling strict HTTP no-referrer policy is security-sensitive,SECURITY_HOTSPOT,Minor,ready,Main,javascript,cwe,SECURITY:LOW,Constant/Issue: 5min,Sonar way,rule.adoc,/Users/brywoodruff/Projects/Vibe/rspec/rules/S5736/metadata.json
S5739,Disabling Strict-Transport-Security policy is security-sensitive,SECURITY_HOTSPOT,Minor,ready,Main,javascript,cwe,SECURITY:LOW,Constant/Issue: 30min,Sonar way,rule.adoc,/Users/brywoodruff/Projects/Vibe/rspec/rules/S5739/metadata.json
S5742,Disabling Certificate Transparency monitoring is security-sensitive,SECURITY_HOTSPOT,Minor,deprecated,Main,javascript,,SECURITY:LOW,Constant/Issue: 30min,,rule.adoc,/Users/brywoodruff/Projects/Vibe/rspec/rules/S5742/metadata.json
S5743,Allowing browsers to perform DNS prefetching is security-sensitive,SECURITY_HOTSPOT,Minor,deprecated,Main,javascript,,SECURITY:LOW,Constant/Issue: 10min,,rule.adoc,/Users/brywoodruff/Projects/Vibe/rspec/rules/S5743/metadata.json
S5750,Allowing HTTP responses caching is security-sensitive,SECURITY_HOTSPOT,Minor,closed,Main,javascript,cwe;privacy,SECURITY:LOW,Constant/Issue: 10min,,rule.adoc,/Users/brywoodruff/Projects/Vibe/rspec/rules/S5750/metadata.json
S5757,Allowing confidential information to be logged is security-sensitive,SECURITY_HOTSPOT,Minor,ready,Main,javascript,cwe;privacy,SECURITY:LOW,Constant/Issue: 60min,Sonar way,rule.adoc,/Users/brywoodruff/Projects/Vibe/rspec/rules/S5757/metadata.json
S5759,Forwarding client IP address is security-sensitive,SECURITY_HOTSPOT,Minor,ready,Main,javascript,privacy,SECURITY:LOW,Constant/Issue: 5min,Sonar way,rule.adoc,/Users/brywoodruff/Projects/Vibe/rspec/rules/S5759/metadata.json
S5842,Repeated patterns in regular expressions should not match the empty string,BUG,Minor,ready,All,python;java;kotlin;php;javascript,regex,RELIABILITY:LOW,Constant/Issue: 5min,Sonar way,rule.adoc,/Users/brywoodruff/Projects/Vibe/rspec/rules/S5842/metadata.json
S5843,Regular expressions should not be too complicated,CODE_SMELL,Major,ready,All,python;java;kotlin;php;javascript,regex,MAINTAINABILITY:MEDIUM,Linear with offset,Sonar way,rule.adoc,/Users/brywoodruff/Projects/Vibe/rspec/rules/S5843/metadata.json
S5845,Assertions comparing incompatible types should not be made,BUG,Critical,ready,Tests,python;java;javascript,tests,RELIABILITY:HIGH,Constant/Issue: 5min,Sonar way,rule.adoc,/Users/brywoodruff/Projects/Vibe/rspec/rules/S5845/metadata.json
S5850,Alternatives in regular expressions should be grouped when used with anchors,BUG,Major,ready,All,python;java;kotlin;php;javascript,regex,RELIABILITY:MEDIUM,Constant/Issue: 10min,Sonar way,rule.adoc,/Users/brywoodruff/Projects/Vibe/rspec/rules/S5850/metadata.json
S5852,Using slow regular expressions is security-sensitive,SECURITY_HOTSPOT,Critical,ready,All,python;java;javascript,cwe;regex,SECURITY:HIGH,Constant/Issue: 30min,Sonar way,rule.adoc,/Users/brywoodruff/Projects/Vibe/rspec/rules/S5852/metadata.json
S5856,Regular expressions should be syntactically valid,BUG,Critical,ready,All,python;dart;rust;java;vbnet;kotlin;php;csharp;javascript,regex,RELIABILITY:HIGH,Constant/Issue: 15min,Sonar way,rule.adoc,/Users/brywoodruff/Projects/Vibe/rspec/rules/S5856/metadata.json
S5860,Names of regular expressions named groups should be used,CODE_SMELL,Major,ready,All,python;java;javascript,regex,MAINTAINABILITY:MEDIUM,Constant/Issue: 10min,Sonar way,rule.adoc,/Users/brywoodruff/Projects/Vibe/rspec/rules/S5860/metadata.json
S5863,Assertions should not be given twice the same argument,BUG,Major,ready,Tests,java;php;javascript,tests,RELIABILITY:MEDIUM,Constant/Issue: 5min,Sonar way,rule.adoc,/Users/brywoodruff/Projects/Vibe/rspec/rules/S5863/metadata.json
S5867,Unicode-aware versions of character classes should be preferred,CODE_SMELL,Minor,ready,All,java;kotlin;php;javascript,regex,MAINTAINABILITY:LOW,Constant/Issue: 5min,,rule.adoc,/Users/brywoodruff/Projects/Vibe/rspec/rules/S5867/metadata.json
S5868,Unicode Grapheme Clusters should be avoided inside regex character classes,BUG,Major,ready,All,python;java;kotlin;php;javascript,regex,RELIABILITY:MEDIUM,Constant/Issue: 5min,Sonar way,rule.adoc,/Users/brywoodruff/Projects/Vibe/rspec/rules/S5868/metadata.json
S5869,Character classes in regular expressions should not contain the same character twice,CODE_SMELL,Major,ready,All,python;java;kotlin;php;javascript,regex,MAINTAINABILITY:MEDIUM,Constant/Issue: 5min,Sonar way,rule.adoc,/Users/brywoodruff/Projects/Vibe/rspec/rules/S5869/metadata.json
S5876,A new session should be created during user authentication,VULNERABILITY,Critical,ready,Main,java;php;common;javascript,cwe,SECURITY:HIGH,Constant/Issue: 5min,Sonar way,rule.adoc,/Users/brywoodruff/Projects/Vibe/rspec/rules/S5876/metadata.json
S5883,OS commands should not be vulnerable to argument injection attacks,VULNERABILITY,Minor,ready,Main,java;vbnet;kotlin;php;common;csharp;javascript,cwe,SECURITY:LOW,Constant/Issue: 30min,Sonar way,rule.adoc,/Users/brywoodruff/Projects/Vibe/rspec/rules/S5883/metadata.json
S5958,Tests should check which exception is thrown,CODE_SMELL,Major,ready,Tests,java;javascript,tests,MAINTAINABILITY:MEDIUM,Constant/Issue: 5min,Sonar way,rule.adoc,/Users/brywoodruff/Projects/Vibe/rspec/rules/S5958/metadata.json
S5973,Tests should be stable,CODE_SMELL,Major,ready,Tests,java;common;javascript,tests;design;unpredictable,MAINTAINABILITY:MEDIUM;RELIABILITY:MEDIUM,Constant/Issue: 20min,Sonar way,rule.adoc,/Users/brywoodruff/Projects/Vibe/rspec/rules/S5973/metadata.json
S6019,Reluctant quantifiers in regular expressions should be followed by an expression that can't match the empty string,CODE_SMELL,Major,ready,All,python;java;php;javascript,regex,MAINTAINABILITY:MEDIUM,Constant/Issue: 10min,Sonar way,rule.adoc,/Users/brywoodruff/Projects/Vibe/rspec/rules/S6019/metadata.json
S6035,Single-character alternations in regular expressions should be replaced with character classes,CODE_SMELL,Major,ready,All,python;java;php;javascript,regex,MAINTAINABILITY:MEDIUM,Constant/Issue: 5min,Sonar way,rule.adoc,/Users/brywoodruff/Projects/Vibe/rspec/rules/S6035/metadata.json
S6079,,,,,,javascript,,,Unknown,,rule.adoc,/Users/brywoodruff/Projects/Vibe/rspec/rules/S6079/metadata.json
S6080,,,,,,javascript,,,Unknown,,rule.adoc,/Users/brywoodruff/Projects/Vibe/rspec/rules/S6080/metadata.json
S6092,,,,,,javascript,,,Unknown,,rule.adoc,/Users/brywoodruff/Projects/Vibe/rspec/rules/S6092/metadata.json
S6096,Extracting archives should not lead to zip slip vulnerabilities,VULNERABILITY,Blocker,ready,Main,go;java;vbnet;kotlin;common;csharp;javascript,cwe,SECURITY:BLOCKER,Constant/Issue: 30min,Sonar way,rule.adoc,/Users/brywoodruff/Projects/Vibe/rspec/rules/S6096/metadata.json
S6105,DOM updates should not lead to open redirect vulnerabilities,VULNERABILITY,Blocker,ready,Main,common;javascript,cwe,SECURITY:BLOCKER,Constant/Issue: 30min,Sonar way,rule.adoc,/Users/brywoodruff/Projects/Vibe/rspec/rules/S6105/metadata.json
S6108,,,,,,javascript,,,Unknown,,rule.adoc,/Users/brywoodruff/Projects/Vibe/rspec/rules/S6108/metadata.json
S6109,,,,,,javascript,,,Unknown,,rule.adoc,/Users/brywoodruff/Projects/Vibe/rspec/rules/S6109/metadata.json
S6245,Disabling server-side encryption of S3 buckets is security-sensitive,SECURITY_HOTSPOT,Minor,deprecated,Main,terraform;python;javascript;cloudformation,,SECURITY:LOW,Unknown,,rule.adoc,/Users/brywoodruff/Projects/Vibe/rspec/rules/S6245/metadata.json
S6249,Authorizing HTTP communications with S3 buckets is security-sensitive,SECURITY_HOTSPOT,Critical,ready,Main,terraform;python;javascript;cloudformation,aws;cwe,SECURITY:HIGH,Constant/Issue: 10min,Sonar way,rule.adoc,/Users/brywoodruff/Projects/Vibe/rspec/rules/S6249/metadata.json
S6252,Disabling versioning of S3 buckets is security-sensitive,SECURITY_HOTSPOT,Minor,ready,Main,terraform;python;javascript;cloudformation,aws,SECURITY:LOW,Constant/Issue: 5min,Sonar way,rule.adoc,/Users/brywoodruff/Projects/Vibe/rspec/rules/S6252/metadata.json
S6265,Granting access to S3 buckets to all or authenticated users is security-sensitive,SECURITY_HOTSPOT,Blocker,ready,Main,terraform;python;javascript;cloudformation,aws;cwe,SECURITY:BLOCKER,Constant/Issue: 5min,Sonar way,rule.adoc,/Users/brywoodruff/Projects/Vibe/rspec/rules/S6265/metadata.json
S6268,,,,,,javascript,,,Unknown,,rule.adoc,/Users/brywoodruff/Projects/Vibe/rspec/rules/S6268/metadata.json
S6270,Policies authorizing public access to resources are security-sensitive,SECURITY_HOTSPOT,Blocker,ready,Main,terraform;python;javascript;cloudformation,aws;cwe,SECURITY:BLOCKER,Constant/Issue: 5min,Sonar way,rule.adoc,/Users/brywoodruff/Projects/Vibe/rspec/rules/S6270/metadata.json
S6275,Using unencrypted EBS volumes is security-sensitive,SECURITY_HOTSPOT,Major,ready,All,terraform;python;javascript;cloudformation,aws;cwe,SECURITY:MEDIUM,Unknown,Sonar way,rule.adoc,/Users/brywoodruff/Projects/Vibe/rspec/rules/S6275/metadata.json
S6281,Allowing public ACLs or policies on a S3 bucket is security-sensitive,SECURITY_HOTSPOT,Critical,ready,Main,terraform;python;javascript;cloudformation,aws;cwe,SECURITY:HIGH,Constant/Issue: 5min,Sonar way,rule.adoc,/Users/brywoodruff/Projects/Vibe/rspec/rules/S6281/metadata.json
S6287,Applications should not create session cookies from untrusted input,VULNERABILITY,Major,ready,Main,python;java;vbnet;kotlin;php;common;csharp;javascript,cwe,SECURITY:MEDIUM,Constant/Issue: 30min,Sonar way,rule.adoc,/Users/brywoodruff/Projects/Vibe/rspec/rules/S6287/metadata.json
S6299,,,,,,javascript,,,Unknown,,rule.adoc,/Users/brywoodruff/Projects/Vibe/rspec/rules/S6299/metadata.json
S6302,Policies granting all privileges are security-sensitive,SECURITY_HOTSPOT,Blocker,ready,Main,terraform;python;javascript;cloudformation,cwe;aws,SECURITY:BLOCKER,Constant/Issue: 5min,Sonar way,rule.adoc,/Users/brywoodruff/Projects/Vibe/rspec/rules/S6302/metadata.json
S6303,Using unencrypted RDS DB resources is security-sensitive,SECURITY_HOTSPOT,Major,ready,All,terraform;python;javascript;cloudformation,aws;cwe,SECURITY:MEDIUM,Constant/Issue: 10min,Sonar way,rule.adoc,/Users/brywoodruff/Projects/Vibe/rspec/rules/S6303/metadata.json
S6304,Policies granting access to all resources of an account are security-sensitive,SECURITY_HOTSPOT,Blocker,ready,Main,terraform;python;javascript;cloudformation,aws;cwe,SECURITY:BLOCKER,Constant/Issue: 5min,Sonar way,rule.adoc,/Users/brywoodruff/Projects/Vibe/rspec/rules/S6304/metadata.json
S6308,Using unencrypted Opensearch domains is security-sensitive,SECURITY_HOTSPOT,Major,ready,All,terraform;python;javascript;cloudformation,aws;cwe,SECURITY:MEDIUM,Constant/Issue: 10min,Sonar way,rule.adoc,/Users/brywoodruff/Projects/Vibe/rspec/rules/S6308/metadata.json
S6317,AWS IAM policies should limit the scope of permissions given,VULNERABILITY,Critical,ready,All,terraform;python;common;javascript;cloudformation,cwe;aws,SECURITY:HIGH,Constant/Issue: 60min,Sonar way,rule.adoc,/Users/brywoodruff/Projects/Vibe/rspec/rules/S6317/metadata.json
S6319,Using unencrypted SageMaker notebook instances is security-sensitive,SECURITY_HOTSPOT,Major,ready,All,terraform;python;javascript;cloudformation,aws;cwe,SECURITY:MEDIUM,Constant/Issue: 10min,Sonar way,rule.adoc,/Users/brywoodruff/Projects/Vibe/rspec/rules/S6319/metadata.json
S6321,Administration services access should be restricted to specific IP addresses,VULNERABILITY,Minor,ready,Main,terraform;python;azureresourcemanager;ansible;common;javascript;cloudformation,cwe;aws,SECURITY:LOW,Constant/Issue: 5min,Sonar way,rule.adoc,/Users/brywoodruff/Projects/Vibe/rspec/rules/S6321/metadata.json
S6323,Alternation in regular expressions should not contain empty alternatives,BUG,Major,ready,Main,python;php;javascript,regex,RELIABILITY:MEDIUM,Constant/Issue: 5min,Sonar way,rule.adoc,/Users/brywoodruff/Projects/Vibe/rspec/rules/S6323/metadata.json
S6324,,,,,,javascript,,,Unknown,,rule.adoc,/Users/brywoodruff/Projects/Vibe/rspec/rules/S6324/metadata.json
S6325,,,,,,javascript,,,Unknown,,rule.adoc,/Users/brywoodruff/Projects/Vibe/rspec/rules/S6325/metadata.json
S6326,Regular expressions should not contain multiple spaces,CODE_SMELL,Major,ready,Main,python;java;php;javascript,regex,MAINTAINABILITY:MEDIUM,Constant/Issue: 5min,Sonar way,rule.adoc,/Users/brywoodruff/Projects/Vibe/rspec/rules/S6326/metadata.json
S6327,Using unencrypted SNS topics is security-sensitive,SECURITY_HOTSPOT,Major,ready,All,terraform;python;javascript;cloudformation,aws;cwe,SECURITY:MEDIUM,Constant/Issue: 45min,Sonar way,rule.adoc,/Users/brywoodruff/Projects/Vibe/rspec/rules/S6327/metadata.json
S6328,Replacement strings should reference existing regular expression groups,BUG,Major,ready,Main,python;php;javascript,regex,RELIABILITY:MEDIUM,Constant/Issue: 10min,Sonar way,rule.adoc,/Users/brywoodruff/Projects/Vibe/rspec/rules/S6328/metadata.json
S6329,Allowing public network access to cloud resources is security-sensitive,SECURITY_HOTSPOT,Blocker,ready,Main,terraform;python;azureresourcemanager;javascript;cloudformation,cwe;aws,SECURITY:BLOCKER,Constant/Issue: 5min,Sonar way,rule.adoc,/Users/brywoodruff/Projects/Vibe/rspec/rules/S6329/metadata.json
S6330,Using unencrypted SQS queues is security-sensitive,SECURITY_HOTSPOT,Major,ready,All,terraform;python;javascript;cloudformation,aws;cwe,SECURITY:MEDIUM,Constant/Issue: 10min,Sonar way,rule.adoc,/Users/brywoodruff/Projects/Vibe/rspec/rules/S6330/metadata.json
S6331,Regular expressions should not contain empty groups,CODE_SMELL,Major,ready,Main,python;java;php;javascript,regex,MAINTAINABILITY:MEDIUM,Constant/Issue: 5min,Sonar way,rule.adoc,/Users/brywoodruff/Projects/Vibe/rspec/rules/S6331/metadata.json
S6332,Using unencrypted EFS file systems is security-sensitive,SECURITY_HOTSPOT,Major,ready,All,terraform;python;javascript;cloudformation,aws;cwe,SECURITY:MEDIUM,Constant/Issue: 10min,Sonar way,rule.adoc,/Users/brywoodruff/Projects/Vibe/rspec/rules/S6332/metadata.json
S6333,Creating public APIs is security-sensitive,SECURITY_HOTSPOT,Blocker,ready,Main,terraform;python;javascript;cloudformation,aws;cwe,SECURITY:BLOCKER,Constant/Issue: 15min,Sonar way,rule.adoc,/Users/brywoodruff/Projects/Vibe/rspec/rules/S6333/metadata.json
S6350,Constructing arguments of system commands from user input is security-sensitive,SECURITY_HOTSPOT,Major,ready,Main,go;python;java;vbnet;kotlin;php;csharp;javascript,cwe,SECURITY:MEDIUM,Constant/Issue: 30min,Sonar way,rule.adoc,/Users/brywoodruff/Projects/Vibe/rspec/rules/S6350/metadata.json
S6351,,,,,,javascript,,,Unknown,,rule.adoc,/Users/brywoodruff/Projects/Vibe/rspec/rules/S6351/metadata.json
S6353,Regular expression quantifiers and character classes should be used concisely,CODE_SMELL,Minor,ready,Main,python;java;php;javascript,regex,MAINTAINABILITY:LOW,Constant/Issue: 5min,Sonar way,rule.adoc,/Users/brywoodruff/Projects/Vibe/rspec/rules/S6353/metadata.json
S6397,Character classes in regular expressions should not contain only one character,CODE_SMELL,Major,ready,All,python;java;php;javascript,regex,MAINTAINABILITY:MEDIUM,Constant/Issue: 5min,Sonar way,rule.adoc,/Users/brywoodruff/Projects/Vibe/rspec/rules/S6397/metadata.json
S6418,Hard-coded secrets are security-sensitive,SECURITY_HOTSPOT,Blocker,ready,Main,go;python;secrets;java;vbnet;kotlin;php;json;swift;yaml;csharp;javascript;kubernetes;cfamily,cwe,SECURITY:BLOCKER,Constant/Issue: 30min,Sonar way,rule.adoc,/Users/brywoodruff/Projects/Vibe/rspec/rules/S6418/metadata.json
S6426,,,,,,javascript,,,Unknown,,rule.adoc,/Users/brywoodruff/Projects/Vibe/rspec/rules/S6426/metadata.json
S6435,,,,,,javascript,,,Unknown,,rule.adoc,/Users/brywoodruff/Projects/Vibe/rspec/rules/S6435/metadata.json
S6437,Credentials should not be hard-coded,VULNERABILITY,Blocker,ready,Main,docker;go;python;azureresourcemanager;java;php;ansible;common;javascript,cwe,SECURITY:BLOCKER,Constant/Issue: 60min,Sonar way,rule.adoc,/Users/brywoodruff/Projects/Vibe/rspec/rules/S6437/metadata.json
S6438,,,,,,javascript,,,Unknown,,rule.adoc,/Users/brywoodruff/Projects/Vibe/rspec/rules/S6438/metadata.json
S6439,,,,,,javascript,,,Unknown,,rule.adoc,/Users/brywoodruff/Projects/Vibe/rspec/rules/S6439/metadata.json
S6440,,,,,,javascript,,,Unknown,,rule.adoc,/Users/brywoodruff/Projects/Vibe/rspec/rules/S6440/metadata.json
S6441,,,,,,javascript,,,Unknown,,rule.adoc,/Users/brywoodruff/Projects/Vibe/rspec/rules/S6441/metadata.json
S6442,,,,,,javascript,,,Unknown,,rule.adoc,/Users/brywoodruff/Projects/Vibe/rspec/rules/S6442/metadata.json
S6443,,,,,,javascript,,,Unknown,,rule.adoc,/Users/brywoodruff/Projects/Vibe/rspec/rules/S6443/metadata.json
S6477,,,,,,javascript,,,Unknown,,rule.adoc,/Users/brywoodruff/Projects/Vibe/rspec/rules/S6477/metadata.json
S6478,,,,,,javascript,,,Unknown,,rule.adoc,/Users/brywoodruff/Projects/Vibe/rspec/rules/S6478/metadata.json
S6479,,,,,,javascript,,,Unknown,,rule.adoc,/Users/brywoodruff/Projects/Vibe/rspec/rules/S6479/metadata.json
S6480,,,,,,javascript,,,Unknown,,rule.adoc,/Users/brywoodruff/Projects/Vibe/rspec/rules/S6480/metadata.json
S6481,,,,,,javascript,,,Unknown,,rule.adoc,/Users/brywoodruff/Projects/Vibe/rspec/rules/S6481/metadata.json
S6486,,,,,,javascript,,,Unknown,,rule.adoc,/Users/brywoodruff/Projects/Vibe/rspec/rules/S6486/metadata.json
S6509,,,,,,javascript,,,Unknown,,rule.adoc,/Users/brywoodruff/Projects/Vibe/rspec/rules/S6509/metadata.json
S6522,,,,,,javascript,,,Unknown,,rule.adoc,/Users/brywoodruff/Projects/Vibe/rspec/rules/S6522/metadata.json
S6523,,,,,,javascript,,,Unknown,,rule.adoc,/Users/brywoodruff/Projects/Vibe/rspec/rules/S6523/metadata.json
S6534,,,,,,javascript,,,Unknown,,rule.adoc,/Users/brywoodruff/Projects/Vibe/rspec/rules/S6534/metadata.json
S6535,Unnecessary character escapes should be removed,CODE_SMELL,Major,ready,All,dart;javascript,,MAINTAINABILITY:MEDIUM,Constant/Issue: 5min,Sonar way,rule.adoc,/Users/brywoodruff/Projects/Vibe/rspec/rules/S6535/metadata.json
S6544,,,,,,javascript,,,Unknown,,rule.adoc,/Users/brywoodruff/Projects/Vibe/rspec/rules/S6544/metadata.json
S6550,,,,,,javascript,,,Unknown,,rule.adoc,/Users/brywoodruff/Projects/Vibe/rspec/rules/S6550/metadata.json
S6551,,,,,,javascript,,,Unknown,,rule.adoc,/Users/brywoodruff/Projects/Vibe/rspec/rules/S6551/metadata.json
S6557,,,,,,javascript,,,Unknown,,rule.adoc,/Users/brywoodruff/Projects/Vibe/rspec/rules/S6557/metadata.json
S6564,,,,,,javascript,,,Unknown,,rule.adoc,/Users/brywoodruff/Projects/Vibe/rspec/rules/S6564/metadata.json
S6565,,,,,,javascript,,,Unknown,,rule.adoc,/Users/brywoodruff/Projects/Vibe/rspec/rules/S6565/metadata.json
S6568,,,,,,javascript,,,Unknown,,rule.adoc,/Users/brywoodruff/Projects/Vibe/rspec/rules/S6568/metadata.json
S6569,,,,,,javascript,,,Unknown,,rule.adoc,/Users/brywoodruff/Projects/Vibe/rspec/rules/S6569/metadata.json
S6571,,,,,,javascript,,,Unknown,,rule.adoc,/Users/brywoodruff/Projects/Vibe/rspec/rules/S6571/metadata.json
S6572,,,,,,javascript,,,Unknown,,rule.adoc,/Users/brywoodruff/Projects/Vibe/rspec/rules/S6572/metadata.json
S6578,,,,,,javascript,,,Unknown,,rule.adoc,/Users/brywoodruff/Projects/Vibe/rspec/rules/S6578/metadata.json
S6582,,CODE_SMELL,Major,ready,All,dart;javascript,,MAINTAINABILITY:MEDIUM,Constant/Issue: 5min,Sonar way,rule.adoc,/Users/brywoodruff/Projects/Vibe/rspec/rules/S6582/metadata.json
S6583,,,,,,javascript,,,Unknown,,rule.adoc,/Users/brywoodruff/Projects/Vibe/rspec/rules/S6583/metadata.json
S6590,,,,,,javascript,,,Unknown,,rule.adoc,/Users/brywoodruff/Projects/Vibe/rspec/rules/S6590/metadata.json
S6594,,,,,,javascript,,,Unknown,,rule.adoc,/Users/brywoodruff/Projects/Vibe/rspec/rules/S6594/metadata.json
S6598,,,,,,javascript,,,Unknown,,rule.adoc,/Users/brywoodruff/Projects/Vibe/rspec/rules/S6598/metadata.json
S6606,,CODE_SMELL,Minor,ready,All,dart;javascript,,MAINTAINABILITY:LOW,Constant/Issue: 5min,Sonar way,rule.adoc,/Users/brywoodruff/Projects/Vibe/rspec/rules/S6606/metadata.json
S6627,Users should not use internal APIs,CODE_SMELL,Major,ready,All,kotlin;common;javascript,gradle,MAINTAINABILITY:MEDIUM,Constant/Issue: 5min,Sonar way,rule.adoc,/Users/brywoodruff/Projects/Vibe/rspec/rules/S6627/metadata.json
S6635,,,,,,javascript,,,Unknown,,rule.adoc,/Users/brywoodruff/Projects/Vibe/rspec/rules/S6635/metadata.json
S6637,,,,,,javascript,,,Unknown,,rule.adoc,/Users/brywoodruff/Projects/Vibe/rspec/rules/S6637/metadata.json
S6638,,,,,,javascript,,,Unknown,,rule.adoc,/Users/brywoodruff/Projects/Vibe/rspec/rules/S6638/metadata.json
S6643,,,,,,javascript,,,Unknown,,rule.adoc,/Users/brywoodruff/Projects/Vibe/rspec/rules/S6643/metadata.json
S6644,,,,,,javascript,,,Unknown,,rule.adoc,/Users/brywoodruff/Projects/Vibe/rspec/rules/S6644/metadata.json
S6645,,,,,,javascript,,,Unknown,,rule.adoc,/Users/brywoodruff/Projects/Vibe/rspec/rules/S6645/metadata.json
S6647,,,,,,javascript,,,Unknown,,rule.adoc,/Users/brywoodruff/Projects/Vibe/rspec/rules/S6647/metadata.json
S6650,,,,,,javascript,,,Unknown,,rule.adoc,/Users/brywoodruff/Projects/Vibe/rspec/rules/S6650/metadata.json
S6653,,,,,,javascript,,,Unknown,,rule.adoc,/Users/brywoodruff/Projects/Vibe/rspec/rules/S6653/metadata.json
S6654,,,,,,javascript,,,Unknown,,rule.adoc,/Users/brywoodruff/Projects/Vibe/rspec/rules/S6654/metadata.json
S6657,,,,,,javascript,,,Unknown,,rule.adoc,/Users/brywoodruff/Projects/Vibe/rspec/rules/S6657/metadata.json
S6660,,,,,,python;javascript,,,Unknown,,rule.adoc,/Users/brywoodruff/Projects/Vibe/rspec/rules/S6660/metadata.json
S6661,,,,,,python;javascript,,,Unknown,,rule.adoc,/Users/brywoodruff/Projects/Vibe/rspec/rules/S6661/metadata.json
S6666,,,,,,javascript,,,Unknown,,rule.adoc,/Users/brywoodruff/Projects/Vibe/rspec/rules/S6666/metadata.json
S6671,,,,,,javascript,,,Unknown,,rule.adoc,/Users/brywoodruff/Projects/Vibe/rspec/rules/S6671/metadata.json
S6676,,,,,,javascript,,,Unknown,,rule.adoc,/Users/brywoodruff/Projects/Vibe/rspec/rules/S6676/metadata.json
S6679,,,,,,javascript,,,Unknown,,rule.adoc,/Users/brywoodruff/Projects/Vibe/rspec/rules/S6679/metadata.json
S6746,,,,,,javascript,,,Unknown,,rule.adoc,/Users/brywoodruff/Projects/Vibe/rspec/rules/S6746/metadata.json
S6747,,,,,,javascript,,,Unknown,,rule.adoc,/Users/brywoodruff/Projects/Vibe/rspec/rules/S6747/metadata.json
S6748,,,,,,javascript,,,Unknown,,rule.adoc,/Users/brywoodruff/Projects/Vibe/rspec/rules/S6748/metadata.json
S6749,,,,,,javascript,,,Unknown,,rule.adoc,/Users/brywoodruff/Projects/Vibe/rspec/rules/S6749/metadata.json
S6750,,,,,,javascript,,,Unknown,,rule.adoc,/Users/brywoodruff/Projects/Vibe/rspec/rules/S6750/metadata.json
S6754,,,,,,javascript,,,Unknown,,rule.adoc,/Users/brywoodruff/Projects/Vibe/rspec/rules/S6754/metadata.json
S6756,,,,,,javascript,,,Unknown,,rule.adoc,/Users/brywoodruff/Projects/Vibe/rspec/rules/S6756/metadata.json
S6757,,,,,,javascript,,,Unknown,,rule.adoc,/Users/brywoodruff/Projects/Vibe/rspec/rules/S6757/metadata.json
S6759,,,,,,javascript,,,Unknown,,rule.adoc,/Users/brywoodruff/Projects/Vibe/rspec/rules/S6759/metadata.json
S6761,,,,,,javascript,,,Unknown,,rule.adoc,/Users/brywoodruff/Projects/Vibe/rspec/rules/S6761/metadata.json
S6763,,,,,,javascript,,,Unknown,,rule.adoc,/Users/brywoodruff/Projects/Vibe/rspec/rules/S6763/metadata.json
S6766,,,,,,javascript,,,Unknown,,rule.adoc,/Users/brywoodruff/Projects/Vibe/rspec/rules/S6766/metadata.json
S6767,,,,,,javascript,,,Unknown,,rule.adoc,/Users/brywoodruff/Projects/Vibe/rspec/rules/S6767/metadata.json
S6770,,,,,,javascript,,,Unknown,,rule.adoc,/Users/brywoodruff/Projects/Vibe/rspec/rules/S6770/metadata.json
S6772,,,,,,javascript,,,Unknown,,rule.adoc,/Users/brywoodruff/Projects/Vibe/rspec/rules/S6772/metadata.json
S6774,,,,,,javascript,,,Unknown,,rule.adoc,/Users/brywoodruff/Projects/Vibe/rspec/rules/S6774/metadata.json
S6775,,,,,,javascript,,,Unknown,,rule.adoc,/Users/brywoodruff/Projects/Vibe/rspec/rules/S6775/metadata.json
S6788,,,,,,javascript,,,Unknown,,rule.adoc,/Users/brywoodruff/Projects/Vibe/rspec/rules/S6788/metadata.json
S6789,,,,,,javascript,,,Unknown,,rule.adoc,/Users/brywoodruff/Projects/Vibe/rspec/rules/S6789/metadata.json
S6790,,,,,,javascript,,,Unknown,,rule.adoc,/Users/brywoodruff/Projects/Vibe/rspec/rules/S6790/metadata.json
S6791,,,,,,javascript,,,Unknown,,rule.adoc,/Users/brywoodruff/Projects/Vibe/rspec/rules/S6791/metadata.json
S6793,ARIA properties in DOM elements should have valid values,CODE_SMELL,Major,ready,All,html;common;javascript,accessibility,MAINTAINABILITY:LOW;RELIABILITY:MEDIUM,Constant/Issue: 5min,Sonar way,rule.adoc,/Users/brywoodruff/Projects/Vibe/rspec/rules/S6793/metadata.json
S6807,DOM elements with ARIA roles should have the required properties,CODE_SMELL,Major,ready,All,html;common;javascript,,MAINTAINABILITY:MEDIUM;RELIABILITY:LOW,Constant/Issue: 5min,Sonar way,rule.adoc,/Users/brywoodruff/Projects/Vibe/rspec/rules/S6807/metadata.json
S6811,DOM elements with ARIA role should only have supported properties,CODE_SMELL,Major,ready,All,html;common;javascript,accessibility,MAINTAINABILITY:MEDIUM;RELIABILITY:LOW,Constant/Issue: 5min,Sonar way,rule.adoc,/Users/brywoodruff/Projects/Vibe/rspec/rules/S6811/metadata.json
S6819,Prefer tag over ARIA role,CODE_SMELL,Major,ready,All,html;common;javascript,accessibility,MAINTAINABILITY:MEDIUM,Constant/Issue: 5min,Sonar way,rule.adoc,/Users/brywoodruff/Projects/Vibe/rspec/rules/S6819/metadata.json
S6821,DOM elements with ARIA roles should have a valid non-abstract role,CODE_SMELL,Major,ready,All,html;javascript,react;accessibility,MAINTAINABILITY:LOW;RELIABILITY:MEDIUM,Constant/Issue: 5min,Sonar way,rule.adoc,/Users/brywoodruff/Projects/Vibe/rspec/rules/S6821/metadata.json
S6822,No redundant ARIA role,CODE_SMELL,Major,ready,All,html;common;javascript,accessibility;react,MAINTAINABILITY:MEDIUM;RELIABILITY:LOW,Constant/Issue: 5min,Sonar way,rule.adoc,/Users/brywoodruff/Projects/Vibe/rspec/rules/S6822/metadata.json
S6823,DOM elements with the `aria-activedescendant` property should be accessible via the tab key,CODE_SMELL,Major,ready,All,html;common;javascript,accessibility,RELIABILITY:MEDIUM,Constant/Issue: 5min,Sonar way,rule.adoc,/Users/brywoodruff/Projects/Vibe/rspec/rules/S6823/metadata.json
S6824,No ARIA role or property for unsupported DOM elements,CODE_SMELL,Major,ready,All,html;common;javascript,react;accessibility,MAINTAINABILITY:MEDIUM;RELIABILITY:LOW,Constant/Issue: 5min,Sonar way,rule.adoc,/Users/brywoodruff/Projects/Vibe/rspec/rules/S6824/metadata.json
S6825,"Focusable elements should not have ""aria-hidden"" attribute",CODE_SMELL,Major,ready,All,html;common;javascript,accessibility,RELIABILITY:MEDIUM,Constant/Issue: 5min,Sonar way,rule.adoc,/Users/brywoodruff/Projects/Vibe/rspec/rules/S6825/metadata.json
S6827,Anchors should contain accessible content,CODE_SMELL,Minor,ready,All,html;common;javascript,accessibility,MAINTAINABILITY:LOW;RELIABILITY:LOW,Constant/Issue: 5min,Sonar way,rule.adoc,/Users/brywoodruff/Projects/Vibe/rspec/rules/S6827/metadata.json
S6836,,,,,,javascript,,,Unknown,,rule.adoc,/Users/brywoodruff/Projects/Vibe/rspec/rules/S6836/metadata.json
S6840,"DOM elements should use the ""autocomplete"" attribute correctly",CODE_SMELL,Major,ready,All,html;common;javascript,accessibility,MAINTAINABILITY:LOW;RELIABILITY:MEDIUM,Constant/Issue: 5min,Sonar way,rule.adoc,/Users/brywoodruff/Projects/Vibe/rspec/rules/S6840/metadata.json
S6841,"""tabIndex"" values should be 0 or -1",CODE_SMELL,Major,ready,All,html;common;javascript,accessibility,MAINTAINABILITY:LOW;RELIABILITY:MEDIUM,Constant/Issue: 5min,Sonar way,rule.adoc,/Users/brywoodruff/Projects/Vibe/rspec/rules/S6841/metadata.json
S6842,Non-interactive DOM elements should not have interactive ARIA roles,CODE_SMELL,Major,ready,All,html;common;javascript,accessibility,MAINTAINABILITY:LOW;RELIABILITY:MEDIUM,Constant/Issue: 5min,Sonar way,rule.adoc,/Users/brywoodruff/Projects/Vibe/rspec/rules/S6842/metadata.json
S6843,Interactive DOM elements should not have non-interactive ARIA roles,CODE_SMELL,Major,ready,All,html;common;javascript,accessibility,MAINTAINABILITY:LOW;RELIABILITY:MEDIUM,Constant/Issue: 5min,Sonar way,rule.adoc,/Users/brywoodruff/Projects/Vibe/rspec/rules/S6843/metadata.json
S6844,Anchor tags should not be used as buttons,CODE_SMELL,Major,ready,All,html;common;javascript,accessibility,MAINTAINABILITY:MEDIUM;RELIABILITY:LOW,Constant/Issue: 5min,Sonar way,rule.adoc,/Users/brywoodruff/Projects/Vibe/rspec/rules/S6844/metadata.json
S6845,Non-interactive DOM elements should not have the `tabIndex` property,CODE_SMELL,Major,ready,All,html;common;javascript,accessibility,MAINTAINABILITY:LOW;RELIABILITY:MEDIUM,Constant/Issue: 5min,Sonar way,rule.adoc,/Users/brywoodruff/Projects/Vibe/rspec/rules/S6845/metadata.json
S6846,"DOM elements should not use the ""accesskey"" property",CODE_SMELL,Major,ready,All,html;common;javascript,accessibility,MAINTAINABILITY:LOW;RELIABILITY:MEDIUM,Constant/Issue: 5min,Sonar way,rule.adoc,/Users/brywoodruff/Projects/Vibe/rspec/rules/S6846/metadata.json
S6847,Non-interactive elements shouldn't have event handlers,CODE_SMELL,Major,ready,All,html;common;javascript,accessibility,MAINTAINABILITY:MEDIUM;RELIABILITY:LOW,Constant/Issue: 5min,Sonar way,rule.adoc,/Users/brywoodruff/Projects/Vibe/rspec/rules/S6847/metadata.json
S6848,Non-interactive DOM elements should not have an interactive handler,CODE_SMELL,Major,ready,All,html;common;javascript,accessibility,MAINTAINABILITY:LOW;RELIABILITY:MEDIUM,Constant/Issue: 5min,Sonar way,rule.adoc,/Users/brywoodruff/Projects/Vibe/rspec/rules/S6848/metadata.json
S6849,,,,,,javascript,,,Unknown,,rule.adoc,/Users/brywoodruff/Projects/Vibe/rspec/rules/S6849/metadata.json
S6850,Heading elements should have accessible content,CODE_SMELL,Major,ready,All,html;common;javascript,,MAINTAINABILITY:LOW;RELIABILITY:MEDIUM,Constant/Issue: 5min,Sonar way,rule.adoc,/Users/brywoodruff/Projects/Vibe/rspec/rules/S6850/metadata.json
S6851,Images should have a non-redundant alternate description,CODE_SMELL,Major,ready,All,html;common;javascript,accessibility,MAINTAINABILITY:MEDIUM;RELIABILITY:LOW,Constant/Issue: 5min,Sonar way,rule.adoc,/Users/brywoodruff/Projects/Vibe/rspec/rules/S6851/metadata.json
S6852,Elements with an interactive role should support focus,CODE_SMELL,Major,ready,All,html;common;javascript,accessibility,MAINTAINABILITY:LOW;RELIABILITY:MEDIUM,Constant/Issue: 5min,Sonar way,rule.adoc,/Users/brywoodruff/Projects/Vibe/rspec/rules/S6852/metadata.json
S6853,Label elements should have a text label and an associated control,CODE_SMELL,Major,ready,All,html;common;javascript,accessibility,RELIABILITY:MEDIUM,Constant/Issue: 5min,Sonar way,rule.adoc,/Users/brywoodruff/Projects/Vibe/rspec/rules/S6853/metadata.json
S6854,,,,,,javascript,,,Unknown,,rule.adoc,/Users/brywoodruff/Projects/Vibe/rspec/rules/S6854/metadata.json
S6855,,,,,,javascript,,,Unknown,,rule.adoc,/Users/brywoodruff/Projects/Vibe/rspec/rules/S6855/metadata.json
S6859,,,,,,javascript,,,Unknown,,rule.adoc,/Users/brywoodruff/Projects/Vibe/rspec/rules/S6859/metadata.json
S6861,,,,,,javascript,,,Unknown,,rule.adoc,/Users/brywoodruff/Projects/Vibe/rspec/rules/S6861/metadata.json
S6957,,,,,,javascript,,,Unknown,,rule.adoc,/Users/brywoodruff/Projects/Vibe/rspec/rules/S6957/metadata.json
S6958,Literals should not be used as functions,BUG,Critical,ready,Main,javascript,,RELIABILITY:HIGH,Constant/Issue: 5min,Sonar way,rule.adoc,/Users/brywoodruff/Projects/Vibe/rspec/rules/S6958/metadata.json
S6959,,,,,,javascript,,,Unknown,,rule.adoc,/Users/brywoodruff/Projects/Vibe/rspec/rules/S6959/metadata.json
S7044,Server-side requests should not be vulnerable to traversing attacks,VULNERABILITY,Major,ready,Main,python;java;vbnet;kotlin;php;common;csharp;javascript,cwe,SECURITY:MEDIUM,Constant/Issue: 30min,Sonar way,rule.adoc,/Users/brywoodruff/Projects/Vibe/rspec/rules/S7044/metadata.json
S7059,,,,,,javascript,,,Unknown,,rule.adoc,/Users/brywoodruff/Projects/Vibe/rspec/rules/S7059/metadata.json
S7060,,,,,,javascript,,,Unknown,,rule.adoc,/Users/brywoodruff/Projects/Vibe/rspec/rules/S7060/metadata.json
S7063,,,,,,javascript,,,Unknown,,rule.adoc,/Users/brywoodruff/Projects/Vibe/rspec/rules/S7063/metadata.json
S7071,Sandboxing should be enabled,VULNERABILITY,Critical,ready,All,html;common;javascript,,SECURITY:HIGH,Constant/Issue: 5min,Sonar way,rule.adoc,/Users/brywoodruff/Projects/Vibe/rspec/rules/S7071/metadata.json
S7072,,,,,,javascript,,,Unknown,,rule.adoc,/Users/brywoodruff/Projects/Vibe/rspec/rules/S7072/metadata.json
S7073,,,,,,javascript,,,Unknown,,rule.adoc,/Users/brywoodruff/Projects/Vibe/rspec/rules/S7073/metadata.json
S7074,webSecurity should be enabled,VULNERABILITY,Major,ready,All,html;common;javascript,,SECURITY:MEDIUM,Constant/Issue: 5min,Sonar way,rule.adoc,/Users/brywoodruff/Projects/Vibe/rspec/rules/S7074/metadata.json
S7076,,,,,,javascript,,,Unknown,,rule.adoc,/Users/brywoodruff/Projects/Vibe/rspec/rules/S7076/metadata.json
S7077,,,,,,javascript,,,Unknown,,rule.adoc,/Users/brywoodruff/Projects/Vibe/rspec/rules/S7077/metadata.json
S7080,,,,,,javascript,,,Unknown,,rule.adoc,/Users/brywoodruff/Projects/Vibe/rspec/rules/S7080/metadata.json
S7081,,,,,,javascript,,,Unknown,,rule.adoc,/Users/brywoodruff/Projects/Vibe/rspec/rules/S7081/metadata.json
S7085,,,,,,javascript,,,Unknown,,rule.adoc,/Users/brywoodruff/Projects/Vibe/rspec/rules/S7085/metadata.json
S7134,Architectural constraints should not be violated,CODE_SMELL,Critical,deprecated,All,java;javascript,,MAINTAINABILITY:HIGH,Constant/Issue: 0min,,rule.adoc,/Users/brywoodruff/Projects/Vibe/rspec/rules/S7134/metadata.json
S7197,Circular file imports should be resolved,CODE_SMELL,Critical,deprecated,All,javascript,,MAINTAINABILITY:HIGH,Constant/Issue: 0min,,rule.adoc,/Users/brywoodruff/Projects/Vibe/rspec/rules/S7197/metadata.json
S7639,,,,,,javascript,,,Unknown,,rule.adoc,/Users/brywoodruff/Projects/Vibe/rspec/rules/S7639/metadata.json
S7641,,,,,,javascript,,,Unknown,,rule.adoc,/Users/brywoodruff/Projects/Vibe/rspec/rules/S7641/metadata.json
S7647,,,,,,javascript,,,Unknown,,rule.adoc,/Users/brywoodruff/Projects/Vibe/rspec/rules/S7647/metadata.json
S7648,,,,,,javascript,,,Unknown,,rule.adoc,/Users/brywoodruff/Projects/Vibe/rspec/rules/S7648/metadata.json
S7649,,,,,,javascript,,,Unknown,,rule.adoc,/Users/brywoodruff/Projects/Vibe/rspec/rules/S7649/metadata.json
S7650,,,,,,javascript,,,Unknown,,rule.adoc,/Users/brywoodruff/Projects/Vibe/rspec/rules/S7650/metadata.json
S7651,,,,,,javascript,,,Unknown,,rule.adoc,/Users/brywoodruff/Projects/Vibe/rspec/rules/S7651/metadata.json
S7652,,,,,,javascript,,,Unknown,,rule.adoc,/Users/brywoodruff/Projects/Vibe/rspec/rules/S7652/metadata.json
S7653,,,,,,javascript,,,Unknown,,rule.adoc,/Users/brywoodruff/Projects/Vibe/rspec/rules/S7653/metadata.json
S7654,,,,,,javascript,,,Unknown,,rule.adoc,/Users/brywoodruff/Projects/Vibe/rspec/rules/S7654/metadata.json
S7655,,,,,,javascript,,,Unknown,,rule.adoc,/Users/brywoodruff/Projects/Vibe/rspec/rules/S7655/metadata.json
S7656,,,,,,javascript,,,Unknown,,rule.adoc,/Users/brywoodruff/Projects/Vibe/rspec/rules/S7656/metadata.json
S7657,,,,,,javascript,,,Unknown,,rule.adoc,/Users/brywoodruff/Projects/Vibe/rspec/rules/S7657/metadata.json
S7659,,,,,,javascript,,,Unknown,,rule.adoc,/Users/brywoodruff/Projects/Vibe/rspec/rules/S7659/metadata.json
S7662,,,,,,javascript,,,Unknown,,rule.adoc,/Users/brywoodruff/Projects/Vibe/rspec/rules/S7662/metadata.json
S7663,,,,,,javascript,,,Unknown,,rule.adoc,/Users/brywoodruff/Projects/Vibe/rspec/rules/S7663/metadata.json
S7664,,,,,,javascript,,,Unknown,,rule.adoc,/Users/brywoodruff/Projects/Vibe/rspec/rules/S7664/metadata.json
S7665,,,,,,javascript,,,Unknown,,rule.adoc,/Users/brywoodruff/Projects/Vibe/rspec/rules/S7665/metadata.json
S7666,,,,,,javascript,,,Unknown,,rule.adoc,/Users/brywoodruff/Projects/Vibe/rspec/rules/S7666/metadata.json
S7667,,,,,,javascript,,,Unknown,,rule.adoc,/Users/brywoodruff/Projects/Vibe/rspec/rules/S7667/metadata.json
S7668,,,,,,javascript,,,Unknown,,rule.adoc,/Users/brywoodruff/Projects/Vibe/rspec/rules/S7668/metadata.json
S7669,,,,,,javascript,,,Unknown,,rule.adoc,/Users/brywoodruff/Projects/Vibe/rspec/rules/S7669/metadata.json
S7670,,,,,,javascript,,,Unknown,,rule.adoc,/Users/brywoodruff/Projects/Vibe/rspec/rules/S7670/metadata.json
S7718,,,,,,javascript,,,Unknown,,rule.adoc,/Users/brywoodruff/Projects/Vibe/rspec/rules/S7718/metadata.json
S7719,,,,,,javascript,,,Unknown,,rule.adoc,/Users/brywoodruff/Projects/Vibe/rspec/rules/S7719/metadata.json
S7720,,,,,,javascript,,,Unknown,,rule.adoc,/Users/brywoodruff/Projects/Vibe/rspec/rules/S7720/metadata.json
S7721,,,,,,javascript,,,Unknown,,rule.adoc,/Users/brywoodruff/Projects/Vibe/rspec/rules/S7721/metadata.json
S7722,,,,,,javascript,,,Unknown,,rule.adoc,/Users/brywoodruff/Projects/Vibe/rspec/rules/S7722/metadata.json
S7723,,,,,,javascript,,,Unknown,,rule.adoc,/Users/brywoodruff/Projects/Vibe/rspec/rules/S7723/metadata.json
S7724,,,,,,javascript,,,Unknown,,rule.adoc,/Users/brywoodruff/Projects/Vibe/rspec/rules/S7724/metadata.json
S7725,,,,,,javascript,,,Unknown,,rule.adoc,/Users/brywoodruff/Projects/Vibe/rspec/rules/S7725/metadata.json
S7726,,,,,,javascript,,,Unknown,,rule.adoc,/Users/brywoodruff/Projects/Vibe/rspec/rules/S7726/metadata.json
S7727,,,,,,javascript,,,Unknown,,rule.adoc,/Users/brywoodruff/Projects/Vibe/rspec/rules/S7727/metadata.json
S7728,,,,,,javascript,,,Unknown,,rule.adoc,/Users/brywoodruff/Projects/Vibe/rspec/rules/S7728/metadata.json
S7729,,,,,,javascript,,,Unknown,,rule.adoc,/Users/brywoodruff/Projects/Vibe/rspec/rules/S7729/metadata.json
S7730,,,,,,javascript,,,Unknown,,rule.adoc,/Users/brywoodruff/Projects/Vibe/rspec/rules/S7730/metadata.json
S7731,,,,,,javascript,,,Unknown,,rule.adoc,/Users/brywoodruff/Projects/Vibe/rspec/rules/S7731/metadata.json
S7732,,,,,,javascript,,,Unknown,,rule.adoc,/Users/brywoodruff/Projects/Vibe/rspec/rules/S7732/metadata.json
S7733,,,,,,javascript,,,Unknown,,rule.adoc,/Users/brywoodruff/Projects/Vibe/rspec/rules/S7733/metadata.json
S7734,,,,,,javascript,,,Unknown,,rule.adoc,/Users/brywoodruff/Projects/Vibe/rspec/rules/S7734/metadata.json
S7735,,,,,,javascript,,,Unknown,,rule.adoc,/Users/brywoodruff/Projects/Vibe/rspec/rules/S7735/metadata.json
S7736,,,,,,javascript,,,Unknown,,rule.adoc,/Users/brywoodruff/Projects/Vibe/rspec/rules/S7736/metadata.json
S7737,,,,,,javascript,,,Unknown,,rule.adoc,/Users/brywoodruff/Projects/Vibe/rspec/rules/S7737/metadata.json
S7738,,,,,,javascript,,,Unknown,,rule.adoc,/Users/brywoodruff/Projects/Vibe/rspec/rules/S7738/metadata.json
S7739,,,,,,javascript,,,Unknown,,rule.adoc,/Users/brywoodruff/Projects/Vibe/rspec/rules/S7739/metadata.json
S7740,,,,,,javascript,,,Unknown,,rule.adoc,/Users/brywoodruff/Projects/Vibe/rspec/rules/S7740/metadata.json
S7741,,,,,,javascript,,,Unknown,,rule.adoc,/Users/brywoodruff/Projects/Vibe/rspec/rules/S7741/metadata.json
S7742,,,,,,javascript,,,Unknown,,rule.adoc,/Users/brywoodruff/Projects/Vibe/rspec/rules/S7742/metadata.json
S7743,,,,,,javascript,,,Unknown,,rule.adoc,/Users/brywoodruff/Projects/Vibe/rspec/rules/S7743/metadata.json
S7744,,,,,,javascript,,,Unknown,,rule.adoc,/Users/brywoodruff/Projects/Vibe/rspec/rules/S7744/metadata.json
S7745,,,,,,javascript,,,Unknown,,rule.adoc,/Users/brywoodruff/Projects/Vibe/rspec/rules/S7745/metadata.json
S7746,,,,,,javascript,,,Unknown,,rule.adoc,/Users/brywoodruff/Projects/Vibe/rspec/rules/S7746/metadata.json
S7747,,,,,,javascript,,,Unknown,,rule.adoc,/Users/brywoodruff/Projects/Vibe/rspec/rules/S7747/metadata.json
S7748,,,,,,javascript,,,Unknown,,rule.adoc,/Users/brywoodruff/Projects/Vibe/rspec/rules/S7748/metadata.json
S7749,,,,,,javascript,,,Unknown,,rule.adoc,/Users/brywoodruff/Projects/Vibe/rspec/rules/S7749/metadata.json
S7750,,,,,,javascript,,,Unknown,,rule.adoc,/Users/brywoodruff/Projects/Vibe/rspec/rules/S7750/metadata.json
S7751,,,,,,javascript,,,Unknown,,rule.adoc,/Users/brywoodruff/Projects/Vibe/rspec/rules/S7751/metadata.json
S7752,,,,,,javascript,,,Unknown,,rule.adoc,/Users/brywoodruff/Projects/Vibe/rspec/rules/S7752/metadata.json
S7753,,,,,,javascript,,,Unknown,,rule.adoc,/Users/brywoodruff/Projects/Vibe/rspec/rules/S7753/metadata.json
S7754,,,,,,javascript,,,Unknown,,rule.adoc,/Users/brywoodruff/Projects/Vibe/rspec/rules/S7754/metadata.json
S7755,,,,,,javascript,,,Unknown,,rule.adoc,/Users/brywoodruff/Projects/Vibe/rspec/rules/S7755/metadata.json
S7756,,,,,,javascript,,,Unknown,,rule.adoc,/Users/brywoodruff/Projects/Vibe/rspec/rules/S7756/metadata.json
S7757,,,,,,javascript,,,Unknown,,rule.adoc,/Users/brywoodruff/Projects/Vibe/rspec/rules/S7757/metadata.json
S7758,,,,,,javascript,,,Unknown,,rule.adoc,/Users/brywoodruff/Projects/Vibe/rspec/rules/S7758/metadata.json
S7759,,,,,,javascript,,,Unknown,,rule.adoc,/Users/brywoodruff/Projects/Vibe/rspec/rules/S7759/metadata.json
S7760,,,,,,javascript,,,Unknown,,rule.adoc,/Users/brywoodruff/Projects/Vibe/rspec/rules/S7760/metadata.json
S7761,,,,,,javascript,,,Unknown,,rule.adoc,/Users/brywoodruff/Projects/Vibe/rspec/rules/S7761/metadata.json
S7762,,,,,,javascript,,,Unknown,,rule.adoc,/Users/brywoodruff/Projects/Vibe/rspec/rules/S7762/metadata.json
S7763,,,,,,javascript,,,Unknown,,rule.adoc,/Users/brywoodruff/Projects/Vibe/rspec/rules/S7763/metadata.json
S7764,,,,,,javascript,,,Unknown,,rule.adoc,/Users/brywoodruff/Projects/Vibe/rspec/rules/S7764/metadata.json
S7765,,,,,,javascript,,,Unknown,,rule.adoc,/Users/brywoodruff/Projects/Vibe/rspec/rules/S7765/metadata.json
S7766,,,,,,javascript,,,Unknown,,rule.adoc,/Users/brywoodruff/Projects/Vibe/rspec/rules/S7766/metadata.json
S7767,,,,,,javascript,,,Unknown,,rule.adoc,/Users/brywoodruff/Projects/Vibe/rspec/rules/S7767/metadata.json
S7768,,,,,,javascript,,,Unknown,,rule.adoc,/Users/brywoodruff/Projects/Vibe/rspec/rules/S7768/metadata.json
S7769,,,,,,javascript,,,Unknown,,rule.adoc,/Users/brywoodruff/Projects/Vibe/rspec/rules/S7769/metadata.json
S7770,,,,,,javascript,,,Unknown,,rule.adoc,/Users/brywoodruff/Projects/Vibe/rspec/rules/S7770/metadata.json
S7771,,,,,,javascript,,,Unknown,,rule.adoc,/Users/brywoodruff/Projects/Vibe/rspec/rules/S7771/metadata.json
S7772,,,,,,javascript,,,Unknown,,rule.adoc,/Users/brywoodruff/Projects/Vibe/rspec/rules/S7772/metadata.json
S7773,,,,,,javascript,,,Unknown,,rule.adoc,/Users/brywoodruff/Projects/Vibe/rspec/rules/S7773/metadata.json
S7774,,,,,,javascript,,,Unknown,,rule.adoc,/Users/brywoodruff/Projects/Vibe/rspec/rules/S7774/metadata.json
S7775,,,,,,javascript,,,Unknown,,rule.adoc,/Users/brywoodruff/Projects/Vibe/rspec/rules/S7775/metadata.json
S7776,,,,,,javascript,,,Unknown,,rule.adoc,/Users/brywoodruff/Projects/Vibe/rspec/rules/S7776/metadata.json
S7777,,,,,,javascript,,,Unknown,,rule.adoc,/Users/brywoodruff/Projects/Vibe/rspec/rules/S7777/metadata.json
S7778,,,,,,javascript,,,Unknown,,rule.adoc,/Users/brywoodruff/Projects/Vibe/rspec/rules/S7778/metadata.json
S7780,,,,,,javascript,,,Unknown,,rule.adoc,/Users/brywoodruff/Projects/Vibe/rspec/rules/S7780/metadata.json
S7781,,,,,,javascript,,,Unknown,,rule.adoc,/Users/brywoodruff/Projects/Vibe/rspec/rules/S7781/metadata.json
S7783,,,,,,javascript,,,Unknown,,rule.adoc,/Users/brywoodruff/Projects/Vibe/rspec/rules/S7783/metadata.json
S7784,,,,,,javascript,,,Unknown,,rule.adoc,/Users/brywoodruff/Projects/Vibe/rspec/rules/S7784/metadata.json
S7785,,,,,,javascript,,,Unknown,,rule.adoc,/Users/brywoodruff/Projects/Vibe/rspec/rules/S7785/metadata.json
S7786,,,,,,javascript,,,Unknown,,rule.adoc,/Users/brywoodruff/Projects/Vibe/rspec/rules/S7786/metadata.json
S7787,,,,,,javascript,,,Unknown,,rule.adoc,/Users/brywoodruff/Projects/Vibe/rspec/rules/S7787/metadata.json
S7788,,,,,,python;java;csharp;javascript,,,Unknown,,rule.adoc,/Users/brywoodruff/Projects/Vibe/rspec/rules/S7788/metadata.json
S7789,,,,,,python;java;csharp;javascript,,,Unknown,,rule.adoc,/Users/brywoodruff/Projects/Vibe/rspec/rules/S7789/metadata.json
S7790,,,,,,javascript,,,Unknown,,rule.adoc,/Users/brywoodruff/Projects/Vibe/rspec/rules/S7790/metadata.json
S800,Identifiers should be typographically unambiguous,CODE_SMELL,Critical,closed,Main,python;rpg;vb6;java;vbnet;abap;php;pli;csharp;plsql;javascript;cobol;flex;cfamily,pitfall,MAINTAINABILITY:HIGH,Constant/Issue: 5min,,rule.adoc,/Users/brywoodruff/Projects/Vibe/rspec/rules/S800/metadata.json
S8134,FIXME,CODE_SMELL,Major,ready,All,python;java;csharp;javascript,,MAINTAINABILITY:HIGH;RELIABILITY:MEDIUM;SECURITY:LOW,Constant/Issue: 5min,Sonar way,rule.adoc,/Users/brywoodruff/Projects/Vibe/rspec/rules/S8134/metadata.json
S8348,,,,,,javascript,,,Unknown,,rule.adoc,/Users/brywoodruff/Projects/Vibe/rspec/rules/S8348/metadata.json
S8349,,,,,,javascript,,,Unknown,,rule.adoc,/Users/brywoodruff/Projects/Vibe/rspec/rules/S8349/metadata.json
S8378,,,,,,javascript,,,Unknown,,rule.adoc,/Users/brywoodruff/Projects/Vibe/rspec/rules/S8378/metadata.json
S8387,Inter-process communication should not be vulnerable to injection attacks,VULNERABILITY,Minor,ready,Main,javascript,cwe,SECURITY:HIGH,Constant/Issue: 20min,Sonar way,rule.adoc,/Users/brywoodruff/Projects/Vibe/rspec/rules/S8387/metadata.json
S878,Comma operator should not be used,CODE_SMELL,Major,ready,Main,javascript;cfamily,,MAINTAINABILITY:MEDIUM,Constant/Issue: 5min,Sonar way,rule.adoc,/Users/brywoodruff/Projects/Vibe/rspec/rules/S878/metadata.json
S881,Increment (++) and decrement (--) operators should not be used in a method call or mixed with other operators in an expression,CODE_SMELL,Major,ready,All,java;php;swift;csharp;javascript;cfamily,,MAINTAINABILITY:MEDIUM,Constant/Issue: 5min,,rule.adoc,/Users/brywoodruff/Projects/Vibe/rspec/rules/S881/metadata.json
S888,"Equality operators should not be used in ""for"" loop termination conditions",CODE_SMELL,Critical,ready,All,java;javascript,cwe;suspicious,MAINTAINABILITY:HIGH,Constant/Issue: 2min,,rule.adoc,/Users/brywoodruff/Projects/Vibe/rspec/rules/S888/metadata.json
S903,Parameters of non-virtual functions should be used (MISRA C++ 0-1-11),CODE_SMELL,Major,closed,Main,java;csharp;javascript;cfamily,,,Linear,,rule.adoc,/Users/brywoodruff/Projects/Vibe/rspec/rules/S903/metadata.json
S905,Non-empty statements should change control flow or have at least one side-effect,BUG,Major,ready,Main,python;rust;php;javascript;cfamily,cwe;unused,RELIABILITY:MEDIUM,Constant/Issue: 10min,Sonar way,rule.adoc,/Users/brywoodruff/Projects/Vibe/rspec/rules/S905/metadata.json
S909,"""continue"" should not be used",CODE_SMELL,Minor,ready,Main,plsql;javascript;cfamily,bad-practice,MAINTAINABILITY:LOW,Constant/Issue: 1h,Sonar way,rule.adoc,/Users/brywoodruff/Projects/Vibe/rspec/rules/S909/metadata.json
S930,The number of arguments passed to a function should match the number of parameters,BUG,Major,ready,Main,python;php;javascript;cfamily,cwe,RELIABILITY:MEDIUM,Constant/Issue: 10min,,rule.adoc,/Users/brywoodruff/Projects/Vibe/rspec/rules/S930/metadata.json
S935,Function exit paths should have appropriate return values,BUG,Critical,ready,Main,python;javascript;cfamily,cwe,RELIABILITY:HIGH,Constant/Issue: 5min,Sonar way,rule.adoc,/Users/brywoodruff/Projects/Vibe/rspec/rules/S935/metadata.json
