rule_id,title,type,severity,status,scope,languages,tags,impacts,remediation_cost,default_quality_profiles,language_specific_docs,metadata_path
S100,Function names should comply with a naming convention,CODE_SMELL,Minor,ready,All,apex;go;jcl;python;shell;rpg;java;abap;kotlin;php;scala;swift;csharp;javascript;flex;ruby;cfamily,convention,MAINTAINABILITY:LOW,Constant/Issue: 5min,Sonar way,rule.adoc,/Users/brywoodruff/Projects/Vibe/rspec/rules/S100/metadata.json
S1000,,,,,,cfamily,,,Unknown,,rule.adoc,/Users/brywoodruff/Projects/Vibe/rspec/rules/S1000/metadata.json
S1001,,,,,,cfamily,,,Unknown,,rule.adoc,/Users/brywoodruff/Projects/Vibe/rspec/rules/S1001/metadata.json
S1002,,,,,,cfamily,,,Unknown,,rule.adoc,/Users/brywoodruff/Projects/Vibe/rspec/rules/S1002/metadata.json
S1003,,,,,,cfamily,,,Unknown,,rule.adoc,/Users/brywoodruff/Projects/Vibe/rspec/rules/S1003/metadata.json
S1005,A function should have a single point of exit at the end of the function,CODE_SMELL,Minor,ready,Main,plsql;flex;cfamily,brain-overload,MAINTAINABILITY:LOW,Constant/Issue: 20min,,rule.adoc,/Users/brywoodruff/Projects/Vibe/rspec/rules/S1005/metadata.json
S1006,"Parameters in an overriding virtual function shall either use the same default arguments as the function they override, or else shall not specify any default arguments",CODE_SMELL,Critical,ready,All,csharp;cfamily,pitfall,MAINTAINABILITY:HIGH,Constant/Issue: 10min,,rule.adoc,/Users/brywoodruff/Projects/Vibe/rspec/rules/S1006/metadata.json
S1007,,,,,,cfamily,,,Unknown,,rule.adoc,/Users/brywoodruff/Projects/Vibe/rspec/rules/S1007/metadata.json
S1008,,,,,,cfamily,,,Unknown,,rule.adoc,/Users/brywoodruff/Projects/Vibe/rspec/rules/S1008/metadata.json
S1009,,,,,,cfamily,,,Unknown,,rule.adoc,/Users/brywoodruff/Projects/Vibe/rspec/rules/S1009/metadata.json
S101,Class names should comply with a naming convention,CODE_SMELL,Minor,ready,All,apex;go;python;dart;java;vbnet;abap;kotlin;php;scala;swift;csharp;javascript;flex;ruby;cfamily,convention,MAINTAINABILITY:LOW,Constant/Issue: 5min,Sonar way,rule.adoc,/Users/brywoodruff/Projects/Vibe/rspec/rules/S101/metadata.json
S1010,,,,,,cfamily,,,Unknown,,rule.adoc,/Users/brywoodruff/Projects/Vibe/rspec/rules/S1010/metadata.json
S1011,,,,,,cfamily,,,Unknown,,rule.adoc,/Users/brywoodruff/Projects/Vibe/rspec/rules/S1011/metadata.json
S1012,,,,,,cfamily,,,Unknown,,rule.adoc,/Users/brywoodruff/Projects/Vibe/rspec/rules/S1012/metadata.json
S1013,,,,,,cfamily,,,Unknown,,rule.adoc,/Users/brywoodruff/Projects/Vibe/rspec/rules/S1013/metadata.json
S1014,,,,,,cfamily,,,Unknown,,rule.adoc,/Users/brywoodruff/Projects/Vibe/rspec/rules/S1014/metadata.json
S1015,,,,,,cfamily,,,Unknown,,rule.adoc,/Users/brywoodruff/Projects/Vibe/rspec/rules/S1015/metadata.json
S1016,,,,,,cfamily,,,Unknown,,rule.adoc,/Users/brywoodruff/Projects/Vibe/rspec/rules/S1016/metadata.json
S1017,,,,,,cfamily,,,Unknown,,rule.adoc,/Users/brywoodruff/Projects/Vibe/rspec/rules/S1017/metadata.json
S1018,,,,,,cfamily,,,Unknown,,rule.adoc,/Users/brywoodruff/Projects/Vibe/rspec/rules/S1018/metadata.json
S1019,,,,,,cfamily,,,Unknown,,rule.adoc,/Users/brywoodruff/Projects/Vibe/rspec/rules/S1019/metadata.json
S1021,,,,,,cfamily,,,Unknown,,rule.adoc,/Users/brywoodruff/Projects/Vibe/rspec/rules/S1021/metadata.json
S1022,,,,,,cfamily,,,Unknown,,rule.adoc,/Users/brywoodruff/Projects/Vibe/rspec/rules/S1022/metadata.json
S1023,,,,,,cfamily,,,Unknown,,rule.adoc,/Users/brywoodruff/Projects/Vibe/rspec/rules/S1023/metadata.json
S1024,,,,,,cfamily,,,Unknown,,rule.adoc,/Users/brywoodruff/Projects/Vibe/rspec/rules/S1024/metadata.json
S1025,,,,,,cfamily,,,Unknown,,rule.adoc,/Users/brywoodruff/Projects/Vibe/rspec/rules/S1025/metadata.json
S1026,,,,,,cfamily,,,Unknown,,rule.adoc,/Users/brywoodruff/Projects/Vibe/rspec/rules/S1026/metadata.json
S1027,,,,,,cfamily,,,Unknown,,rule.adoc,/Users/brywoodruff/Projects/Vibe/rspec/rules/S1027/metadata.json
S1028,,,,,,cfamily,,,Unknown,,rule.adoc,/Users/brywoodruff/Projects/Vibe/rspec/rules/S1028/metadata.json
S1029,,,,,,cfamily,,,Unknown,,rule.adoc,/Users/brywoodruff/Projects/Vibe/rspec/rules/S1029/metadata.json
S103,Lines should not be too long,CODE_SMELL,Major,ready,All,apex;go;python;tsql;vb6;java;html;vbnet;abap;kotlin;php;xml;pli;scala;swift;csharp;plsql;javascript;flex;ruby;cfamily,convention,MAINTAINABILITY:MEDIUM,Constant/Issue: 1min,,rule.adoc,/Users/brywoodruff/Projects/Vibe/rspec/rules/S103/metadata.json
S1030,,,,,,cfamily,,,Unknown,,rule.adoc,/Users/brywoodruff/Projects/Vibe/rspec/rules/S1030/metadata.json
S1031,,,,,,cfamily,,,Unknown,,rule.adoc,/Users/brywoodruff/Projects/Vibe/rspec/rules/S1031/metadata.json
S1032,,,,,,cfamily,,,Unknown,,rule.adoc,/Users/brywoodruff/Projects/Vibe/rspec/rules/S1032/metadata.json
S1033,,,,,,cfamily,,,Unknown,,rule.adoc,/Users/brywoodruff/Projects/Vibe/rspec/rules/S1033/metadata.json
S1034,Exceptions should only be used for error handling,CODE_SMELL,Critical,ready,Main,cfamily,clumsy,,Constant/Issue: 20min,,rule.adoc,/Users/brywoodruff/Projects/Vibe/rspec/rules/S1034/metadata.json
S1035,,,,,,cfamily,,,Unknown,,rule.adoc,/Users/brywoodruff/Projects/Vibe/rspec/rules/S1035/metadata.json
S1036,,,,,,cfamily,,,Unknown,,rule.adoc,/Users/brywoodruff/Projects/Vibe/rspec/rules/S1036/metadata.json
S1037,,,,,,cfamily,,,Unknown,,rule.adoc,/Users/brywoodruff/Projects/Vibe/rspec/rules/S1037/metadata.json
S1038,,,,,,cfamily,,,Unknown,,rule.adoc,/Users/brywoodruff/Projects/Vibe/rspec/rules/S1038/metadata.json
S1039,,,,,,cfamily,,,Unknown,,rule.adoc,/Users/brywoodruff/Projects/Vibe/rspec/rules/S1039/metadata.json
S104,Files should not have too many lines of code,CODE_SMELL,Major,ready,All,apex;go;python;rpg;tsql;vb6;java;html;vbnet;abap;kotlin;php;scala;swift;csharp;plsql;javascript;ruby;cfamily,brain-overload,MAINTAINABILITY:MEDIUM,Constant/Issue: 1h,,rule.adoc,/Users/brywoodruff/Projects/Vibe/rspec/rules/S104/metadata.json
S1040,,,,,,cfamily,,,Unknown,,rule.adoc,/Users/brywoodruff/Projects/Vibe/rspec/rules/S1040/metadata.json
S1042,,,,,,cfamily,,,Unknown,,rule.adoc,/Users/brywoodruff/Projects/Vibe/rspec/rules/S1042/metadata.json
S1044,,,,,,cfamily,,,Unknown,,rule.adoc,/Users/brywoodruff/Projects/Vibe/rspec/rules/S1044/metadata.json
S1045,Handlers in a single try-catch or function-try-block for a derived class and some or all of its bases should be ordered most-derived-first,BUG,Major,ready,Main,python;php;cfamily,,RELIABILITY:MEDIUM,Constant/Issue: 5min,Sonar way,rule.adoc,/Users/brywoodruff/Projects/Vibe/rspec/rules/S1045/metadata.json
S1046,,,,,,cfamily,,,Unknown,,rule.adoc,/Users/brywoodruff/Projects/Vibe/rspec/rules/S1046/metadata.json
S1047,,,,,,cfamily,,,Unknown,,rule.adoc,/Users/brywoodruff/Projects/Vibe/rspec/rules/S1047/metadata.json
S1048,Destructors should not throw exceptions,BUG,Critical,ready,Main,vbnet;csharp;cfamily,,RELIABILITY:HIGH,Constant/Issue: 30min,Sonar way,documentation.adoc;how_to_fix_it.adoc;related_rules.adoc;rule.adoc,/Users/brywoodruff/Projects/Vibe/rspec/rules/S1048/metadata.json
S1049,,,,,,cfamily,,,Unknown,,rule.adoc,/Users/brywoodruff/Projects/Vibe/rspec/rules/S1049/metadata.json
S105,Tabulation characters should not be used,CODE_SMELL,Minor,ready,All,apex;tsql;vb6;java;html;vbnet;abap;kotlin;php;xml;scala;swift;csharp;javascript;cobol;ruby;cfamily,convention,MAINTAINABILITY:LOW,Constant/Issue: 2min,,rule.adoc,/Users/brywoodruff/Projects/Vibe/rspec/rules/S105/metadata.json
S1050,,,,,,cfamily,,,Unknown,,rule.adoc,/Users/brywoodruff/Projects/Vibe/rspec/rules/S1050/metadata.json
S1051,,,,,,cfamily,,,Unknown,,rule.adoc,/Users/brywoodruff/Projects/Vibe/rspec/rules/S1051/metadata.json
S1052,,,,,,cfamily,,,Unknown,,rule.adoc,/Users/brywoodruff/Projects/Vibe/rspec/rules/S1052/metadata.json
S1053,,,,,,cfamily,,,Unknown,,rule.adoc,/Users/brywoodruff/Projects/Vibe/rspec/rules/S1053/metadata.json
S1054,,,,,,cfamily,,,Unknown,,rule.adoc,/Users/brywoodruff/Projects/Vibe/rspec/rules/S1054/metadata.json
S1055,,,,,,cfamily,,,Unknown,,rule.adoc,/Users/brywoodruff/Projects/Vibe/rspec/rules/S1055/metadata.json
S106,Standard outputs should not be used directly to log anything,CODE_SMELL,Major,ready,Main,dart;rust;java;csharp;javascript;cfamily,bad-practice,MAINTAINABILITY:MEDIUM,Constant/Issue: 10min,Sonar way,rule.adoc,/Users/brywoodruff/Projects/Vibe/rspec/rules/S106/metadata.json
S1065,Unused labels should be removed,CODE_SMELL,Major,ready,All,dart;tsql;java;swift;plsql;cfamily,unused,MAINTAINABILITY:MEDIUM,Constant/Issue: 2min,Sonar way,rule.adoc,/Users/brywoodruff/Projects/Vibe/rspec/rules/S1065/metadata.json
S1066,"Mergeable ""if"" statements should be combined",CODE_SMELL,Major,ready,All,apex;go;python;shell;tsql;vb6;java;vbnet;abap;kotlin;php;scala;swift;csharp;plsql;javascript;cobol;flex;ruby;cfamily,clumsy,MAINTAINABILITY:MEDIUM,Constant/Issue: 5min,Sonar way,rule.adoc,/Users/brywoodruff/Projects/Vibe/rspec/rules/S1066/metadata.json
S1067,Expressions should not be too complex,CODE_SMELL,Critical,ready,All,apex;go;rpg;tsql;vb6;java;vbnet;abap;kotlin;php;scala;swift;csharp;javascript;cobol;ruby;cfamily,brain-overload,MAINTAINABILITY:HIGH,Linear with offset,,rule.adoc,/Users/brywoodruff/Projects/Vibe/rspec/rules/S1067/metadata.json
S1068,"Unused ""private"" fields should be removed",CODE_SMELL,Major,ready,All,dart;rpg;vb6;java;php;plsql;javascript;flex;cfamily,unused,MAINTAINABILITY:MEDIUM,Constant/Issue: 5min,Sonar way,rule.adoc,/Users/brywoodruff/Projects/Vibe/rspec/rules/S1068/metadata.json
S107,Functions should not have too many parameters,CODE_SMELL,Major,ready,All,apex;go;python;dart;rust;tsql;vb6;java;vbnet;kotlin;php;pli;scala;swift;csharp;plsql;javascript;flex;ruby;cfamily,brain-overload,MAINTAINABILITY:MEDIUM,Constant/Issue: 20min,Sonar way,noncompliant.adoc;rule.adoc;split-example.adoc;struct-example.adoc,/Users/brywoodruff/Projects/Vibe/rspec/rules/S107/metadata.json
S1079,,,,,,cfamily,,,Unknown,,rule.adoc,/Users/brywoodruff/Projects/Vibe/rspec/rules/S1079/metadata.json
S108,Nested blocks of code should not be left empty,CODE_SMELL,Major,ready,All,apex;go;python;rpg;vb6;java;vbnet;abap;kotlin;php;scala;swift;csharp;javascript;flex;ruby;cfamily,suspicious,MAINTAINABILITY:MEDIUM,Constant/Issue: 5min,Sonar way,rule.adoc,/Users/brywoodruff/Projects/Vibe/rspec/rules/S108/metadata.json
S1080,,,,,,cfamily,,,Unknown,,rule.adoc,/Users/brywoodruff/Projects/Vibe/rspec/rules/S1080/metadata.json
S1081,,,,,,common;cfamily,,,Unknown,,rule.adoc,/Users/brywoodruff/Projects/Vibe/rspec/rules/S1081/metadata.json
S109,Magic numbers should not be used,CODE_SMELL,Major,ready,Main,vb6;java;abap;csharp;plsql;javascript;cobol;cfamily,brain-overload,MAINTAINABILITY:MEDIUM,Constant/Issue: 5min,,rule.adoc,/Users/brywoodruff/Projects/Vibe/rspec/rules/S109/metadata.json
S110,Inheritance tree of classes should not be too deep,CODE_SMELL,Major,ready,All,java;php;csharp;cfamily,,MAINTAINABILITY:MEDIUM,Linear with offset,Sonar way,rule.adoc,/Users/brywoodruff/Projects/Vibe/rspec/rules/S110/metadata.json
S1103,"""/*"" and ""//"" should not be used within comments",CODE_SMELL,Minor,ready,Main,java;pli;plsql;cfamily,confusing,MAINTAINABILITY:LOW,Constant/Issue: 2min,Sonar way,rule.adoc,/Users/brywoodruff/Projects/Vibe/rspec/rules/S1103/metadata.json
S1110,Redundant pairs of parentheses should be removed,CODE_SMELL,Major,ready,All,apex;go;python;tsql;java;vbnet;abap;kotlin;php;scala;swift;csharp;plsql;javascript;cobol;ruby;cfamily,confusing,MAINTAINABILITY:MEDIUM,Constant/Issue: 1min,Sonar way,rule.adoc,/Users/brywoodruff/Projects/Vibe/rspec/rules/S1110/metadata.json
S1116,Empty statements should be removed,CODE_SMELL,Minor,ready,All,go;css;dart;rust;tsql;vb6;java;php;csharp;javascript;flex;cfamily,unused,MAINTAINABILITY:LOW,Constant/Issue: 2min,Sonar way,rule.adoc,/Users/brywoodruff/Projects/Vibe/rspec/rules/S1116/metadata.json
S1117,,CODE_SMELL,Major,ready,All,java;php;swift;csharp;plsql;javascript;flex;cfamily,suspicious;pitfall,MAINTAINABILITY:MEDIUM,Constant/Issue: 5min,Sonar way,rule.adoc,/Users/brywoodruff/Projects/Vibe/rspec/rules/S1117/metadata.json
S112,Generic exceptions should never be thrown,CODE_SMELL,Major,ready,Main,python;java;vbnet;php;csharp;cfamily,cwe;error-handling,MAINTAINABILITY:MEDIUM,Constant/Issue: 20min,Sonar way,rule.adoc,/Users/brywoodruff/Projects/Vibe/rspec/rules/S112/metadata.json
S1121,Assignments should not be made from within sub-expressions,CODE_SMELL,Major,ready,All,java;php;csharp;javascript;cfamily,cwe;suspicious,MAINTAINABILITY:MEDIUM,Constant/Issue: 5min,Sonar way,rule.adoc,/Users/brywoodruff/Projects/Vibe/rspec/rules/S1121/metadata.json
S1123,Deprecated elements should have both the annotation and the Javadoc tag,CODE_SMELL,Major,ready,All,dart;java;vbnet;csharp;cfamily,obsolete;bad-practice,MAINTAINABILITY:MEDIUM,Constant/Issue: 5min,Sonar way,rule.adoc,/Users/brywoodruff/Projects/Vibe/rspec/rules/S1123/metadata.json
S113,Files should end with a newline,CODE_SMELL,Minor,ready,All,python;dart;java;php;swift;csharp;javascript;cfamily,convention,MAINTAINABILITY:LOW,Constant/Issue: 1min,,rule.adoc,/Users/brywoodruff/Projects/Vibe/rspec/rules/S113/metadata.json
S1131,Lines should not end with trailing whitespaces,CODE_SMELL,Minor,ready,Main,python;vb6;php;swift;plsql;javascript;cfamily,convention,MAINTAINABILITY:LOW,Constant/Issue: 1min,,rule.adoc,/Users/brywoodruff/Projects/Vibe/rspec/rules/S1131/metadata.json
S1133,Deprecated code should be removed,CODE_SMELL,Info,ready,All,dart;java;vbnet;kotlin;swift;csharp;cfamily,obsolete,MAINTAINABILITY:INFO,Constant/Issue: 10min,Sonar way,rule.adoc,/Users/brywoodruff/Projects/Vibe/rspec/rules/S1133/metadata.json
S1134,"Track uses of ""FIXME"" tags",CODE_SMELL,Major,ready,All,apex;go;python;dart;tsql;vb6;java;html;vbnet;kotlin;php;xml;scala;swift;csharp;plsql;javascript;cobol;ruby;cfamily,cwe,MAINTAINABILITY:MEDIUM,Constant/Issue: 0min,Sonar way,non-compliant-example.adoc;rule.adoc,/Users/brywoodruff/Projects/Vibe/rspec/rules/S1134/metadata.json
S1135,"Track uses of ""TODO"" tags",CODE_SMELL,Info,ready,All,terraform;docker;apex;go;python;dart;shell;azureresourcemanager;tsql;vb6;java;html;vbnet;kotlin;php;xml;ansible;githubactions;scala;swift;csharp;plsql;javascript;kubernetes;cloudformation;cobol;ruby;cfamily,cwe,MAINTAINABILITY:INFO,Constant/Issue: 0min,Sonar way,rule.adoc,/Users/brywoodruff/Projects/Vibe/rspec/rules/S1135/metadata.json
S1141,Try-catch blocks should not be nested,CODE_SMELL,Major,ready,All,java;cfamily,error-handling;confusing,MAINTAINABILITY:MEDIUM,Constant/Issue: 20min,Sonar way,rule.adoc,/Users/brywoodruff/Projects/Vibe/rspec/rules/S1141/metadata.json
S1142,Functions should not contain too many return statements,CODE_SMELL,Major,ready,Main,python;java;php;swift;flex;cfamily,brain-overload,MAINTAINABILITY:MEDIUM,Constant/Issue: 20min,,rule.adoc,/Users/brywoodruff/Projects/Vibe/rspec/rules/S1142/metadata.json
S1143,"Jump statements should not occur in ""finally"" blocks",BUG,Critical,ready,All,python;dart;java;kotlin;javascript;cfamily,cwe;error-handling,RELIABILITY:HIGH,Constant/Issue: 30min,Sonar way,rule.adoc,/Users/brywoodruff/Projects/Vibe/rspec/rules/S1143/metadata.json
S1144,"Unused ""private"" methods should be removed",CODE_SMELL,Major,ready,All,apex;python;java;kotlin;php;scala;swift;csharp;flex;cfamily,unused,MAINTAINABILITY:MEDIUM,Constant/Issue: 2min,Sonar way,rule.adoc,/Users/brywoodruff/Projects/Vibe/rspec/rules/S1144/metadata.json
S1145,"Useless ""if(true) {...}"" and ""if(false){...}"" blocks should be removed",BUG,Major,superseded,All,apex;go;python;rpg;vb6;java;vbnet;abap;kotlin;php;pli;scala;swift;csharp;plsql;javascript;flex;ruby;cfamily,cwe,,Constant/Issue: 2min,,rule.adoc,/Users/brywoodruff/Projects/Vibe/rspec/rules/S1145/metadata.json
S1151,"""switch case"" clauses should not have too many lines of code",CODE_SMELL,Major,ready,Main,apex;go;shell;rpg;tsql;vb6;java;vbnet;abap;kotlin;php;scala;swift;csharp;plsql;flex;ruby;cfamily,brain-overload,MAINTAINABILITY:MEDIUM,Constant/Issue: 5min,,rule.adoc,/Users/brywoodruff/Projects/Vibe/rspec/rules/S1151/metadata.json
S1155,"""Collection.isEmpty()"" should be used to test for emptiness",CODE_SMELL,Minor,ready,All,dart;java;vbnet;php;swift;csharp;cfamily,clumsy,MAINTAINABILITY:LOW,Constant/Issue: 2min,Sonar way,rule.adoc,/Users/brywoodruff/Projects/Vibe/rspec/rules/S1155/metadata.json
S116,Field names should comply with a naming convention,CODE_SMELL,Minor,ready,All,python;java;php;swift;csharp;flex;cfamily,convention,MAINTAINABILITY:LOW,Constant/Issue: 2min,Sonar way,rule.adoc,/Users/brywoodruff/Projects/Vibe/rspec/rules/S116/metadata.json
S1163,Exceptions should not be thrown in finally blocks,CODE_SMELL,Critical,ready,Main,java;vbnet;csharp;cfamily,error-handling;suspicious,MAINTAINABILITY:HIGH,Constant/Issue: 30min,Sonar way,rule.adoc,/Users/brywoodruff/Projects/Vibe/rspec/rules/S1163/metadata.json
S117,Local variable and function parameter names should comply with a naming convention,CODE_SMELL,Minor,ready,All,apex;go;python;azureresourcemanager;tsql;java;vbnet;kotlin;php;scala;swift;plsql;javascript;kubernetes;flex;ruby;cfamily,convention,MAINTAINABILITY:LOW,Constant/Issue: 2min,Sonar way,rule.adoc,/Users/brywoodruff/Projects/Vibe/rspec/rules/S117/metadata.json
S1172,Unused function parameters should be removed,CODE_SMELL,Major,ready,All,apex;go;jcl;python;tsql;java;vbnet;kotlin;php;scala;swift;csharp;plsql;javascript;flex;ruby;cfamily,unused,MAINTAINABILITY:MEDIUM,Constant/Issue: 5min,Sonar way,rule.adoc,/Users/brywoodruff/Projects/Vibe/rspec/rules/S1172/metadata.json
S1180,,,,,,cfamily,,,Unknown,,rule.adoc,/Users/brywoodruff/Projects/Vibe/rspec/rules/S1180/metadata.json
S1181,Throwable and Error should not be caught,CODE_SMELL,Major,ready,Main,java;cfamily,cwe;error-handling;bad-practice;cert,MAINTAINABILITY:MEDIUM,Constant/Issue: 20min,Sonar way,rule.adoc,/Users/brywoodruff/Projects/Vibe/rspec/rules/S1181/metadata.json
S1185,Overriding methods should do more than simply call the same method in the super class ,CODE_SMELL,Minor,ready,All,dart;java;php;csharp;flex;cfamily,redundant;clumsy,MAINTAINABILITY:LOW,Constant/Issue: 2min,Sonar way,rule.adoc,/Users/brywoodruff/Projects/Vibe/rspec/rules/S1185/metadata.json
S1186,Methods should not be empty,CODE_SMELL,Critical,ready,All,apex;go;jcl;python;vb6;java;vbnet;kotlin;php;scala;swift;csharp;javascript;flex;ruby;cfamily,suspicious,MAINTAINABILITY:HIGH,Constant/Issue: 5min,Sonar way,rule.adoc,/Users/brywoodruff/Projects/Vibe/rspec/rules/S1186/metadata.json
S1188,Anonymous classes should not have too many lines,CODE_SMELL,Major,ready,Main,java;swift;csharp;cfamily,,MAINTAINABILITY:MEDIUM,Constant/Issue: 20min,,rule.adoc,/Users/brywoodruff/Projects/Vibe/rspec/rules/S1188/metadata.json
S1198,,,,,,cfamily,,,Unknown,,rule.adoc,/Users/brywoodruff/Projects/Vibe/rspec/rules/S1198/metadata.json
S1199,Nested code blocks should not be used,CODE_SMELL,Minor,ready,All,java;csharp;javascript;cfamily,bad-practice,MAINTAINABILITY:LOW,Constant/Issue: 10min,Sonar way,rule.adoc,/Users/brywoodruff/Projects/Vibe/rspec/rules/S1199/metadata.json
S121,Control structures should use curly braces,CODE_SMELL,Critical,ready,All,dart;tsql;java;kotlin;php;common;pli;csharp;javascript;cfamily,pitfall,MAINTAINABILITY:HIGH,Constant/Issue: 2min,,rule.adoc,/Users/brywoodruff/Projects/Vibe/rspec/rules/S121/metadata.json
S1219,"""switch"" statements should not contain non-case labels",CODE_SMELL,Blocker,ready,All,java;javascript;cfamily,suspicious,MAINTAINABILITY:BLOCKER,Constant/Issue: 10min,Sonar way,rule.adoc,/Users/brywoodruff/Projects/Vibe/rspec/rules/S1219/metadata.json
S122,Statements should be on separate lines,CODE_SMELL,Major,ready,All,apex;go;python;tsql;vb6;java;vbnet;abap;kotlin;php;common;pli;scala;swift;csharp;plsql;javascript;cobol;flex;ruby;cfamily,convention,MAINTAINABILITY:MEDIUM,Constant/Issue: 1min,,compliant.adoc;noncompliant.adoc;rule.adoc,/Users/brywoodruff/Projects/Vibe/rspec/rules/S122/metadata.json
S1224,Field names should not match any method names,CODE_SMELL,Major,closed,Main,java;vbnet;csharp;flex;cfamily,,,Linear,,rule.adoc,/Users/brywoodruff/Projects/Vibe/rspec/rules/S1224/metadata.json
S1226,"Method parameters, caught exceptions and foreach variables' initial values should not be ignored",BUG,Minor,ready,All,python;java;vbnet;php;csharp;javascript;cfamily,,RELIABILITY:LOW,Constant/Issue: 5min,Sonar way,rule.adoc,/Users/brywoodruff/Projects/Vibe/rspec/rules/S1226/metadata.json
S1227,break statements should not be used except for switch cases,CODE_SMELL,Minor,deprecated,All,csharp;cfamily,,MAINTAINABILITY:LOW,Constant/Issue: 10min,,rule.adoc,/Users/brywoodruff/Projects/Vibe/rspec/rules/S1227/metadata.json
S1231,,,,,,cfamily,,,Unknown,,rule.adoc,/Users/brywoodruff/Projects/Vibe/rspec/rules/S1231/metadata.json
S1232,,,,,,cfamily,,,Unknown,,rule.adoc,/Users/brywoodruff/Projects/Vibe/rspec/rules/S1232/metadata.json
S1233,,,,,,cfamily,,,Unknown,,rule.adoc,/Users/brywoodruff/Projects/Vibe/rspec/rules/S1233/metadata.json
S1234,,,,,,cfamily,,,Unknown,,rule.adoc,/Users/brywoodruff/Projects/Vibe/rspec/rules/S1234/metadata.json
S1235,,,,,,cfamily,,,Unknown,,rule.adoc,/Users/brywoodruff/Projects/Vibe/rspec/rules/S1235/metadata.json
S1236,,,,,,cfamily,,,Unknown,,rule.adoc,/Users/brywoodruff/Projects/Vibe/rspec/rules/S1236/metadata.json
S1237,,,,,,cfamily,,,Unknown,,rule.adoc,/Users/brywoodruff/Projects/Vibe/rspec/rules/S1237/metadata.json
S1238,Subroutine parameters should be passed by reference rather than by value,CODE_SMELL,Major,ready,Main,abap;cfamily,performance,MAINTAINABILITY:MEDIUM,Constant/Issue: 5min,Sonar way,rule.adoc,/Users/brywoodruff/Projects/Vibe/rspec/rules/S1238/metadata.json
S1239,,,,,,cfamily,,,Unknown,,rule.adoc,/Users/brywoodruff/Projects/Vibe/rspec/rules/S1239/metadata.json
S1240,,,,,,cfamily,,,Unknown,,rule.adoc,/Users/brywoodruff/Projects/Vibe/rspec/rules/S1240/metadata.json
S1241,,,,,,cfamily,,,Unknown,,rule.adoc,/Users/brywoodruff/Projects/Vibe/rspec/rules/S1241/metadata.json
S1242,,,,,,cfamily,,,Unknown,,rule.adoc,/Users/brywoodruff/Projects/Vibe/rspec/rules/S1242/metadata.json
S1243,,,,,,cfamily,,,Unknown,,rule.adoc,/Users/brywoodruff/Projects/Vibe/rspec/rules/S1243/metadata.json
S1244,Floating point numbers should not be tested for equality,BUG,Major,ready,All,python;java;swift;csharp;javascript;cfamily,,RELIABILITY:MEDIUM,Constant/Issue: 5min,,rule.adoc,/Users/brywoodruff/Projects/Vibe/rspec/rules/S1244/metadata.json
S1245,,,,,,cfamily,,,Unknown,,rule.adoc,/Users/brywoodruff/Projects/Vibe/rspec/rules/S1245/metadata.json
S1246,,,,,,cfamily,,,Unknown,,rule.adoc,/Users/brywoodruff/Projects/Vibe/rspec/rules/S1246/metadata.json
S1248,,,,,,cfamily,,,Unknown,,rule.adoc,/Users/brywoodruff/Projects/Vibe/rspec/rules/S1248/metadata.json
S1249,,,,,,cfamily,,,Unknown,,rule.adoc,/Users/brywoodruff/Projects/Vibe/rspec/rules/S1249/metadata.json
S125,Sections of code should not be commented out,CODE_SMELL,Major,ready,All,apex;python;css;rpg;tsql;java;html;abap;kotlin;php;xml;scala;swift;csharp;plsql;javascript;cobol;flex;cfamily,unused,MAINTAINABILITY:MEDIUM,Constant/Issue: 5min,Sonar way,rule.adoc,/Users/brywoodruff/Projects/Vibe/rspec/rules/S125/metadata.json
S1250,,,,,,cfamily,,,Unknown,,rule.adoc,/Users/brywoodruff/Projects/Vibe/rspec/rules/S1250/metadata.json
S1251,,,,,,cfamily,,,Unknown,,rule.adoc,/Users/brywoodruff/Projects/Vibe/rspec/rules/S1251/metadata.json
S1252,,,,,,cfamily,,,Unknown,,rule.adoc,/Users/brywoodruff/Projects/Vibe/rspec/rules/S1252/metadata.json
S1253,,,,,,cfamily,,,Unknown,,rule.adoc,/Users/brywoodruff/Projects/Vibe/rspec/rules/S1253/metadata.json
S1254,,,,,,cfamily,,,Unknown,,rule.adoc,/Users/brywoodruff/Projects/Vibe/rspec/rules/S1254/metadata.json
S1256,,,,,,cfamily,,,Unknown,,rule.adoc,/Users/brywoodruff/Projects/Vibe/rspec/rules/S1256/metadata.json
S1257,,,,,,cfamily,,,Unknown,,rule.adoc,/Users/brywoodruff/Projects/Vibe/rspec/rules/S1257/metadata.json
S1259,,,,,,cfamily,,,Unknown,,rule.adoc,/Users/brywoodruff/Projects/Vibe/rspec/rules/S1259/metadata.json
S126,"""if ... else if"" constructs should end with ""else"" clauses",CODE_SMELL,Critical,ready,All,apex;go;shell;rpg;rust;tsql;java;vbnet;abap;kotlin;php;scala;swift;csharp;plsql;javascript;ruby;cfamily,,MAINTAINABILITY:HIGH,Constant/Issue: 5min,,rule.adoc,/Users/brywoodruff/Projects/Vibe/rspec/rules/S126/metadata.json
S1260,,,,,,cfamily,,,Unknown,,rule.adoc,/Users/brywoodruff/Projects/Vibe/rspec/rules/S1260/metadata.json
S1261,,,,,,cfamily,,,Unknown,,rule.adoc,/Users/brywoodruff/Projects/Vibe/rspec/rules/S1261/metadata.json
S1262,,,,,,cfamily,,,Unknown,,rule.adoc,/Users/brywoodruff/Projects/Vibe/rspec/rules/S1262/metadata.json
S1264,"A ""while"" loop should be used instead of a ""for"" loop",CODE_SMELL,Minor,ready,All,java;php;csharp;javascript;cfamily,clumsy,MAINTAINABILITY:LOW,Constant/Issue: 5min,Sonar way,rule.adoc,/Users/brywoodruff/Projects/Vibe/rspec/rules/S1264/metadata.json
S1265,,,,,,cfamily,,,Unknown,,rule.adoc,/Users/brywoodruff/Projects/Vibe/rspec/rules/S1265/metadata.json
S1266,,,,,,cfamily,,,Unknown,,rule.adoc,/Users/brywoodruff/Projects/Vibe/rspec/rules/S1266/metadata.json
S1267,,,,,,cfamily,,,Unknown,,rule.adoc,/Users/brywoodruff/Projects/Vibe/rspec/rules/S1267/metadata.json
S1269,,,,,,cfamily,,,Unknown,,rule.adoc,/Users/brywoodruff/Projects/Vibe/rspec/rules/S1269/metadata.json
S127,"""for"" loop stop conditions should be invariant",CODE_SMELL,Major,ready,All,java;php;csharp;javascript;flex;cfamily,pitfall,MAINTAINABILITY:MEDIUM,Constant/Issue: 10min,Sonar way,rule.adoc,/Users/brywoodruff/Projects/Vibe/rspec/rules/S127/metadata.json
S1270,"Functions without parameters should not use ""(void)""",CODE_SMELL,Minor,ready,Main,cfamily,convention,MAINTAINABILITY:LOW,Constant/Issue: 2min,,rule.adoc,/Users/brywoodruff/Projects/Vibe/rspec/rules/S1270/metadata.json
S1271,,,,,,cfamily,,,Unknown,,rule.adoc,/Users/brywoodruff/Projects/Vibe/rspec/rules/S1271/metadata.json
S1272,,,,,,cfamily,,,Unknown,,rule.adoc,/Users/brywoodruff/Projects/Vibe/rspec/rules/S1272/metadata.json
S128,"Switch cases should end with an unconditional ""break"" statement",CODE_SMELL,Blocker,ready,All,java;php;javascript;flex;cfamily,cwe;suspicious,MAINTAINABILITY:BLOCKER,Constant/Issue: 10min,Sonar way,rule.adoc,/Users/brywoodruff/Projects/Vibe/rspec/rules/S128/metadata.json
S129,Analysis failure preventing from detecting quality flaws and bugs,CODE_SMELL,Major,closed,Main,java;flex;cfamily,,,Unknown,,rule.adoc,/Users/brywoodruff/Projects/Vibe/rspec/rules/S129/metadata.json
S1291,"Track uses of ""NOSONAR"" comments",CODE_SMELL,Major,ready,All,python;tsql;java;php;plsql;javascript;cobol;cfamily,bad-practice,MAINTAINABILITY:MEDIUM,Constant/Issue: 1min,,rule.adoc,/Users/brywoodruff/Projects/Vibe/rspec/rules/S1291/metadata.json
S1301,"""switch"" statements should have at least 3 ""case"" clauses",CODE_SMELL,Minor,ready,All,vb6;java;vbnet;abap;php;swift;csharp;javascript;flex;cfamily,bad-practice,MAINTAINABILITY:LOW,Constant/Issue: 5min,Sonar way,rule.adoc,/Users/brywoodruff/Projects/Vibe/rspec/rules/S1301/metadata.json
S131,"""switch"" statements should have ""default"" clauses",CODE_SMELL,Critical,ready,All,apex;go;shell;tsql;vb6;java;vbnet;abap;kotlin;php;pli;scala;csharp;plsql;javascript;cobol;flex;ruby;cfamily,cwe,MAINTAINABILITY:HIGH,Constant/Issue: 5min,Sonar way,rule.adoc,/Users/brywoodruff/Projects/Vibe/rspec/rules/S131/metadata.json
S1311,Cyclomatic Complexity of classes should not be too high,CODE_SMELL,Critical,deprecated,Main,python;java;abap;php;swift;flex;cfamily,brain-overload,,Linear with offset,,rule.adoc,/Users/brywoodruff/Projects/Vibe/rspec/rules/S1311/metadata.json
S1313,Using hardcoded IP addresses is security-sensitive,SECURITY_HOTSPOT,Minor,ready,Main,apex;go;python;tsql;vb6;java;vbnet;abap;kotlin;php;scala;swift;csharp;javascript;ruby;cfamily,,SECURITY:LOW,Constant/Issue: 30min,Sonar way,rule.adoc,/Users/brywoodruff/Projects/Vibe/rspec/rules/S1313/metadata.json
S1314,Octal values should not be used,CODE_SMELL,Blocker,ready,All,go;java;php;javascript;flex;ruby;cfamily,pitfall,MAINTAINABILITY:BLOCKER,Constant/Issue: 5min,,rule.adoc,/Users/brywoodruff/Projects/Vibe/rspec/rules/S1314/metadata.json
S134,"Control flow statements ""if"", ""for"", ""while"", ""switch"" and ""try"" should not be nested too deeply",CODE_SMELL,Critical,ready,All,apex;go;python;rpg;tsql;java;vbnet;abap;kotlin;php;pli;scala;swift;csharp;plsql;javascript;cobol;flex;ruby;cfamily,brain-overload,MAINTAINABILITY:HIGH,Constant/Issue: 10min,,rule.adoc,/Users/brywoodruff/Projects/Vibe/rspec/rules/S134/metadata.json
S138,Functions should not have too many lines of code,CODE_SMELL,Major,ready,Main,apex;go;python;shell;rpg;tsql;vb6;java;vbnet;kotlin;php;scala;swift;csharp;javascript;flex;ruby;cfamily,brain-overload,MAINTAINABILITY:MEDIUM,Constant/Issue: 20min,,rule.adoc,/Users/brywoodruff/Projects/Vibe/rspec/rules/S138/metadata.json
S139,Comments should not be located at the end of lines of code,CODE_SMELL,Minor,ready,All,python;vb6;java;vbnet;php;swift;plsql;javascript;cfamily,convention,MAINTAINABILITY:LOW,Constant/Issue: 1min,,rule.adoc,/Users/brywoodruff/Projects/Vibe/rspec/rules/S139/metadata.json
S1448,Classes should not have too many methods,CODE_SMELL,Major,ready,Main,java;php;flex;cfamily,brain-overload,MAINTAINABILITY:MEDIUM,Constant/Issue: 1h,,rule.adoc,/Users/brywoodruff/Projects/Vibe/rspec/rules/S1448/metadata.json
S1451,Track lack of copyright and license headers,CODE_SMELL,Blocker,ready,All,apex;go;python;rpg;tsql;java;html;vbnet;kotlin;php;scala;swift;csharp;plsql;javascript;cobol;flex;ruby;cfamily,convention,MAINTAINABILITY:BLOCKER,Constant/Issue: 5min,,rule.adoc,/Users/brywoodruff/Projects/Vibe/rspec/rules/S1451/metadata.json
S1477,Source files should not have any duplicated blocks,CODE_SMELL,Critical,closed,Main,python;rpg;vb6;java;vbnet;abap;php;pli;swift;csharp;plsql;javascript;cobol;flex;cfamily,pitfall,,Linear with offset,Sonar way,rule.adoc,/Users/brywoodruff/Projects/Vibe/rspec/rules/S1477/metadata.json
S1479,"""switch"" statements should not have too many ""case"" clauses",CODE_SMELL,Major,ready,All,apex;go;tsql;vb6;java;vbnet;kotlin;php;scala;swift;csharp;plsql;javascript;cobol;ruby;cfamily,brain-overload,MAINTAINABILITY:MEDIUM,Constant/Issue: 30min,Sonar way,rule.adoc,/Users/brywoodruff/Projects/Vibe/rspec/rules/S1479/metadata.json
S1481,Unused local variables should be removed,CODE_SMELL,Minor,ready,All,apex;python;dart;shell;azureresourcemanager;tsql;java;vbnet;abap;kotlin;php;scala;swift;csharp;plsql;javascript;flex;ruby;cfamily,unused,MAINTAINABILITY:LOW,Constant/Issue: 5min,Sonar way,rule.adoc,/Users/brywoodruff/Projects/Vibe/rspec/rules/S1481/metadata.json
S1482,Branches should have sufficient coverage by unit tests,CODE_SMELL,Critical,closed,Main,python;rpg;vb6;java;vbnet;abap;php;pli;swift;csharp;plsql;javascript;cobol;flex;cfamily,bad-practice,,Linear,,rule.adoc,/Users/brywoodruff/Projects/Vibe/rspec/rules/S1482/metadata.json
S1483,Lines should have sufficient coverage by unit tests,CODE_SMELL,Critical,closed,Main,python;rpg;vb6;java;vbnet;abap;php;pli;swift;csharp;plsql;javascript;cobol;flex;cfamily,bad-practice,,Linear,,rule.adoc,/Users/brywoodruff/Projects/Vibe/rspec/rules/S1483/metadata.json
S1484,Track instances of below-threshold comment line density,CODE_SMELL,Minor,closed,Main,python;rpg;tsql;vb6;java;html;vbnet;abap;php;xml;pli;swift;csharp;plsql;javascript;cobol;flex;cfamily,convention,,Linear,,rule.adoc,/Users/brywoodruff/Projects/Vibe/rspec/rules/S1484/metadata.json
S1541,Cyclomatic Complexity of functions should not be too high,CODE_SMELL,Critical,ready,Main,python;dart;rpg;vb6;java;vbnet;abap;php;swift;csharp;plsql;javascript;flex;cfamily,brain-overload,MAINTAINABILITY:HIGH,Linear with offset,,rule.adoc,/Users/brywoodruff/Projects/Vibe/rspec/rules/S1541/metadata.json
S1543,Macro names should comply with a naming convention,CODE_SMELL,Minor,ready,Main,abap;cfamily,convention;preprocessor,MAINTAINABILITY:LOW,Constant/Issue: 10min,Sonar way,rule.adoc,/Users/brywoodruff/Projects/Vibe/rspec/rules/S1543/metadata.json
S1545,Variable names should comply with a naming convention,CODE_SMELL,Major,ready,Main,abap;pli;cfamily,convention,MAINTAINABILITY:MEDIUM,Constant/Issue: 5min,Sonar way,rule.adoc,/Users/brywoodruff/Projects/Vibe/rspec/rules/S1545/metadata.json
S1578,File names should comply with a naming convention,CODE_SMELL,Minor,ready,Main,python;dart;php;pli;cobol;cfamily,convention,MAINTAINABILITY:LOW,Constant/Issue: 10min,,rule.adoc,/Users/brywoodruff/Projects/Vibe/rspec/rules/S1578/metadata.json
S1606,Failed unit tests should be fixed,CODE_SMELL,Blocker,closed,Tests,python;rpg;vb6;java;vbnet;abap;php;pli;swift;csharp;plsql;javascript;cobol;flex;cfamily,tests,,Linear,,rule.adoc,/Users/brywoodruff/Projects/Vibe/rspec/rules/S1606/metadata.json
S1642,"""struct"" names should comply with a naming convention",CODE_SMELL,Minor,ready,Main,swift;cfamily,convention,MAINTAINABILITY:LOW,Constant/Issue: 10min,,rule.adoc,/Users/brywoodruff/Projects/Vibe/rspec/rules/S1642/metadata.json
S1656,Variables should not be self-assigned,BUG,Major,ready,All,apex;go;python;shell;rpg;rust;tsql;java;vbnet;abap;kotlin;php;scala;csharp;plsql;javascript;cobol;ruby;cfamily,,RELIABILITY:MEDIUM,Constant/Issue: 3min,Sonar way,rule.adoc,/Users/brywoodruff/Projects/Vibe/rspec/rules/S1656/metadata.json
S1659,Multiple variables should not be declared on the same line,CODE_SMELL,Minor,ready,All,go;tsql;vb6;java;vbnet;swift;csharp;cfamily,convention,MAINTAINABILITY:LOW,Constant/Issue: 2min,Sonar way,rule.adoc,/Users/brywoodruff/Projects/Vibe/rspec/rules/S1659/metadata.json
S1669,Keywords should not be used as variable names,CODE_SMELL,Blocker,ready,Main,abap;pli;csharp;cfamily,pitfall,MAINTAINABILITY:BLOCKER,Constant/Issue: 10min,Sonar way,rule.adoc,/Users/brywoodruff/Projects/Vibe/rspec/rules/S1669/metadata.json
S1677,Comment indentation should match code indentation,CODE_SMELL,Minor,closed,Main,python;vb6;java;html;vbnet;abap;php;xml;csharp;javascript;flex;cfamily,convention,,Constant/Issue: 5min,Sonar way,rule.adoc,/Users/brywoodruff/Projects/Vibe/rspec/rules/S1677/metadata.json
S1679,The original exception object should be rethrown,BUG,Major,ready,All,dart;cfamily,,RELIABILITY:MEDIUM,Constant/Issue: 5min,Sonar way,rule.adoc,/Users/brywoodruff/Projects/Vibe/rspec/rules/S1679/metadata.json
S1699,Constructors should only call non-overridable methods,CODE_SMELL,Critical,ready,Main,java;csharp;cfamily,pitfall,MAINTAINABILITY:HIGH,Constant/Issue: 10min,,rule.adoc,/Users/brywoodruff/Projects/Vibe/rspec/rules/S1699/metadata.json
S1700,A field should not duplicate the name of its containing class,CODE_SMELL,Major,ready,All,python;java;vbnet;php;swift;csharp;cfamily,brain-overload,MAINTAINABILITY:MEDIUM,Constant/Issue: 10min,Sonar way,rule.adoc,/Users/brywoodruff/Projects/Vibe/rspec/rules/S1700/metadata.json
S1704,,,,,,cfamily,,,Unknown,,rule.adoc,/Users/brywoodruff/Projects/Vibe/rspec/rules/S1704/metadata.json
S1705,,,,,,cfamily,,,Unknown,,rule.adoc,/Users/brywoodruff/Projects/Vibe/rspec/rules/S1705/metadata.json
S1706,,,,,,cfamily,,,Unknown,,rule.adoc,/Users/brywoodruff/Projects/Vibe/rspec/rules/S1706/metadata.json
S1707,"Track ""TODO"" and ""FIXME"" comments that do not contain a reference to a person",CODE_SMELL,Minor,ready,Main,python;cfamily,convention,MAINTAINABILITY:LOW,Constant/Issue: 2min,,rule.adoc,/Users/brywoodruff/Projects/Vibe/rspec/rules/S1707/metadata.json
S1708,,,,,,cfamily,,,Unknown,,rule.adoc,/Users/brywoodruff/Projects/Vibe/rspec/rules/S1708/metadata.json
S1709,,,,,,cfamily,,,Unknown,,rule.adoc,/Users/brywoodruff/Projects/Vibe/rspec/rules/S1709/metadata.json
S1712,,,,,,cfamily,,,Unknown,,rule.adoc,/Users/brywoodruff/Projects/Vibe/rspec/rules/S1712/metadata.json
S1719,Track citations of missing copybooks,CODE_SMELL,Major,closed,Main,cobol;cfamily,,,Constant/Issue: 10min,,rule.adoc,/Users/brywoodruff/Projects/Vibe/rspec/rules/S1719/metadata.json
S1749,,,,,,cfamily,,,Unknown,,rule.adoc,/Users/brywoodruff/Projects/Vibe/rspec/rules/S1749/metadata.json
S1750,,,,,,cfamily,,,Unknown,,rule.adoc,/Users/brywoodruff/Projects/Vibe/rspec/rules/S1750/metadata.json
S1751,Loops with at most one iteration should be refactored,BUG,Major,ready,All,go;python;rust;tsql;java;vbnet;abap;php;swift;csharp;plsql;javascript;cfamily,confusing;bad-practice,RELIABILITY:MEDIUM,Constant/Issue: 5min,Sonar way,rule.adoc,/Users/brywoodruff/Projects/Vibe/rspec/rules/S1751/metadata.json
S1760,,,,,,cfamily,,,Unknown,,rule.adoc,/Users/brywoodruff/Projects/Vibe/rspec/rules/S1760/metadata.json
S1761,,,,,,cfamily,,,Unknown,,rule.adoc,/Users/brywoodruff/Projects/Vibe/rspec/rules/S1761/metadata.json
S1762,,,,,,cfamily,,,Unknown,,rule.adoc,/Users/brywoodruff/Projects/Vibe/rspec/rules/S1762/metadata.json
S1763,All code should be reachable,BUG,Major,ready,Main,apex;go;python;tsql;kotlin;php;scala;swift;plsql;javascript;ruby;cfamily,cwe;unused,RELIABILITY:MEDIUM,Constant/Issue: 5min,Sonar way,rule.adoc,/Users/brywoodruff/Projects/Vibe/rspec/rules/S1763/metadata.json
S1764,Identical expressions should not be used on both sides of a binary operator,BUG,Major,ready,All,apex;go;python;shell;rpg;rust;tsql;java;vbnet;abap;kotlin;php;scala;swift;csharp;plsql;javascript;cobol;ruby;cfamily,suspicious,RELIABILITY:MEDIUM,Constant/Issue: 2min,Sonar way,rule.adoc,/Users/brywoodruff/Projects/Vibe/rspec/rules/S1764/metadata.json
S1767,,,,,,cfamily,,,Unknown,,rule.adoc,/Users/brywoodruff/Projects/Vibe/rspec/rules/S1767/metadata.json
S1768,,,,,,cfamily,,,Unknown,,rule.adoc,/Users/brywoodruff/Projects/Vibe/rspec/rules/S1768/metadata.json
S1769,,,,,,cfamily,,,Unknown,,rule.adoc,/Users/brywoodruff/Projects/Vibe/rspec/rules/S1769/metadata.json
S1770,,,,,,cfamily,,,Unknown,,rule.adoc,/Users/brywoodruff/Projects/Vibe/rspec/rules/S1770/metadata.json
S1771,,,,,,cfamily,,,Unknown,,rule.adoc,/Users/brywoodruff/Projects/Vibe/rspec/rules/S1771/metadata.json
S1772,Constants should come first in equality tests,CODE_SMELL,Minor,deprecated,Main,cfamily,,MAINTAINABILITY:LOW,Constant/Issue: 10min,,rule.adoc,/Users/brywoodruff/Projects/Vibe/rspec/rules/S1772/metadata.json
S1773,,,,,,cfamily,,,Unknown,,rule.adoc,/Users/brywoodruff/Projects/Vibe/rspec/rules/S1773/metadata.json
S1774,The ternary operator should not be used,CODE_SMELL,Major,ready,All,java;javascript;cfamily,brain-overload,MAINTAINABILITY:MEDIUM,Constant/Issue: 5min,,rule.adoc,/Users/brywoodruff/Projects/Vibe/rspec/rules/S1774/metadata.json
S1775,,,,,,cfamily,,,Unknown,,rule.adoc,/Users/brywoodruff/Projects/Vibe/rspec/rules/S1775/metadata.json
S1820,Classes should not have too many fields,CODE_SMELL,Major,ready,Main,java;php;flex;cfamily,brain-overload,MAINTAINABILITY:MEDIUM,Constant/Issue: 1h,,rule.adoc,/Users/brywoodruff/Projects/Vibe/rspec/rules/S1820/metadata.json
S1821,"""switch"" statements should not be nested",CODE_SMELL,Critical,ready,All,apex;go;vb6;java;vbnet;kotlin;php;scala;swift;csharp;javascript;flex;ruby;cfamily,pitfall,MAINTAINABILITY:HIGH,Constant/Issue: 10min,,rule.adoc,/Users/brywoodruff/Projects/Vibe/rspec/rules/S1821/metadata.json
S1831,,,,,,cfamily,,,Unknown,,rule.adoc,/Users/brywoodruff/Projects/Vibe/rspec/rules/S1831/metadata.json
S1836,,,,,,cfamily,,,Unknown,,rule.adoc,/Users/brywoodruff/Projects/Vibe/rspec/rules/S1836/metadata.json
S1851,,,,,,cfamily,,,Unknown,,rule.adoc,/Users/brywoodruff/Projects/Vibe/rspec/rules/S1851/metadata.json
S1852,,,,,,cfamily,,,Unknown,,rule.adoc,/Users/brywoodruff/Projects/Vibe/rspec/rules/S1852/metadata.json
S1853,,,,,,cfamily,,,Unknown,,rule.adoc,/Users/brywoodruff/Projects/Vibe/rspec/rules/S1853/metadata.json
S1854,Unused assignments should be removed,CODE_SMELL,Major,ready,All,python;dart;java;php;swift;csharp;plsql;javascript;cfamily,cwe;unused,MAINTAINABILITY:MEDIUM,Constant/Issue: 1min,Sonar way,rule.adoc,/Users/brywoodruff/Projects/Vibe/rspec/rules/S1854/metadata.json
S1862,"Related ""if/else if"" statements should not have the same condition",BUG,Major,ready,All,apex;go;python;rpg;rust;tsql;java;vbnet;abap;kotlin;php;scala;swift;csharp;plsql;javascript;cobol;ruby;cfamily,unused;pitfall,RELIABILITY:MEDIUM,Constant/Issue: 10min,Sonar way,rule.adoc,/Users/brywoodruff/Projects/Vibe/rspec/rules/S1862/metadata.json
S1871,Two branches in a conditional structure should not have exactly the same implementation,CODE_SMELL,Major,ready,Main,apex;go;python;rpg;tsql;java;vbnet;abap;kotlin;php;common;scala;swift;csharp;plsql;javascript;cobol;flex;ruby;cfamily,design;suspicious,MAINTAINABILITY:MEDIUM,Constant/Issue: 10min,Sonar way,exceptions.adoc;rule.adoc,/Users/brywoodruff/Projects/Vibe/rspec/rules/S1871/metadata.json
S1874,"""@Deprecated"" code should not be used",CODE_SMELL,Minor,ready,Main,dart;java;kotlin;javascript;kubernetes;cfamily,cwe;obsolete,MAINTAINABILITY:LOW,Constant/Issue: 15min,Sonar way,rule.adoc,/Users/brywoodruff/Projects/Vibe/rspec/rules/S1874/metadata.json
S1875,Comparisons should only be made in the context of boolean expressions,BUG,Major,deprecated,Main,java;cfamily,,,Constant/Issue: 5min,,rule.adoc,/Users/brywoodruff/Projects/Vibe/rspec/rules/S1875/metadata.json
S1878,,,,,,cfamily,,,Unknown,,rule.adoc,/Users/brywoodruff/Projects/Vibe/rspec/rules/S1878/metadata.json
S1879,,,,,,cfamily,,,Unknown,,rule.adoc,/Users/brywoodruff/Projects/Vibe/rspec/rules/S1879/metadata.json
S1886,,,,,,cfamily,,,Unknown,,rule.adoc,/Users/brywoodruff/Projects/Vibe/rspec/rules/S1886/metadata.json
S1887,,,,,,cfamily,,,Unknown,,rule.adoc,/Users/brywoodruff/Projects/Vibe/rspec/rules/S1887/metadata.json
S1905,Redundant casts should not be used,CODE_SMELL,Minor,ready,All,java;csharp;cfamily,redundant;clumsy,MAINTAINABILITY:LOW,Constant/Issue: 5min,Sonar way,rule.adoc,/Users/brywoodruff/Projects/Vibe/rspec/rules/S1905/metadata.json
S1908,Files should not be too complex,CODE_SMELL,Major,deprecated,Main,python;html;swift;plsql;cfamily,,,Linear with offset,,rule.adoc,/Users/brywoodruff/Projects/Vibe/rspec/rules/S1908/metadata.json
S1909,"""goto"" statements should not be used to jump into blocks",CODE_SMELL,Blocker,ready,Main,csharp;cfamily,brain-overload;pitfall,MAINTAINABILITY:BLOCKER,Constant/Issue: 1h,Sonar way,rule.adoc,/Users/brywoodruff/Projects/Vibe/rspec/rules/S1909/metadata.json
S1911,,,,,,cfamily,,,Unknown,,rule.adoc,/Users/brywoodruff/Projects/Vibe/rspec/rules/S1911/metadata.json
S1912,,,,,,cfamily,,,Unknown,,rule.adoc,/Users/brywoodruff/Projects/Vibe/rspec/rules/S1912/metadata.json
S1913,,,,,,cfamily,,,Unknown,,rule.adoc,/Users/brywoodruff/Projects/Vibe/rspec/rules/S1913/metadata.json
S1914,,,,,,cfamily,,,Unknown,,rule.adoc,/Users/brywoodruff/Projects/Vibe/rspec/rules/S1914/metadata.json
S1915,,,,,,cfamily,,,Unknown,,rule.adoc,/Users/brywoodruff/Projects/Vibe/rspec/rules/S1915/metadata.json
S1916,,,,,,cfamily,,,Unknown,,rule.adoc,/Users/brywoodruff/Projects/Vibe/rspec/rules/S1916/metadata.json
S1917,,,,,,cfamily,,,Unknown,,rule.adoc,/Users/brywoodruff/Projects/Vibe/rspec/rules/S1917/metadata.json
S1974,Files should have sufficient line coverage by integration tests,CODE_SMELL,Major,closed,Main,java;csharp;cfamily,bad-practice,,Linear,,rule.adoc,/Users/brywoodruff/Projects/Vibe/rspec/rules/S1974/metadata.json
S1976,,,,,,cfamily,,,Unknown,,rule.adoc,/Users/brywoodruff/Projects/Vibe/rspec/rules/S1976/metadata.json
S1978,,,,,,cfamily,,,Unknown,,rule.adoc,/Users/brywoodruff/Projects/Vibe/rspec/rules/S1978/metadata.json
S1979,,,,,,cfamily,,,Unknown,,rule.adoc,/Users/brywoodruff/Projects/Vibe/rspec/rules/S1979/metadata.json
S1980,,,,,,cfamily,,,Unknown,,rule.adoc,/Users/brywoodruff/Projects/Vibe/rspec/rules/S1980/metadata.json
S1985,,,,,,cfamily,,,Unknown,,rule.adoc,/Users/brywoodruff/Projects/Vibe/rspec/rules/S1985/metadata.json
S1986,,,,,,cfamily,,,Unknown,,rule.adoc,/Users/brywoodruff/Projects/Vibe/rspec/rules/S1986/metadata.json
S1990,"""final"" should not be used redundantly",CODE_SMELL,Minor,ready,Main,php;cfamily,convention,MAINTAINABILITY:LOW,Constant/Issue: 2min,,rule.adoc,/Users/brywoodruff/Projects/Vibe/rspec/rules/S1990/metadata.json
S1996,Files should contain only one top-level class or interface each,CODE_SMELL,Major,ready,All,java;vbnet;php;swift;cfamily,brain-overload,MAINTAINABILITY:MEDIUM,Linear,,rule.adoc,/Users/brywoodruff/Projects/Vibe/rspec/rules/S1996/metadata.json
S2068,Hard-coded credentials are security-sensitive,SECURITY_HOTSPOT,Blocker,ready,Main,apex;go;python;secrets;tsql;java;vbnet;abap;kotlin;php;xml;json;scala;swift;yaml;csharp;javascript;kubernetes;cobol;ruby;cfamily,cwe,SECURITY:BLOCKER,Constant/Issue: 30min,Sonar way,rule.adoc,/Users/brywoodruff/Projects/Vibe/rspec/rules/S2068/metadata.json
S2070,SHA-1 and Message-Digest hash algorithms should not be used in secure contexts,VULNERABILITY,Critical,deprecated,Main,python;tsql;java;php;swift;csharp;plsql;javascript;cfamily,,,Constant/Issue: 30min,,rule.adoc,/Users/brywoodruff/Projects/Vibe/rspec/rules/S2070/metadata.json
S2073,RSA encryption should be used with Optimal Asymmetric Encryption Padding,CODE_SMELL,Critical,closed,Main,python;java;html;vbnet;php;csharp;cfamily,cwe;security,,Constant/Issue: 15min,Sonar way,rule.adoc,/Users/brywoodruff/Projects/Vibe/rspec/rules/S2073/metadata.json
S2095,Resources should be closed,BUG,Blocker,ready,All,java;cfamily,cwe;leak;denial-of-service,RELIABILITY:BLOCKER,Constant/Issue: 5min,Sonar way,rule.adoc,/Users/brywoodruff/Projects/Vibe/rspec/rules/S2095/metadata.json
S2107,,,,,,java;cfamily,,,Unknown,,rule.adoc,/Users/brywoodruff/Projects/Vibe/rspec/rules/S2107/metadata.json
S2123,Values should not be uselessly incremented,BUG,Major,ready,All,java;kotlin;php;csharp;javascript;cfamily,unused,RELIABILITY:MEDIUM,Constant/Issue: 5min,Sonar way,rule.adoc,/Users/brywoodruff/Projects/Vibe/rspec/rules/S2123/metadata.json
S2126,"Assignments should not be made in ""return"" statements",CODE_SMELL,Critical,closed,Main,python;php;csharp;javascript;cfamily,,,Constant/Issue: 10min,,rule.adoc,/Users/brywoodruff/Projects/Vibe/rspec/rules/S2126/metadata.json
S2145,Switches should be used for sequences of simple tests,CODE_SMELL,Minor,ready,Main,plsql;cfamily,clumsy,MAINTAINABILITY:LOW,Constant/Issue: 5min,,rule.adoc,/Users/brywoodruff/Projects/Vibe/rspec/rules/S2145/metadata.json
S2155,Class cycles should be removed,CODE_SMELL,Critical,closed,Main,java;flex;cfamily,brain-overload,,Constant/Issue: 20min,,rule.adoc,/Users/brywoodruff/Projects/Vibe/rspec/rules/S2155/metadata.json
S2156,"""final"" classes should not have ""protected"" members",CODE_SMELL,Minor,ready,All,java;csharp;cfamily,confusing,MAINTAINABILITY:LOW,Constant/Issue: 5min,,rule.adoc,/Users/brywoodruff/Projects/Vibe/rspec/rules/S2156/metadata.json
S2178,Short-circuit logic should be used in boolean contexts,CODE_SMELL,Blocker,ready,Main,java;vbnet;csharp;cfamily,,MAINTAINABILITY:BLOCKER,Constant/Issue: 5min,Sonar way,rule.adoc,/Users/brywoodruff/Projects/Vibe/rspec/rules/S2178/metadata.json
S2184,Math operands should be cast before assignment,BUG,Minor,ready,All,java;csharp;cfamily,cwe;overflow,RELIABILITY:LOW,Constant/Issue: 5min,Sonar way,rule.adoc,/Users/brywoodruff/Projects/Vibe/rspec/rules/S2184/metadata.json
S2190,Recursion should not be infinite,BUG,Blocker,ready,All,python;java;csharp;cfamily,suspicious,RELIABILITY:BLOCKER,Constant/Issue: 30min,Sonar way,rule.adoc,/Users/brywoodruff/Projects/Vibe/rspec/rules/S2190/metadata.json
S2191,,,,,,cfamily,,,Unknown,,rule.adoc,/Users/brywoodruff/Projects/Vibe/rspec/rules/S2191/metadata.json
S2193,"""for"" loop counters should not have essentially floating type",BUG,Minor,ready,Main,rust;java;cfamily,cert,RELIABILITY:LOW,Constant/Issue: 5min,Sonar way,rule.adoc,/Users/brywoodruff/Projects/Vibe/rspec/rules/S2193/metadata.json
S2195,,,,,,cfamily,,,Unknown,,rule.adoc,/Users/brywoodruff/Projects/Vibe/rspec/rules/S2195/metadata.json
S2209,"""static"" members should be accessed statically",CODE_SMELL,Major,ready,Main,java;cfamily,pitfall,MAINTAINABILITY:MEDIUM,Constant/Issue: 5min,Sonar way,rule.adoc,/Users/brywoodruff/Projects/Vibe/rspec/rules/S2209/metadata.json
S2216,,,,,,cfamily,,,Unknown,,rule.adoc,/Users/brywoodruff/Projects/Vibe/rspec/rules/S2216/metadata.json
S2220,"""Equals"" should test for null",CODE_SMELL,Critical,closed,Main,java;vbnet;csharp;cfamily,cwe;bug,,Constant/Issue: 5min,,rule.adoc,/Users/brywoodruff/Projects/Vibe/rspec/rules/S2220/metadata.json
S2224,Assignments should not be chained,CODE_SMELL,Major,closed,Main,python;java;html;php;csharp;javascript;flex;cfamily,confusing,,Constant/Issue: 5min,Sonar way,rule.adoc,/Users/brywoodruff/Projects/Vibe/rspec/rules/S2224/metadata.json
S2234,Parameters should be passed in the correct order,CODE_SMELL,Major,ready,All,python;java;vbnet;php;csharp;javascript;cfamily,,MAINTAINABILITY:MEDIUM,Constant/Issue: 5min,Sonar way,rule.adoc,/Users/brywoodruff/Projects/Vibe/rspec/rules/S2234/metadata.json
S2245,Using pseudorandom number generators (PRNGs) is security-sensitive,SECURITY_HOTSPOT,Critical,ready,Main,go;python;dart;java;kotlin;php;csharp;javascript;cfamily,cwe,SECURITY:HIGH,Constant/Issue: 10min,Sonar way,rule.adoc,/Users/brywoodruff/Projects/Vibe/rspec/rules/S2245/metadata.json
S2253,Track uses of disallowed methods,CODE_SMELL,Major,ready,Main,java;cfamily,,MAINTAINABILITY:MEDIUM,Constant/Issue: 0min,,rule.adoc,/Users/brywoodruff/Projects/Vibe/rspec/rules/S2253/metadata.json
S2259,Null pointers should not be dereferenced,BUG,Major,ready,Main,python;java;vbnet;csharp;javascript;cfamily,cwe,RELIABILITY:MEDIUM,Constant/Issue: 10min,Sonar way,rule.adoc,/Users/brywoodruff/Projects/Vibe/rspec/rules/S2259/metadata.json
S2260,Track parsing failures,CODE_SMELL,Major,ready,All,terraform;docker;apex;go;jcl;python;dart;shell;azureresourcemanager;rust;tsql;vb6;java;kotlin;php;xml;ansible;json;githubactions;pli;scala;swift;yaml;csharp;plsql;groovy;javascript;kubernetes;cloudformation;cobol;flex;ruby;cfamily,suspicious,,Constant/Issue: 30min,,rule.adoc,/Users/brywoodruff/Projects/Vibe/rspec/rules/S2260/metadata.json
S2275,Printf-style format strings should not lead to unexpected behavior at runtime,BUG,Blocker,ready,All,python;java;csharp;cfamily,,RELIABILITY:BLOCKER,Constant/Issue: 10min,Sonar way,rule.adoc,/Users/brywoodruff/Projects/Vibe/rspec/rules/S2275/metadata.json
S2278,Neither DES (Data Encryption Standard) nor DESede (3DES) should be used,VULNERABILITY,Blocker,superseded,Main,python;java;php;swift;csharp;plsql;cfamily,cwe,,Constant/Issue: 20min,,rule.adoc,/Users/brywoodruff/Projects/Vibe/rspec/rules/S2278/metadata.json
S2303,,,,,,cfamily,,,Unknown,,rule.adoc,/Users/brywoodruff/Projects/Vibe/rspec/rules/S2303/metadata.json
S2304,Namespace names should comply with a naming convention,CODE_SMELL,Minor,ready,Main,vbnet;cfamily,convention,MAINTAINABILITY:LOW,Constant/Issue: 10min,Sonar way,rule.adoc,/Users/brywoodruff/Projects/Vibe/rspec/rules/S2304/metadata.json
S2305,,,,,,cfamily,,,Unknown,,rule.adoc,/Users/brywoodruff/Projects/Vibe/rspec/rules/S2305/metadata.json
S2323,,,,,,cfamily,,,Unknown,,rule.adoc,/Users/brywoodruff/Projects/Vibe/rspec/rules/S2323/metadata.json
S2324,,,,,,cfamily,,,Unknown,,rule.adoc,/Users/brywoodruff/Projects/Vibe/rspec/rules/S2324/metadata.json
S2335,Octal and hexadecimal escape sequences should be terminated,CODE_SMELL,Critical,ready,Main,java;cfamily,pitfall,MAINTAINABILITY:HIGH,Constant/Issue: 5min,,rule.adoc,/Users/brywoodruff/Projects/Vibe/rspec/rules/S2335/metadata.json
S2342,Enumeration types should comply with a naming convention,CODE_SMELL,Minor,ready,All,vbnet;swift;csharp;cfamily,convention,MAINTAINABILITY:LOW,Constant/Issue: 5min,,rule.adoc,/Users/brywoodruff/Projects/Vibe/rspec/rules/S2342/metadata.json
S2343,Enumeration values should comply with a naming convention,CODE_SMELL,Minor,ready,Main,vbnet;swift;cfamily,convention,MAINTAINABILITY:LOW,Constant/Issue: 5min,,rule.adoc,/Users/brywoodruff/Projects/Vibe/rspec/rules/S2343/metadata.json
S2387,Child class fields should not shadow parent class fields,CODE_SMELL,Blocker,ready,Main,java;vbnet;csharp;cfamily,confusing,MAINTAINABILITY:BLOCKER,Constant/Issue: 5min,Sonar way,rule.adoc,/Users/brywoodruff/Projects/Vibe/rspec/rules/S2387/metadata.json
S2393,,,,,,cfamily,,,Unknown,,rule.adoc,/Users/brywoodruff/Projects/Vibe/rspec/rules/S2393/metadata.json
S2435,Values passed to XML files should be sanitized,VULNERABILITY,Blocker,ready,Main,java;cfamily,,,Constant/Issue: 15min,,rule.adoc,/Users/brywoodruff/Projects/Vibe/rspec/rules/S2435/metadata.json
S2479,Whitespace and control characters in string literals should be explicit,CODE_SMELL,Critical,ready,Main,rust;java;csharp;plsql;cfamily,pitfall,MAINTAINABILITY:HIGH,Constant/Issue: 10min,Sonar way,rule.adoc,/Users/brywoodruff/Projects/Vibe/rspec/rules/S2479/metadata.json
S2486,Exceptions should not be ignored,CODE_SMELL,Minor,ready,Main,python;dart;rpg;java;csharp;plsql;javascript;cobol;cfamily,cwe;error-handling;suspicious,MAINTAINABILITY:LOW,Constant/Issue: 1h,Sonar way,rule.adoc,/Users/brywoodruff/Projects/Vibe/rspec/rules/S2486/metadata.json
S2495,Flag arguments should not be used,CODE_SMELL,Major,closed,Main,python;vb6;java;vbnet;php;swift;csharp;javascript;flex;cfamily,clumsy,,Constant/Issue: 20min,,rule.adoc,/Users/brywoodruff/Projects/Vibe/rspec/rules/S2495/metadata.json
S2523,Comments should not be nested,CODE_SMELL,Major,deprecated,Main,swift;cfamily,,MAINTAINABILITY:MEDIUM,Constant/Issue: 15min,,rule.adoc,/Users/brywoodruff/Projects/Vibe/rspec/rules/S2523/metadata.json
S2575,"Untrusted data should be escaped before being saved into ""HTTP"" or ""JSP"" classes ",VULNERABILITY,Critical,closed,Main,python;java;vbnet;abap;php;swift;csharp;cobol;cfamily,cwe,,Constant/Issue: 30min,,rule.adoc,/Users/brywoodruff/Projects/Vibe/rspec/rules/S2575/metadata.json
S2583,Conditionally executed code should be reachable,BUG,Major,ready,All,python;java;vbnet;csharp;javascript;cobol;cfamily,cwe;unused;suspicious;pitfall,RELIABILITY:MEDIUM,Constant/Issue: 15min,Sonar way,rule.adoc,/Users/brywoodruff/Projects/Vibe/rspec/rules/S2583/metadata.json
S2589,Boolean expressions should not be gratuitous,CODE_SMELL,Major,ready,All,python;rust;java;vbnet;csharp;javascript;cobol;cfamily,cwe;suspicious;redundant,MAINTAINABILITY:MEDIUM,Constant/Issue: 10min,Sonar way,rule.adoc,/Users/brywoodruff/Projects/Vibe/rspec/rules/S2589/metadata.json
S2595,Branches should have sufficient coverage by integration tests,CODE_SMELL,Major,closed,Main,python;vb6;java;html;vbnet;php;swift;csharp;javascript;flex;cfamily,bad-practice,,Linear,,rule.adoc,/Users/brywoodruff/Projects/Vibe/rspec/rules/S2595/metadata.json
S2608,Cookies and form values should not be relied on to make security decisions,VULNERABILITY,Critical,superseded,Main,python;vb6;java;html;vbnet;php;swift;csharp;flex;cfamily,cwe,,Constant/Issue: 30min,,rule.adoc,/Users/brywoodruff/Projects/Vibe/rspec/rules/S2608/metadata.json
S2612,Setting loose POSIX file permissions is security-sensitive,SECURITY_HOTSPOT,Major,ready,Main,docker;go;python;shell;java;vbnet;php;ansible;githubactions;csharp;javascript;cfamily,cwe,SECURITY:MEDIUM,Constant/Issue: 5min,Sonar way,rule.adoc,/Users/brywoodruff/Projects/Vibe/rspec/rules/S2612/metadata.json
S2613,,,,,,cfamily,,,Unknown,,rule.adoc,/Users/brywoodruff/Projects/Vibe/rspec/rules/S2613/metadata.json
S2615,Externally-provided format strings should be sanitized,VULNERABILITY,Minor,ready,Main,java;swift;cfamily,cwe,,Constant/Issue: 30min,Sonar way,rule.adoc,/Users/brywoodruff/Projects/Vibe/rspec/rules/S2615/metadata.json
S2630,Vulnerable regular expressions should not be used,BUG,Critical,closed,Main,python;vb6;java;vbnet;php;swift;csharp;javascript;flex;cfamily,denial-of-service,,Constant/Issue: 45min,Sonar way,rule.adoc,/Users/brywoodruff/Projects/Vibe/rspec/rules/S2630/metadata.json
S2637,"""@NonNull"" values should not be set to null",BUG,Minor,ready,Main,java;cfamily,cwe;cert,RELIABILITY:LOW,Constant/Issue: 15min,Sonar way,rule.adoc,/Users/brywoodruff/Projects/Vibe/rspec/rules/S2637/metadata.json
S2662,Equality operators should be replaced by assignment operators when obviously used by mistake,CODE_SMELL,Blocker,closed,Main,vbnet;php;csharp;plsql;javascript;cfamily,bug,,Constant/Issue: 2min,,rule.adoc,/Users/brywoodruff/Projects/Vibe/rspec/rules/S2662/metadata.json
S2665,,,,,,cfamily,,,Unknown,,rule.adoc,/Users/brywoodruff/Projects/Vibe/rspec/rules/S2665/metadata.json
S2668,,,,,,cfamily,,,Unknown,,rule.adoc,/Users/brywoodruff/Projects/Vibe/rspec/rules/S2668/metadata.json
S2669,,,,,,cfamily,,,Unknown,,rule.adoc,/Users/brywoodruff/Projects/Vibe/rspec/rules/S2669/metadata.json
S2681,Multiline blocks should be enclosed in curly braces,CODE_SMELL,Major,ready,All,tsql;java;php;common;csharp;javascript;cfamily,cwe,MAINTAINABILITY:MEDIUM,Constant/Issue: 5min,Sonar way,rule.adoc,/Users/brywoodruff/Projects/Vibe/rspec/rules/S2681/metadata.json
S2737,"""catch"" clauses should do more than rethrow",CODE_SMELL,Minor,ready,Main,python;tsql;java;vbnet;php;common;swift;csharp;plsql;javascript;cfamily,error-handling;unused;finding;clumsy,MAINTAINABILITY:LOW,Constant/Issue: 5min,Sonar way,code-example.adoc;compliant.adoc;rule.adoc,/Users/brywoodruff/Projects/Vibe/rspec/rules/S2737/metadata.json
S2738,"General ""catch"" clauses should not be used",CODE_SMELL,Minor,ready,Main,python;csharp;cfamily,error-handling,MAINTAINABILITY:LOW,Constant/Issue: 20min,,rule.adoc,/Users/brywoodruff/Projects/Vibe/rspec/rules/S2738/metadata.json
S2747,,,,,,cfamily,,,Unknown,,rule.adoc,/Users/brywoodruff/Projects/Vibe/rspec/rules/S2747/metadata.json
S2751,Conditions should not be immediately retested,CODE_SMELL,Major,closed,Main,python;rpg;vb6;java;vbnet;abap;php;swift;csharp;javascript;cobol;flex;cfamily,bug,,Constant/Issue: 5min,,rule.adoc,/Users/brywoodruff/Projects/Vibe/rspec/rules/S2751/metadata.json
S2753,,,,,,cfamily,,,Unknown,,rule.adoc,/Users/brywoodruff/Projects/Vibe/rspec/rules/S2753/metadata.json
S2754,,,,,,cfamily,,,Unknown,,rule.adoc,/Users/brywoodruff/Projects/Vibe/rspec/rules/S2754/metadata.json
S2755,XML parsers should not be vulnerable to XXE attacks,VULNERABILITY,Blocker,ready,Main,python;java;php;common;csharp;javascript;cfamily,cwe,SECURITY:BLOCKER,Constant/Issue: 15min,Sonar way,rule.adoc,/Users/brywoodruff/Projects/Vibe/rspec/rules/S2755/metadata.json
S2757,"Non-existent operators like ""=+"" should not be used",BUG,Major,ready,All,apex;go;python;java;vbnet;kotlin;php;common;csharp;javascript;ruby;cfamily,,RELIABILITY:MEDIUM,Constant/Issue: 2min,Sonar way,rule.adoc,/Users/brywoodruff/Projects/Vibe/rspec/rules/S2757/metadata.json
S2761,"Doubled prefix operators ""!!"" and ""~~"" should not be used",BUG,Major,ready,All,go;python;tsql;java;vbnet;php;common;csharp;plsql;cfamily,,RELIABILITY:MEDIUM,Constant/Issue: 5min,Sonar way,rule.adoc,/Users/brywoodruff/Projects/Vibe/rspec/rules/S2761/metadata.json
S2777,,,,,,cfamily,,,Unknown,,rule.adoc,/Users/brywoodruff/Projects/Vibe/rspec/rules/S2777/metadata.json
S2806,,,,,,cfamily,,,Unknown,,rule.adoc,/Users/brywoodruff/Projects/Vibe/rspec/rules/S2806/metadata.json
S2807,,,,,,cfamily,,,Unknown,,rule.adoc,/Users/brywoodruff/Projects/Vibe/rspec/rules/S2807/metadata.json
S2808,,,,,,cfamily,,,Unknown,,rule.adoc,/Users/brywoodruff/Projects/Vibe/rspec/rules/S2808/metadata.json
S2813,,,,,,cfamily,,,Unknown,,rule.adoc,/Users/brywoodruff/Projects/Vibe/rspec/rules/S2813/metadata.json
S2815,,,,,,cfamily,,,Unknown,,rule.adoc,/Users/brywoodruff/Projects/Vibe/rspec/rules/S2815/metadata.json
S2978,,,,,,cfamily,,,Unknown,,rule.adoc,/Users/brywoodruff/Projects/Vibe/rspec/rules/S2978/metadata.json
S2992,,,,,,cfamily,,,Unknown,,rule.adoc,/Users/brywoodruff/Projects/Vibe/rspec/rules/S2992/metadata.json
S3018,"Constructors should call ""super""",BUG,Major,ready,Main,cfamily,,,Constant/Issue: 5min,Sonar way,rule.adoc,/Users/brywoodruff/Projects/Vibe/rspec/rules/S3018/metadata.json
S3045,"""break"" should not be used with a label",CODE_SMELL,Minor,closed,Main,python;java;vbnet;php;swift;csharp;javascript;flex;cfamily,confusing,,Constant/Issue: 20min,,rule.adoc,/Users/brywoodruff/Projects/Vibe/rspec/rules/S3045/metadata.json
S3135,,,,,,cfamily,,,Unknown,,rule.adoc,/Users/brywoodruff/Projects/Vibe/rspec/rules/S3135/metadata.json
S3137,,,,,,cfamily,,,Unknown,,rule.adoc,/Users/brywoodruff/Projects/Vibe/rspec/rules/S3137/metadata.json
S3221,Parallel collections should not be maintained,CODE_SMELL,Minor,closed,Main,java;swift;csharp;flex;cfamily,design,,Constant/Issue: 30min,,rule.adoc,/Users/brywoodruff/Projects/Vibe/rspec/rules/S3221/metadata.json
S3222,Label names should comply with a naming convention,CODE_SMELL,Minor,ready,Main,cfamily,convention,MAINTAINABILITY:LOW,Constant/Issue: 5min,,rule.adoc,/Users/brywoodruff/Projects/Vibe/rspec/rules/S3222/metadata.json
S3229,,,,,,cfamily,,,Unknown,,rule.adoc,/Users/brywoodruff/Projects/Vibe/rspec/rules/S3229/metadata.json
S3230,,,,,,cfamily,,,Unknown,,rule.adoc,/Users/brywoodruff/Projects/Vibe/rspec/rules/S3230/metadata.json
S3231,,,,,,cfamily,,,Unknown,,rule.adoc,/Users/brywoodruff/Projects/Vibe/rspec/rules/S3231/metadata.json
S3252,"""static"" base class members should not be accessed via derived types",CODE_SMELL,Critical,ready,Main,java;cfamily,confusing,MAINTAINABILITY:HIGH,Constant/Issue: 5min,Sonar way,rule.adoc,/Users/brywoodruff/Projects/Vibe/rspec/rules/S3252/metadata.json
S3255,"""this"" should not be used gratuitously",CODE_SMELL,Minor,closed,Main,python;java;php;swift;csharp;flex;cfamily,clumsy,,Constant/Issue: 2min,Sonar way,rule.adoc,/Users/brywoodruff/Projects/Vibe/rspec/rules/S3255/metadata.json
S3261,Namespaces should not be empty,CODE_SMELL,Minor,ready,All,csharp;cfamily,unused,MAINTAINABILITY:LOW,Constant/Issue: 2min,Sonar way,rule.adoc,/Users/brywoodruff/Projects/Vibe/rspec/rules/S3261/metadata.json
S3275,IV's should be random and unique,VULNERABILITY,Critical,closed,Main,python;java;vbnet;php;swift;csharp;cfamily,cwe,,Constant/Issue: 15min,Sonar way,rule.adoc,/Users/brywoodruff/Projects/Vibe/rspec/rules/S3275/metadata.json
S3283,,,,,,cfamily,,,Unknown,,rule.adoc,/Users/brywoodruff/Projects/Vibe/rspec/rules/S3283/metadata.json
S3285,,,,,,cfamily,,,Unknown,,rule.adoc,/Users/brywoodruff/Projects/Vibe/rspec/rules/S3285/metadata.json
S3358,Ternary operators should not be nested,CODE_SMELL,Major,ready,All,python;dart;tsql;java;vbnet;php;common;swift;csharp;javascript;cfamily,confusing,MAINTAINABILITY:MEDIUM,Constant/Issue: 5min,Sonar way,compliant.adoc;noncompliant.adoc;rule.adoc,/Users/brywoodruff/Projects/Vibe/rspec/rules/S3358/metadata.json
S3395,,,,,,cfamily,,,Unknown,,rule.adoc,/Users/brywoodruff/Projects/Vibe/rspec/rules/S3395/metadata.json
S3399,Super class fields should not be assigned from constructors,CODE_SMELL,Major,closed,Main,java;swift;csharp;cfamily,suspicious,,Constant/Issue: 5min,,rule.adoc,/Users/brywoodruff/Projects/Vibe/rspec/rules/S3399/metadata.json
S3400,Methods should not return constants,CODE_SMELL,Minor,ready,Main,java;swift;csharp;cfamily,confusing,MAINTAINABILITY:LOW,Constant/Issue: 5min,Sonar way,rule.adoc,/Users/brywoodruff/Projects/Vibe/rspec/rules/S3400/metadata.json
S3424,Skipped unit tests should be either removed or fixed,CODE_SMELL,Minor,closed,Tests,python;rpg;java;vbnet;abap;php;pli;swift;csharp;plsql;javascript;cobol;flex;cfamily,,,Linear,,rule.adoc,/Users/brywoodruff/Projects/Vibe/rspec/rules/S3424/metadata.json
S3429,,,,,,cfamily,,,Unknown,,rule.adoc,/Users/brywoodruff/Projects/Vibe/rspec/rules/S3429/metadata.json
S3432,,,,,,cfamily,,,Unknown,,rule.adoc,/Users/brywoodruff/Projects/Vibe/rspec/rules/S3432/metadata.json
S3457,Format strings should be used correctly,CODE_SMELL,Major,ready,All,python;java;csharp;cfamily,confusing,MAINTAINABILITY:MEDIUM,Constant/Issue: 1min,Sonar way,rule.adoc,/Users/brywoodruff/Projects/Vibe/rspec/rules/S3457/metadata.json
S3458,"Empty ""case"" clauses that fall through to the ""default"" should be omitted",CODE_SMELL,Minor,ready,All,csharp;cfamily,finding;clumsy,MAINTAINABILITY:LOW,Constant/Issue: 1min,Sonar way,rule.adoc,/Users/brywoodruff/Projects/Vibe/rspec/rules/S3458/metadata.json
S3468,,,,,,cfamily,,,Unknown,,rule.adoc,/Users/brywoodruff/Projects/Vibe/rspec/rules/S3468/metadata.json
S3469,,,,,,cfamily,,,Unknown,,rule.adoc,/Users/brywoodruff/Projects/Vibe/rspec/rules/S3469/metadata.json
S3470,,,,,,cfamily,,,Unknown,,rule.adoc,/Users/brywoodruff/Projects/Vibe/rspec/rules/S3470/metadata.json
S3471,,,,,,cfamily,,,Unknown,,rule.adoc,/Users/brywoodruff/Projects/Vibe/rspec/rules/S3471/metadata.json
S3485,,,,,,cfamily,,,Unknown,,rule.adoc,/Users/brywoodruff/Projects/Vibe/rspec/rules/S3485/metadata.json
S3486,,,,,,cfamily,,,Unknown,,rule.adoc,/Users/brywoodruff/Projects/Vibe/rspec/rules/S3486/metadata.json
S3490,,,,,,cfamily,,,Unknown,,rule.adoc,/Users/brywoodruff/Projects/Vibe/rspec/rules/S3490/metadata.json
S3491,,,,,,cfamily,,,Unknown,,rule.adoc,/Users/brywoodruff/Projects/Vibe/rspec/rules/S3491/metadata.json
S3502,Methods in the same class should not have the same body,CODE_SMELL,Major,closed,Main,python;css;vb6;java;vbnet;php;swift;csharp;javascript;flex;cfamily,design;suspicious,,Constant/Issue: 5min,Sonar way,rule.adoc,/Users/brywoodruff/Projects/Vibe/rspec/rules/S3502/metadata.json
S3516,Methods returns should not be invariant,CODE_SMELL,Blocker,ready,Main,python;java;javascript;cfamily,,MAINTAINABILITY:BLOCKER,Linear,Sonar way,rule.adoc,/Users/brywoodruff/Projects/Vibe/rspec/rules/S3516/metadata.json
S3518,Zero should not be a possible denominator,BUG,Critical,ready,All,python;java;cfamily,cwe;denial-of-service,RELIABILITY:HIGH,Constant/Issue: 5 min,Sonar way,rule.adoc,/Users/brywoodruff/Projects/Vibe/rspec/rules/S3518/metadata.json
S3519,,,,,,cfamily,,,Unknown,,rule.adoc,/Users/brywoodruff/Projects/Vibe/rspec/rules/S3519/metadata.json
S3520,,,,,,cfamily,,,Unknown,,rule.adoc,/Users/brywoodruff/Projects/Vibe/rspec/rules/S3520/metadata.json
S3522,,,,,,cfamily,,,Unknown,,rule.adoc,/Users/brywoodruff/Projects/Vibe/rspec/rules/S3522/metadata.json
S3528,,,,,,cfamily,,,Unknown,,rule.adoc,/Users/brywoodruff/Projects/Vibe/rspec/rules/S3528/metadata.json
S3529,,,,,,cfamily,,,Unknown,,rule.adoc,/Users/brywoodruff/Projects/Vibe/rspec/rules/S3529/metadata.json
S3530,,,,,,cfamily,,,Unknown,,rule.adoc,/Users/brywoodruff/Projects/Vibe/rspec/rules/S3530/metadata.json
S3538,,,,,,cfamily,,,Unknown,,rule.adoc,/Users/brywoodruff/Projects/Vibe/rspec/rules/S3538/metadata.json
S3539,,,,,,cfamily,,,Unknown,,rule.adoc,/Users/brywoodruff/Projects/Vibe/rspec/rules/S3539/metadata.json
S3540,,,,,,cfamily,,,Unknown,,rule.adoc,/Users/brywoodruff/Projects/Vibe/rspec/rules/S3540/metadata.json
S3541,,,,,,cfamily,,,Unknown,,rule.adoc,/Users/brywoodruff/Projects/Vibe/rspec/rules/S3541/metadata.json
S3542,,,,,,cfamily,,,Unknown,,rule.adoc,/Users/brywoodruff/Projects/Vibe/rspec/rules/S3542/metadata.json
S3543,Standard groupings should be used with digit separators,CODE_SMELL,Critical,ready,Main,java;cfamily,pitfall,MAINTAINABILITY:HIGH,Constant/Issue: 5min,,rule.adoc,/Users/brywoodruff/Projects/Vibe/rspec/rules/S3543/metadata.json
S3547,,,,,,cfamily,,,Unknown,,rule.adoc,/Users/brywoodruff/Projects/Vibe/rspec/rules/S3547/metadata.json
S3548,,,,,,cfamily,,,Unknown,,rule.adoc,/Users/brywoodruff/Projects/Vibe/rspec/rules/S3548/metadata.json
S3549,,,,,,cfamily,,,Unknown,,rule.adoc,/Users/brywoodruff/Projects/Vibe/rspec/rules/S3549/metadata.json
S3554,Loop stop conditions should allow more than one iteration,BUG,Major,closed,Main,python;vb6;java;vbnet;php;swift;csharp;javascript;flex;cfamily,,,Constant/Issue: 10min,,rule.adoc,/Users/brywoodruff/Projects/Vibe/rspec/rules/S3554/metadata.json
S3562,"""switch"" statements should cover all cases",CODE_SMELL,Major,ready,Main,dart;cfamily,suspicious,MAINTAINABILITY:MEDIUM,Constant/Issue: 10min,Sonar way,rule.adoc,/Users/brywoodruff/Projects/Vibe/rspec/rules/S3562/metadata.json
S3574,,,,,,cfamily,,,Unknown,,rule.adoc,/Users/brywoodruff/Projects/Vibe/rspec/rules/S3574/metadata.json
S3576,,,,,,cfamily,,,Unknown,,rule.adoc,/Users/brywoodruff/Projects/Vibe/rspec/rules/S3576/metadata.json
S3584,,,,,,cfamily,,,Unknown,,rule.adoc,/Users/brywoodruff/Projects/Vibe/rspec/rules/S3584/metadata.json
S3588,,,,,,cfamily,,,Unknown,,rule.adoc,/Users/brywoodruff/Projects/Vibe/rspec/rules/S3588/metadata.json
S3590,,,,,,cfamily,,,Unknown,,rule.adoc,/Users/brywoodruff/Projects/Vibe/rspec/rules/S3590/metadata.json
S3608,,,,,,cfamily,,,Unknown,,rule.adoc,/Users/brywoodruff/Projects/Vibe/rspec/rules/S3608/metadata.json
S3609,,,,,,cfamily,,,Unknown,,rule.adoc,/Users/brywoodruff/Projects/Vibe/rspec/rules/S3609/metadata.json
S3624,,,,,,cfamily,,,Unknown,,rule.adoc,/Users/brywoodruff/Projects/Vibe/rspec/rules/S3624/metadata.json
S3626,Jump statements should not be redundant,CODE_SMELL,Minor,ready,All,python;tsql;java;abap;php;swift;csharp;plsql;javascript;cfamily,redundant;clumsy,MAINTAINABILITY:LOW,Constant/Issue: 1min,Sonar way,rule.adoc,/Users/brywoodruff/Projects/Vibe/rspec/rules/S3626/metadata.json
S3628,,,,,,cfamily,,,Unknown,,rule.adoc,/Users/brywoodruff/Projects/Vibe/rspec/rules/S3628/metadata.json
S3630,"""reinterpret_cast"" should not be used",CODE_SMELL,Major,ready,Main,swift;cfamily,pitfall,MAINTAINABILITY:MEDIUM,Constant/Issue: 20min,Sonar way,rule.adoc,/Users/brywoodruff/Projects/Vibe/rspec/rules/S3630/metadata.json
S3636,,,,,,cfamily,,,Unknown,,rule.adoc,/Users/brywoodruff/Projects/Vibe/rspec/rules/S3636/metadata.json
S3642,,,,,,cfamily,,,Unknown,,rule.adoc,/Users/brywoodruff/Projects/Vibe/rspec/rules/S3642/metadata.json
S3646,,,,,,cfamily,,,Unknown,,rule.adoc,/Users/brywoodruff/Projects/Vibe/rspec/rules/S3646/metadata.json
S3654,,,,,,cfamily,,,Unknown,,documentation.adoc;how_to_fix_it.adoc;related_rules.adoc;rule.adoc,/Users/brywoodruff/Projects/Vibe/rspec/rules/S3654/metadata.json
S3656,,,,,,cfamily,,,Unknown,,rule.adoc,/Users/brywoodruff/Projects/Vibe/rspec/rules/S3656/metadata.json
S3657,,,,,,cfamily,,,Unknown,,rule.adoc,/Users/brywoodruff/Projects/Vibe/rspec/rules/S3657/metadata.json
S3659,,,,,,cfamily,,,Unknown,,rule.adoc,/Users/brywoodruff/Projects/Vibe/rspec/rules/S3659/metadata.json
S3685,,,,,,cfamily,,,Unknown,,rule.adoc,/Users/brywoodruff/Projects/Vibe/rspec/rules/S3685/metadata.json
S3687,,,,,,cfamily,,,Unknown,,rule.adoc,/Users/brywoodruff/Projects/Vibe/rspec/rules/S3687/metadata.json
S3689,,BUG,Major,ready,All,dart;cfamily,redundant,RELIABILITY:MEDIUM,Constant/Issue: 5min,Sonar way,rule.adoc,/Users/brywoodruff/Projects/Vibe/rspec/rules/S3689/metadata.json
S3691,,,,,,cfamily,,,Unknown,,rule.adoc,/Users/brywoodruff/Projects/Vibe/rspec/rules/S3691/metadata.json
S3692,,,,,,cfamily,,,Unknown,,rule.adoc,/Users/brywoodruff/Projects/Vibe/rspec/rules/S3692/metadata.json
S3696,Non-exception types should not be thrown,CODE_SMELL,Major,ready,All,javascript;cfamily,error-handling;api-design,MAINTAINABILITY:MEDIUM,Constant/Issue: 20min,Sonar way,rule.adoc,/Users/brywoodruff/Projects/Vibe/rspec/rules/S3696/metadata.json
S3698,,,,,,cfamily,,,Unknown,,rule.adoc,/Users/brywoodruff/Projects/Vibe/rspec/rules/S3698/metadata.json
S3708,,,,,,cfamily,,,Unknown,,rule.adoc,/Users/brywoodruff/Projects/Vibe/rspec/rules/S3708/metadata.json
S3715,,,,,,cfamily,,,Unknown,,rule.adoc,/Users/brywoodruff/Projects/Vibe/rspec/rules/S3715/metadata.json
S3719,,,,,,cfamily,,,Unknown,,rule.adoc,/Users/brywoodruff/Projects/Vibe/rspec/rules/S3719/metadata.json
S3726,,,,,,cfamily,,,Unknown,,rule.adoc,/Users/brywoodruff/Projects/Vibe/rspec/rules/S3726/metadata.json
S3727,,,,,,cfamily,,,Unknown,,rule.adoc,/Users/brywoodruff/Projects/Vibe/rspec/rules/S3727/metadata.json
S3728,,,,,,cfamily,,,Unknown,,rule.adoc,/Users/brywoodruff/Projects/Vibe/rspec/rules/S3728/metadata.json
S3729,,,,,,cfamily,,,Unknown,,rule.adoc,/Users/brywoodruff/Projects/Vibe/rspec/rules/S3729/metadata.json
S3730,,,,,,cfamily,,,Unknown,,rule.adoc,/Users/brywoodruff/Projects/Vibe/rspec/rules/S3730/metadata.json
S3731,,,,,,cfamily,,,Unknown,,rule.adoc,/Users/brywoodruff/Projects/Vibe/rspec/rules/S3731/metadata.json
S3732,,,,,,cfamily,,,Unknown,,rule.adoc,/Users/brywoodruff/Projects/Vibe/rspec/rules/S3732/metadata.json
S3743,,,,,,cfamily,,,Unknown,,rule.adoc,/Users/brywoodruff/Projects/Vibe/rspec/rules/S3743/metadata.json
S3744,,,,,,cfamily,,,Unknown,,rule.adoc,/Users/brywoodruff/Projects/Vibe/rspec/rules/S3744/metadata.json
S3776,Cognitive Complexity of functions should not be too high,CODE_SMELL,Critical,ready,All,apex;go;python;dart;rust;java;vbnet;abap;kotlin;php;scala;swift;csharp;javascript;ruby;cfamily,brain-overload,MAINTAINABILITY:HIGH,Linear with offset,Sonar way,rule.adoc,/Users/brywoodruff/Projects/Vibe/rspec/rules/S3776/metadata.json
S3805,,,,,,cfamily,,,Unknown,,rule.adoc,/Users/brywoodruff/Projects/Vibe/rspec/rules/S3805/metadata.json
S3806,,,,,,cfamily,,,Unknown,,rule.adoc,/Users/brywoodruff/Projects/Vibe/rspec/rules/S3806/metadata.json
S3807,Parameter values should be appropriate,BUG,Critical,ready,All,rust;cfamily,symbolic-execution,RELIABILITY:HIGH,Constant/Issue: 5min,Sonar way,rule.adoc,/Users/brywoodruff/Projects/Vibe/rspec/rules/S3807/metadata.json
S3923,All branches in a conditional structure should not have exactly the same implementation,BUG,Major,ready,All,apex;go;jcl;python;tsql;java;vbnet;abap;kotlin;php;common;scala;swift;csharp;plsql;javascript;cobol;flex;ruby;cfamily,,RELIABILITY:MEDIUM,Constant/Issue: 15min,Sonar way,rule.adoc,/Users/brywoodruff/Projects/Vibe/rspec/rules/S3923/metadata.json
S3935,,,,,,cfamily,,,Unknown,,rule.adoc,/Users/brywoodruff/Projects/Vibe/rspec/rules/S3935/metadata.json
S3936,,,,,,cfamily,,,Unknown,,rule.adoc,/Users/brywoodruff/Projects/Vibe/rspec/rules/S3936/metadata.json
S3941,Printf-style format strings should be used correctly,CODE_SMELL,Major,closed,All,python;java;csharp;cfamily,,,Constant/Issue: 10min,Sonar way,rule.adoc,/Users/brywoodruff/Projects/Vibe/rspec/rules/S3941/metadata.json
S3946,,,,,,cfamily,,,Unknown,,rule.adoc,/Users/brywoodruff/Projects/Vibe/rspec/rules/S3946/metadata.json
S3949,Calculations should not overflow,BUG,Major,ready,All,vbnet;common;csharp;cfamily,overflow;symbolic-execution,RELIABILITY:MEDIUM,Constant/Issue: 5min,Sonar way,rule.adoc,/Users/brywoodruff/Projects/Vibe/rspec/rules/S3949/metadata.json
S3950,,,,,,cfamily,,,Unknown,,rule.adoc,/Users/brywoodruff/Projects/Vibe/rspec/rules/S3950/metadata.json
S3955,"""if"" and ""while"" statements should not lead to the execution of empty statements",BUG,Major,closed,All,java;php;csharp;plsql;javascript;cfamily,,,Constant/Issue: 2min,Sonar way,rule.adoc,/Users/brywoodruff/Projects/Vibe/rspec/rules/S3955/metadata.json
S3972,Conditionals should start on new lines,CODE_SMELL,Critical,ready,All,tsql;java;php;csharp;javascript;cfamily,suspicious,MAINTAINABILITY:HIGH,Constant/Issue: 10min,Sonar way,compliant-code-exclusive.adoc;compliant-code-unrelated.adoc;noncompliant-code.adoc;rule.adoc,/Users/brywoodruff/Projects/Vibe/rspec/rules/S3972/metadata.json
S3973,A conditionally executed single line should be denoted by indentation,CODE_SMELL,Critical,ready,All,tsql;java;php;csharp;javascript;cfamily,confusing;suspicious,MAINTAINABILITY:HIGH,Constant/Issue: 10min,Sonar way,rule.adoc,/Users/brywoodruff/Projects/Vibe/rspec/rules/S3973/metadata.json
S4136,Method overloads should be grouped together,CODE_SMELL,Minor,ready,All,vbnet;csharp;javascript;cfamily,convention,MAINTAINABILITY:LOW,Constant/Issue: 1min,,rule.adoc,/Users/brywoodruff/Projects/Vibe/rspec/rules/S4136/metadata.json
S4143,Map values should not be replaced unconditionally,BUG,Major,ready,All,go;python;java;vbnet;php;swift;csharp;javascript;cfamily,suspicious,RELIABILITY:MEDIUM,Constant/Issue: 5min,Sonar way,rule.adoc,/Users/brywoodruff/Projects/Vibe/rspec/rules/S4143/metadata.json
S4144,Methods should not have identical implementations,CODE_SMELL,Major,ready,All,apex;go;python;java;vbnet;kotlin;php;scala;swift;csharp;javascript;ruby;cfamily,confusing;duplicate;suspicious,MAINTAINABILITY:MEDIUM,Constant/Issue: 15min,Sonar way,rule.adoc,/Users/brywoodruff/Projects/Vibe/rspec/rules/S4144/metadata.json
S4263,,,,,,cfamily,,,Unknown,,rule.adoc,/Users/brywoodruff/Projects/Vibe/rspec/rules/S4263/metadata.json
S4334,,,,,,cfamily,,,Unknown,,rule.adoc,/Users/brywoodruff/Projects/Vibe/rspec/rules/S4334/metadata.json
S4423,Weak SSL/TLS protocols should not be used,VULNERABILITY,Critical,ready,Main,terraform;docker;go;python;shell;azureresourcemanager;java;vbnet;kotlin;php;common;githubactions;swift;csharp;javascript;cloudformation;ruby;cfamily,cwe;privacy,SECURITY:HIGH,Constant/Issue: 2min,Sonar way,rule.adoc,/Users/brywoodruff/Projects/Vibe/rspec/rules/S4423/metadata.json
S4426,Cryptographic keys should be robust,VULNERABILITY,Critical,ready,Main,go;python;java;kotlin;php;common;swift;csharp;javascript;cfamily,cwe;privacy,SECURITY:HIGH,Constant/Issue: 2min,Sonar way,rule.adoc,/Users/brywoodruff/Projects/Vibe/rspec/rules/S4426/metadata.json
S4436,,,,,,cfamily,,,Unknown,,rule.adoc,/Users/brywoodruff/Projects/Vibe/rspec/rules/S4436/metadata.json
S4524,"""default"" clauses should be first or last",CODE_SMELL,Critical,ready,All,java;abap;php;csharp;javascript;flex;cfamily,,MAINTAINABILITY:HIGH,Constant/Issue: 5min,Sonar way,rule.adoc,/Users/brywoodruff/Projects/Vibe/rspec/rules/S4524/metadata.json
S4790,Using weak hashing algorithms is security-sensitive,SECURITY_HOTSPOT,Critical,ready,Main,docker;go;python;dart;shell;tsql;java;vbnet;abap;kotlin;php;githubactions;swift;csharp;plsql;javascript;cfamily,cwe,SECURITY:HIGH,Unknown,Sonar way,rule.adoc,/Users/brywoodruff/Projects/Vibe/rspec/rules/S4790/metadata.json
S4830,Server certificates should be verified during SSL/TLS connections,VULNERABILITY,Critical,ready,Main,docker;go;python;dart;shell;java;vbnet;kotlin;php;ansible;common;githubactions;swift;csharp;javascript;ruby;cfamily,cwe;privacy;ssl,SECURITY:HIGH,Constant/Issue: 5min,Sonar way,rule.adoc,/Users/brywoodruff/Projects/Vibe/rspec/rules/S4830/metadata.json
S4962,,,,,,rust;cfamily,,,Unknown,,rule.adoc,/Users/brywoodruff/Projects/Vibe/rspec/rules/S4962/metadata.json
S4963,,,,,,cfamily,,,Unknown,,rule.adoc,/Users/brywoodruff/Projects/Vibe/rspec/rules/S4963/metadata.json
S4997,,,,,,cfamily,,,Unknown,,rule.adoc,/Users/brywoodruff/Projects/Vibe/rspec/rules/S4997/metadata.json
S4998,,,,,,cfamily,,,Unknown,,rule.adoc,/Users/brywoodruff/Projects/Vibe/rspec/rules/S4998/metadata.json
S4999,,,,,,cfamily,,,Unknown,,rule.adoc,/Users/brywoodruff/Projects/Vibe/rspec/rules/S4999/metadata.json
S5000,,,,,,cfamily,,,Unknown,,rule.adoc,/Users/brywoodruff/Projects/Vibe/rspec/rules/S5000/metadata.json
S5008,,,,,,cfamily,,,Unknown,,rule.adoc,/Users/brywoodruff/Projects/Vibe/rspec/rules/S5008/metadata.json
S5018,,,,,,cfamily,,,Unknown,,rule.adoc,/Users/brywoodruff/Projects/Vibe/rspec/rules/S5018/metadata.json
S5019,,,,,,cfamily,,,Unknown,,rule.adoc,/Users/brywoodruff/Projects/Vibe/rspec/rules/S5019/metadata.json
S5020,,,,,,cfamily,,,Unknown,,rule.adoc,/Users/brywoodruff/Projects/Vibe/rspec/rules/S5020/metadata.json
S5025,,,,,,cfamily,,,Unknown,,rule.adoc,/Users/brywoodruff/Projects/Vibe/rspec/rules/S5025/metadata.json
S5028,,,,,,cfamily,,,Unknown,,rule.adoc,/Users/brywoodruff/Projects/Vibe/rspec/rules/S5028/metadata.json
S5042,Expanding archive files without controlling resource consumption is security-sensitive,SECURITY_HOTSPOT,Critical,ready,Main,python;java;vbnet;php;csharp;javascript;cfamily,cwe,SECURITY:HIGH,Constant/Issue: 10min,Sonar way,rule.adoc,/Users/brywoodruff/Projects/Vibe/rspec/rules/S5042/metadata.json
S5180,,,,,,cfamily,,,Unknown,,rule.adoc,/Users/brywoodruff/Projects/Vibe/rspec/rules/S5180/metadata.json
S5184,,,,,,cfamily,,,Unknown,,rule.adoc,/Users/brywoodruff/Projects/Vibe/rspec/rules/S5184/metadata.json
S5205,,,,,,cfamily,,,Unknown,,rule.adoc,/Users/brywoodruff/Projects/Vibe/rspec/rules/S5205/metadata.json
S5213,,,,,,cfamily,,,Unknown,,rule.adoc,/Users/brywoodruff/Projects/Vibe/rspec/rules/S5213/metadata.json
S5259,,,,,,cfamily,,,Unknown,,rule.adoc,/Users/brywoodruff/Projects/Vibe/rspec/rules/S5259/metadata.json
S5261,"""else"" statements should be clearly matched with an ""if""",CODE_SMELL,Major,ready,Main,java;cfamily,confusing,MAINTAINABILITY:MEDIUM,Constant/Issue: 1min,Sonar way,rule.adoc,/Users/brywoodruff/Projects/Vibe/rspec/rules/S5261/metadata.json
S5262,,,,,,cfamily,,,Unknown,,rule.adoc,/Users/brywoodruff/Projects/Vibe/rspec/rules/S5262/metadata.json
S5263,,,,,,cfamily,,,Unknown,,rule.adoc,/Users/brywoodruff/Projects/Vibe/rspec/rules/S5263/metadata.json
S5265,,,,,,cfamily,,,Unknown,,rule.adoc,/Users/brywoodruff/Projects/Vibe/rspec/rules/S5265/metadata.json
S5266,,,,,,cfamily,,,Unknown,,rule.adoc,/Users/brywoodruff/Projects/Vibe/rspec/rules/S5266/metadata.json
S5267,,,,,,cfamily,,,Unknown,,rule.adoc,/Users/brywoodruff/Projects/Vibe/rspec/rules/S5267/metadata.json
S5268,,,,,,cfamily,,,Unknown,,rule.adoc,/Users/brywoodruff/Projects/Vibe/rspec/rules/S5268/metadata.json
S5269,,,,,,cfamily,,,Unknown,,rule.adoc,/Users/brywoodruff/Projects/Vibe/rspec/rules/S5269/metadata.json
S5270,,,,,,cfamily,,,Unknown,,rule.adoc,/Users/brywoodruff/Projects/Vibe/rspec/rules/S5270/metadata.json
S5271,,,,,,cfamily,,,Unknown,,rule.adoc,/Users/brywoodruff/Projects/Vibe/rspec/rules/S5271/metadata.json
S5272,,,,,,cfamily,,,Unknown,,rule.adoc,/Users/brywoodruff/Projects/Vibe/rspec/rules/S5272/metadata.json
S5273,,,,,,cfamily,,,Unknown,,rule.adoc,/Users/brywoodruff/Projects/Vibe/rspec/rules/S5273/metadata.json
S5274,,,,,,cfamily,,,Unknown,,rule.adoc,/Users/brywoodruff/Projects/Vibe/rspec/rules/S5274/metadata.json
S5275,,,,,,cfamily,,,Unknown,,rule.adoc,/Users/brywoodruff/Projects/Vibe/rspec/rules/S5275/metadata.json
S5276,,,,,,cfamily,,,Unknown,,rule.adoc,/Users/brywoodruff/Projects/Vibe/rspec/rules/S5276/metadata.json
S5277,,,,,,cfamily,,,Unknown,,rule.adoc,/Users/brywoodruff/Projects/Vibe/rspec/rules/S5277/metadata.json
S5278,,,,,,cfamily,,,Unknown,,rule.adoc,/Users/brywoodruff/Projects/Vibe/rspec/rules/S5278/metadata.json
S5279,,,,,,cfamily,,,Unknown,,rule.adoc,/Users/brywoodruff/Projects/Vibe/rspec/rules/S5279/metadata.json
S5280,,,,,,cfamily,,,Unknown,,rule.adoc,/Users/brywoodruff/Projects/Vibe/rspec/rules/S5280/metadata.json
S5281,,,,,,cfamily,,,Unknown,,rule.adoc,/Users/brywoodruff/Projects/Vibe/rspec/rules/S5281/metadata.json
S5282,,,,,,cfamily,,,Unknown,,rule.adoc,/Users/brywoodruff/Projects/Vibe/rspec/rules/S5282/metadata.json
S5283,,,,,,cfamily,,,Unknown,,rule.adoc,/Users/brywoodruff/Projects/Vibe/rspec/rules/S5283/metadata.json
S5286,,,,,,cfamily,,,Unknown,,rule.adoc,/Users/brywoodruff/Projects/Vibe/rspec/rules/S5286/metadata.json
S5290,,,,,,cfamily,,,Unknown,,rule.adoc,/Users/brywoodruff/Projects/Vibe/rspec/rules/S5290/metadata.json
S5293,,,,,,cfamily,,,Unknown,,rule.adoc,/Users/brywoodruff/Projects/Vibe/rspec/rules/S5293/metadata.json
S5294,,,,,,cfamily,,,Unknown,,rule.adoc,/Users/brywoodruff/Projects/Vibe/rspec/rules/S5294/metadata.json
S5296,,,,,,cfamily,,,Unknown,,rule.adoc,/Users/brywoodruff/Projects/Vibe/rspec/rules/S5296/metadata.json
S5297,,,,,,cfamily,,,Unknown,,rule.adoc,/Users/brywoodruff/Projects/Vibe/rspec/rules/S5297/metadata.json
S5298,,,,,,cfamily,,,Unknown,,rule.adoc,/Users/brywoodruff/Projects/Vibe/rspec/rules/S5298/metadata.json
S5302,,,,,,cfamily,,,Unknown,,rule.adoc,/Users/brywoodruff/Projects/Vibe/rspec/rules/S5302/metadata.json
S5303,,,,,,cfamily,,,Unknown,,rule.adoc,/Users/brywoodruff/Projects/Vibe/rspec/rules/S5303/metadata.json
S5305,,,,,,cfamily,,,Unknown,,rule.adoc,/Users/brywoodruff/Projects/Vibe/rspec/rules/S5305/metadata.json
S5306,,,,,,cfamily,,,Unknown,,rule.adoc,/Users/brywoodruff/Projects/Vibe/rspec/rules/S5306/metadata.json
S5307,,,,,,cfamily,,,Unknown,,rule.adoc,/Users/brywoodruff/Projects/Vibe/rspec/rules/S5307/metadata.json
S5308,,,,,,cfamily,,,Unknown,,rule.adoc,/Users/brywoodruff/Projects/Vibe/rspec/rules/S5308/metadata.json
S5309,,,,,,cfamily,,,Unknown,,rule.adoc,/Users/brywoodruff/Projects/Vibe/rspec/rules/S5309/metadata.json
S5310,,,,,,cfamily,,,Unknown,,rule.adoc,/Users/brywoodruff/Projects/Vibe/rspec/rules/S5310/metadata.json
S5311,,,,,,cfamily,,,Unknown,,rule.adoc,/Users/brywoodruff/Projects/Vibe/rspec/rules/S5311/metadata.json
S5312,,,,,,cfamily,,,Unknown,,rule.adoc,/Users/brywoodruff/Projects/Vibe/rspec/rules/S5312/metadata.json
S5313,,,,,,cfamily,,,Unknown,,rule.adoc,/Users/brywoodruff/Projects/Vibe/rspec/rules/S5313/metadata.json
S5314,,,,,,cfamily,,,Unknown,,rule.adoc,/Users/brywoodruff/Projects/Vibe/rspec/rules/S5314/metadata.json
S5316,,,,,,cfamily,,,Unknown,,rule.adoc,/Users/brywoodruff/Projects/Vibe/rspec/rules/S5316/metadata.json
S5318,,,,,,cfamily,,,Unknown,,rule.adoc,/Users/brywoodruff/Projects/Vibe/rspec/rules/S5318/metadata.json
S5319,,,,,,cfamily,,,Unknown,,rule.adoc,/Users/brywoodruff/Projects/Vibe/rspec/rules/S5319/metadata.json
S5332,Using clear-text protocols is security-sensitive,SECURITY_HOTSPOT,Critical,ready,Main,terraform;docker;apex;go;python;dart;shell;azureresourcemanager;java;vbnet;kotlin;php;xml;ansible;common;githubactions;swift;csharp;javascript;kubernetes;cloudformation;cfamily,cwe,SECURITY:HIGH,Unknown,Sonar way,rule.adoc,/Users/brywoodruff/Projects/Vibe/rspec/rules/S5332/metadata.json
S5336,,,,,,cfamily,,,Unknown,,rule.adoc,/Users/brywoodruff/Projects/Vibe/rspec/rules/S5336/metadata.json
S5350,,,,,,cfamily,,,Unknown,,rule.adoc,/Users/brywoodruff/Projects/Vibe/rspec/rules/S5350/metadata.json
S5356,,,,,,cfamily,,,Unknown,,rule.adoc,/Users/brywoodruff/Projects/Vibe/rspec/rules/S5356/metadata.json
S5357,,,,,,cfamily,,,Unknown,,rule.adoc,/Users/brywoodruff/Projects/Vibe/rspec/rules/S5357/metadata.json
S5358,,,,,,cfamily,,,Unknown,,rule.adoc,/Users/brywoodruff/Projects/Vibe/rspec/rules/S5358/metadata.json
S5359,"Each operand of the ! operator, the logical && or the logical || operators shall have type bool",BUG,Major,ready,Main,cfamily,,RELIABILITY:MEDIUM,Constant/Issue: 10min,,rule.adoc,/Users/brywoodruff/Projects/Vibe/rspec/rules/S5359/metadata.json
S5381,,,,,,cfamily,,,Unknown,,rule.adoc,/Users/brywoodruff/Projects/Vibe/rspec/rules/S5381/metadata.json
S5402,,,,,,cfamily,,,Unknown,,rule.adoc,/Users/brywoodruff/Projects/Vibe/rspec/rules/S5402/metadata.json
S5403,,,,,,cfamily,,,Unknown,,rule.adoc,/Users/brywoodruff/Projects/Vibe/rspec/rules/S5403/metadata.json
S5404,,,,,,cfamily,,,Unknown,,rule.adoc,/Users/brywoodruff/Projects/Vibe/rspec/rules/S5404/metadata.json
S5405,,,,,,cfamily,,,Unknown,,rule.adoc,/Users/brywoodruff/Projects/Vibe/rspec/rules/S5405/metadata.json
S5408,,,,,,cfamily,,,Unknown,,rule.adoc,/Users/brywoodruff/Projects/Vibe/rspec/rules/S5408/metadata.json
S5409,,,,,,cfamily,,,Unknown,,rule.adoc,/Users/brywoodruff/Projects/Vibe/rspec/rules/S5409/metadata.json
S5410,,,,,,cfamily,,,Unknown,,rule.adoc,/Users/brywoodruff/Projects/Vibe/rspec/rules/S5410/metadata.json
S5412,,,,,,cfamily,,,Unknown,,rule.adoc,/Users/brywoodruff/Projects/Vibe/rspec/rules/S5412/metadata.json
S5414,,,,,,cfamily,,,Unknown,,rule.adoc,/Users/brywoodruff/Projects/Vibe/rspec/rules/S5414/metadata.json
S5415,,,,,,cfamily,,,Unknown,,rule.adoc,/Users/brywoodruff/Projects/Vibe/rspec/rules/S5415/metadata.json
S5416,"""using"" should be preferred for type aliasing",CODE_SMELL,Minor,ready,All,dart;cfamily,cppcoreguidelines;design;since-c++11,MAINTAINABILITY:LOW,Constant/Issue: 5min,Sonar way,rule.adoc,/Users/brywoodruff/Projects/Vibe/rspec/rules/S5416/metadata.json
S5417,,,,,,cfamily,,,Unknown,,rule.adoc,/Users/brywoodruff/Projects/Vibe/rspec/rules/S5417/metadata.json
S5419,,,,,,cfamily,,,Unknown,,rule.adoc,/Users/brywoodruff/Projects/Vibe/rspec/rules/S5419/metadata.json
S5421,,,,,,cfamily,,,Unknown,,rule.adoc,/Users/brywoodruff/Projects/Vibe/rspec/rules/S5421/metadata.json
S5422,,,,,,cfamily,,,Unknown,,rule.adoc,/Users/brywoodruff/Projects/Vibe/rspec/rules/S5422/metadata.json
S5424,,,,,,cfamily,,,Unknown,,rule.adoc,/Users/brywoodruff/Projects/Vibe/rspec/rules/S5424/metadata.json
S5425,,,,,,cfamily,,,Unknown,,rule.adoc,/Users/brywoodruff/Projects/Vibe/rspec/rules/S5425/metadata.json
S5443,Using publicly writable directories is security-sensitive,SECURITY_HOTSPOT,Critical,ready,Main,go;python;java;vbnet;csharp;javascript;cfamily,cwe,SECURITY:HIGH,Unknown,Sonar way,rule.adoc,/Users/brywoodruff/Projects/Vibe/rspec/rules/S5443/metadata.json
S5485,,,,,,cfamily,,,Unknown,,rule.adoc,/Users/brywoodruff/Projects/Vibe/rspec/rules/S5485/metadata.json
S5486,,,,,,cfamily,,,Unknown,,rule.adoc,/Users/brywoodruff/Projects/Vibe/rspec/rules/S5486/metadata.json
S5487,,,,,,cfamily,,,Unknown,,rule.adoc,/Users/brywoodruff/Projects/Vibe/rspec/rules/S5487/metadata.json
S5488,,,,,,cfamily,,,Unknown,,rule.adoc,/Users/brywoodruff/Projects/Vibe/rspec/rules/S5488/metadata.json
S5489,,,,,,cfamily,,,Unknown,,rule.adoc,/Users/brywoodruff/Projects/Vibe/rspec/rules/S5489/metadata.json
S5491,,,,,,cfamily,,,Unknown,,rule.adoc,/Users/brywoodruff/Projects/Vibe/rspec/rules/S5491/metadata.json
S5494,,,,,,cfamily,,,Unknown,,rule.adoc,/Users/brywoodruff/Projects/Vibe/rspec/rules/S5494/metadata.json
S5495,,,,,,cfamily,,,Unknown,,rule.adoc,/Users/brywoodruff/Projects/Vibe/rspec/rules/S5495/metadata.json
S5500,,,,,,cfamily,,,Unknown,,rule.adoc,/Users/brywoodruff/Projects/Vibe/rspec/rules/S5500/metadata.json
S5501,,,,,,cfamily,,,Unknown,,rule.adoc,/Users/brywoodruff/Projects/Vibe/rspec/rules/S5501/metadata.json
S5502,,,,,,cfamily,,,Unknown,,rule.adoc,/Users/brywoodruff/Projects/Vibe/rspec/rules/S5502/metadata.json
S5503,,,,,,cfamily,,,Unknown,,rule.adoc,/Users/brywoodruff/Projects/Vibe/rspec/rules/S5503/metadata.json
S5506,,,,,,cfamily,,,Unknown,,rule.adoc,/Users/brywoodruff/Projects/Vibe/rspec/rules/S5506/metadata.json
S5507,,,,,,cfamily,,,Unknown,,rule.adoc,/Users/brywoodruff/Projects/Vibe/rspec/rules/S5507/metadata.json
S5523,,,,,,cfamily,,,Unknown,,rule.adoc,/Users/brywoodruff/Projects/Vibe/rspec/rules/S5523/metadata.json
S5524,,,,,,cfamily,,,Unknown,,rule.adoc,/Users/brywoodruff/Projects/Vibe/rspec/rules/S5524/metadata.json
S5527,Server hostnames should be verified during SSL/TLS connections,VULNERABILITY,Critical,ready,Main,go;python;java;kotlin;php;common;javascript;ruby;cfamily,cwe;privacy;ssl,SECURITY:HIGH,Constant/Issue: 5min,Sonar way,rule.adoc,/Users/brywoodruff/Projects/Vibe/rspec/rules/S5527/metadata.json
S5536,,,,,,cfamily,,,Unknown,,rule.adoc,/Users/brywoodruff/Projects/Vibe/rspec/rules/S5536/metadata.json
S5542,Encryption algorithms should be used with secure mode and padding scheme,VULNERABILITY,Critical,ready,Main,go;python;dart;java;vbnet;kotlin;php;common;swift;csharp;javascript;cfamily,cwe;privacy,SECURITY:HIGH,Constant/Issue: 20min,Sonar way,rule.adoc,/Users/brywoodruff/Projects/Vibe/rspec/rules/S5542/metadata.json
S5547,Cipher algorithms should be robust,VULNERABILITY,Critical,ready,Main,go;python;dart;java;vbnet;kotlin;php;common;swift;csharp;plsql;javascript;cfamily,cwe;privacy,SECURITY:HIGH,Constant/Issue: 15min,Sonar way,rule.adoc,/Users/brywoodruff/Projects/Vibe/rspec/rules/S5547/metadata.json
S5553,,,,,,cfamily,,,Unknown,,rule.adoc,/Users/brywoodruff/Projects/Vibe/rspec/rules/S5553/metadata.json
S5558,,,,,,cfamily,,,Unknown,,rule.adoc,/Users/brywoodruff/Projects/Vibe/rspec/rules/S5558/metadata.json
S5566,,,,,,cfamily,,,Unknown,,rule.adoc,/Users/brywoodruff/Projects/Vibe/rspec/rules/S5566/metadata.json
S5570,,,,,,cfamily,,,Unknown,,rule.adoc,/Users/brywoodruff/Projects/Vibe/rspec/rules/S5570/metadata.json
S5639,,,,,,cfamily,,,Unknown,,rule.adoc,/Users/brywoodruff/Projects/Vibe/rspec/rules/S5639/metadata.json
S5658,,,,,,cfamily,,,Unknown,,rule.adoc,/Users/brywoodruff/Projects/Vibe/rspec/rules/S5658/metadata.json
S5782,,,,,,common;cfamily,,,Unknown,,rule.adoc,/Users/brywoodruff/Projects/Vibe/rspec/rules/S5782/metadata.json
S5798,,,,,,cfamily,,,Unknown,,rule.adoc,/Users/brywoodruff/Projects/Vibe/rspec/rules/S5798/metadata.json
S5800,,,,,,cfamily,,,Unknown,,rule.adoc,/Users/brywoodruff/Projects/Vibe/rspec/rules/S5800/metadata.json
S5801,,,,,,cfamily,,,Unknown,,rule.adoc,/Users/brywoodruff/Projects/Vibe/rspec/rules/S5801/metadata.json
S5802,"Changing directories improperly when using ""chroot"" is security-sensitive",SECURITY_HOTSPOT,Critical,ready,All,cfamily,cwe,SECURITY:HIGH,Constant/Issue: 5min,Sonar way,rule.adoc,/Users/brywoodruff/Projects/Vibe/rspec/rules/S5802/metadata.json
S5812,,,,,,cfamily,,,Unknown,,rule.adoc,/Users/brywoodruff/Projects/Vibe/rspec/rules/S5812/metadata.json
S5813,,,,,,cfamily,,,Unknown,,rule.adoc,/Users/brywoodruff/Projects/Vibe/rspec/rules/S5813/metadata.json
S5814,,,,,,cfamily,,,Unknown,,rule.adoc,/Users/brywoodruff/Projects/Vibe/rspec/rules/S5814/metadata.json
S5815,,,,,,cfamily,,,Unknown,,rule.adoc,/Users/brywoodruff/Projects/Vibe/rspec/rules/S5815/metadata.json
S5816,,,,,,cfamily,,,Unknown,,rule.adoc,/Users/brywoodruff/Projects/Vibe/rspec/rules/S5816/metadata.json
S5817,,,,,,cfamily,,,Unknown,,rule.adoc,/Users/brywoodruff/Projects/Vibe/rspec/rules/S5817/metadata.json
S5820,,,,,,cfamily,,,Unknown,,rule.adoc,/Users/brywoodruff/Projects/Vibe/rspec/rules/S5820/metadata.json
S5821,,,,,,cfamily,,,Unknown,,rule.adoc,/Users/brywoodruff/Projects/Vibe/rspec/rules/S5821/metadata.json
S5822,,,,,,cfamily,,,Unknown,,rule.adoc,/Users/brywoodruff/Projects/Vibe/rspec/rules/S5822/metadata.json
S5824,,,,,,cfamily,,,Unknown,,rule.adoc,/Users/brywoodruff/Projects/Vibe/rspec/rules/S5824/metadata.json
S5825,,,,,,cfamily,,,Unknown,,rule.adoc,/Users/brywoodruff/Projects/Vibe/rspec/rules/S5825/metadata.json
S5827,,,,,,cfamily,,,Unknown,,rule.adoc,/Users/brywoodruff/Projects/Vibe/rspec/rules/S5827/metadata.json
S5829,,,,,,cfamily,,,Unknown,,rule.adoc,/Users/brywoodruff/Projects/Vibe/rspec/rules/S5829/metadata.json
S5832,,,,,,cfamily,,,Unknown,,rule.adoc,/Users/brywoodruff/Projects/Vibe/rspec/rules/S5832/metadata.json
S5847,Accessing files should not introduce TOCTOU vulnerabilities,VULNERABILITY,Critical,ready,Main,common;cfamily,cwe,SECURITY:HIGH,Constant/Issue: 10min,Sonar way,rule.adoc,/Users/brywoodruff/Projects/Vibe/rspec/rules/S5847/metadata.json
S5849,Setting capabilities is security-sensitive,SECURITY_HOTSPOT,Major,ready,Main,ansible;common;kubernetes;cfamily,cwe,SECURITY:MEDIUM,Constant/Issue: 30min,Sonar way,rule.adoc,/Users/brywoodruff/Projects/Vibe/rspec/rules/S5849/metadata.json
S5912,,,,,,cfamily,,,Unknown,,rule.adoc,/Users/brywoodruff/Projects/Vibe/rspec/rules/S5912/metadata.json
S5945,,,,,,cfamily,,,Unknown,,rule.adoc,/Users/brywoodruff/Projects/Vibe/rspec/rules/S5945/metadata.json
S5946,,,,,,cfamily,,,Unknown,,rule.adoc,/Users/brywoodruff/Projects/Vibe/rspec/rules/S5946/metadata.json
S5949,,,,,,cfamily,,,Unknown,,rule.adoc,/Users/brywoodruff/Projects/Vibe/rspec/rules/S5949/metadata.json
S5950,,,,,,cfamily,,,Unknown,,rule.adoc,/Users/brywoodruff/Projects/Vibe/rspec/rules/S5950/metadata.json
S5951,,,,,,cfamily,,,Unknown,,rule.adoc,/Users/brywoodruff/Projects/Vibe/rspec/rules/S5951/metadata.json
S5952,,,,,,cfamily,,,Unknown,,rule.adoc,/Users/brywoodruff/Projects/Vibe/rspec/rules/S5952/metadata.json
S5954,,,,,,cfamily,,,Unknown,,rule.adoc,/Users/brywoodruff/Projects/Vibe/rspec/rules/S5954/metadata.json
S5955,,,,,,cfamily,,,Unknown,,rule.adoc,/Users/brywoodruff/Projects/Vibe/rspec/rules/S5955/metadata.json
S5956,,,,,,cfamily,,,Unknown,,rule.adoc,/Users/brywoodruff/Projects/Vibe/rspec/rules/S5956/metadata.json
S5957,,,,,,cfamily,,,Unknown,,rule.adoc,/Users/brywoodruff/Projects/Vibe/rspec/rules/S5957/metadata.json
S5959,,,,,,cfamily,,,Unknown,,rule.adoc,/Users/brywoodruff/Projects/Vibe/rspec/rules/S5959/metadata.json
S5962,,,,,,cfamily,,,Unknown,,rule.adoc,/Users/brywoodruff/Projects/Vibe/rspec/rules/S5962/metadata.json
S5963,,,,,,cfamily,,,Unknown,,rule.adoc,/Users/brywoodruff/Projects/Vibe/rspec/rules/S5963/metadata.json
S5964,,,,,,cfamily,,,Unknown,,rule.adoc,/Users/brywoodruff/Projects/Vibe/rspec/rules/S5964/metadata.json
S5965,,,,,,cfamily,,,Unknown,,rule.adoc,/Users/brywoodruff/Projects/Vibe/rspec/rules/S5965/metadata.json
S5966,,,,,,cfamily,,,Unknown,,rule.adoc,/Users/brywoodruff/Projects/Vibe/rspec/rules/S5966/metadata.json
S5972,,,,,,cfamily,,,Unknown,,rule.adoc,/Users/brywoodruff/Projects/Vibe/rspec/rules/S5972/metadata.json
S5974,,,,,,cfamily,,,Unknown,,rule.adoc,/Users/brywoodruff/Projects/Vibe/rspec/rules/S5974/metadata.json
S5975,,,,,,cfamily,,,Unknown,,rule.adoc,/Users/brywoodruff/Projects/Vibe/rspec/rules/S5975/metadata.json
S5978,,,,,,cfamily,,,Unknown,,rule.adoc,/Users/brywoodruff/Projects/Vibe/rspec/rules/S5978/metadata.json
S5980,,,,,,cfamily,,,Unknown,,rule.adoc,/Users/brywoodruff/Projects/Vibe/rspec/rules/S5980/metadata.json
S5981,,,,,,cfamily,,,Unknown,,rule.adoc,/Users/brywoodruff/Projects/Vibe/rspec/rules/S5981/metadata.json
S5982,,,,,,cfamily,,,Unknown,,rule.adoc,/Users/brywoodruff/Projects/Vibe/rspec/rules/S5982/metadata.json
S5995,,,,,,cfamily,,,Unknown,,rule.adoc,/Users/brywoodruff/Projects/Vibe/rspec/rules/S5995/metadata.json
S5997,,,,,,cfamily,,,Unknown,,rule.adoc,/Users/brywoodruff/Projects/Vibe/rspec/rules/S5997/metadata.json
S5999,,,,,,cfamily,,,Unknown,,rule.adoc,/Users/brywoodruff/Projects/Vibe/rspec/rules/S5999/metadata.json
S6000,,,,,,cfamily,,,Unknown,,rule.adoc,/Users/brywoodruff/Projects/Vibe/rspec/rules/S6000/metadata.json
S6003,,,,,,cfamily,,,Unknown,,rule.adoc,/Users/brywoodruff/Projects/Vibe/rspec/rules/S6003/metadata.json
S6004,,,,,,cfamily,,,Unknown,,rule.adoc,/Users/brywoodruff/Projects/Vibe/rspec/rules/S6004/metadata.json
S6005,,,,,,cfamily,,,Unknown,,rule.adoc,/Users/brywoodruff/Projects/Vibe/rspec/rules/S6005/metadata.json
S6006,,,,,,cfamily,,,Unknown,,rule.adoc,/Users/brywoodruff/Projects/Vibe/rspec/rules/S6006/metadata.json
S6007,,,,,,cfamily,,,Unknown,,rule.adoc,/Users/brywoodruff/Projects/Vibe/rspec/rules/S6007/metadata.json
S6008,,,,,,cfamily,,,Unknown,,rule.adoc,/Users/brywoodruff/Projects/Vibe/rspec/rules/S6008/metadata.json
S6009,,,,,,cfamily,,,Unknown,,rule.adoc,/Users/brywoodruff/Projects/Vibe/rspec/rules/S6009/metadata.json
S6010,,,,,,cfamily,,,Unknown,,rule.adoc,/Users/brywoodruff/Projects/Vibe/rspec/rules/S6010/metadata.json
S6011,,,,,,cfamily,,,Unknown,,rule.adoc,/Users/brywoodruff/Projects/Vibe/rspec/rules/S6011/metadata.json
S6012,,,,,,cfamily,,,Unknown,,rule.adoc,/Users/brywoodruff/Projects/Vibe/rspec/rules/S6012/metadata.json
S6013,,,,,,cfamily,,,Unknown,,rule.adoc,/Users/brywoodruff/Projects/Vibe/rspec/rules/S6013/metadata.json
S6015,,,,,,cfamily,,,Unknown,,rule.adoc,/Users/brywoodruff/Projects/Vibe/rspec/rules/S6015/metadata.json
S6016,,,,,,cfamily,,,Unknown,,rule.adoc,/Users/brywoodruff/Projects/Vibe/rspec/rules/S6016/metadata.json
S6017,,,,,,cfamily,,,Unknown,,rule.adoc,/Users/brywoodruff/Projects/Vibe/rspec/rules/S6017/metadata.json
S6018,,,,,,cfamily,,,Unknown,,rule.adoc,/Users/brywoodruff/Projects/Vibe/rspec/rules/S6018/metadata.json
S6020,,,,,,cfamily,,,Unknown,,rule.adoc,/Users/brywoodruff/Projects/Vibe/rspec/rules/S6020/metadata.json
S6021,,,,,,cfamily,,,Unknown,,rule.adoc,/Users/brywoodruff/Projects/Vibe/rspec/rules/S6021/metadata.json
S6022,,,,,,cfamily,,,Unknown,,rule.adoc,/Users/brywoodruff/Projects/Vibe/rspec/rules/S6022/metadata.json
S6023,,,,,,cfamily,,,Unknown,,rule.adoc,/Users/brywoodruff/Projects/Vibe/rspec/rules/S6023/metadata.json
S6024,,,,,,cfamily,,,Unknown,,rule.adoc,/Users/brywoodruff/Projects/Vibe/rspec/rules/S6024/metadata.json
S6025,,,,,,cfamily,,,Unknown,,rule.adoc,/Users/brywoodruff/Projects/Vibe/rspec/rules/S6025/metadata.json
S6026,,,,,,cfamily,,,Unknown,,rule.adoc,/Users/brywoodruff/Projects/Vibe/rspec/rules/S6026/metadata.json
S6027,,,,,,cfamily,,,Unknown,,rule.adoc,/Users/brywoodruff/Projects/Vibe/rspec/rules/S6027/metadata.json
S6028,,,,,,cfamily,,,Unknown,,rule.adoc,/Users/brywoodruff/Projects/Vibe/rspec/rules/S6028/metadata.json
S6029,,,,,,cfamily,,,Unknown,,rule.adoc,/Users/brywoodruff/Projects/Vibe/rspec/rules/S6029/metadata.json
S6030,,,,,,cfamily,,,Unknown,,rule.adoc,/Users/brywoodruff/Projects/Vibe/rspec/rules/S6030/metadata.json
S6031,,,,,,cfamily,,,Unknown,,rule.adoc,/Users/brywoodruff/Projects/Vibe/rspec/rules/S6031/metadata.json
S6032,,,,,,cfamily,,,Unknown,,rule.adoc,/Users/brywoodruff/Projects/Vibe/rspec/rules/S6032/metadata.json
S6033,,,,,,cfamily,,,Unknown,,rule.adoc,/Users/brywoodruff/Projects/Vibe/rspec/rules/S6033/metadata.json
S6045,,,,,,cfamily,,,Unknown,,rule.adoc,/Users/brywoodruff/Projects/Vibe/rspec/rules/S6045/metadata.json
S6046,,,,,,cfamily,,,Unknown,,rule.adoc,/Users/brywoodruff/Projects/Vibe/rspec/rules/S6046/metadata.json
S6069,,,,,,cfamily,,,Unknown,,rule.adoc,/Users/brywoodruff/Projects/Vibe/rspec/rules/S6069/metadata.json
S6147,,,,,,cfamily,,,Unknown,,rule.adoc,/Users/brywoodruff/Projects/Vibe/rspec/rules/S6147/metadata.json
S6163,,,,,,cfamily,,,Unknown,,rule.adoc,/Users/brywoodruff/Projects/Vibe/rspec/rules/S6163/metadata.json
S6164,Mathematical constants should not be hardcoded,CODE_SMELL,Major,ready,All,rust;cfamily,clumsy,MAINTAINABILITY:MEDIUM,Constant/Issue: 5min,Sonar way,rule.adoc,/Users/brywoodruff/Projects/Vibe/rspec/rules/S6164/metadata.json
S6165,,,,,,cfamily,,,Unknown,,rule.adoc,/Users/brywoodruff/Projects/Vibe/rspec/rules/S6165/metadata.json
S6166,,,,,,cfamily,,,Unknown,,rule.adoc,/Users/brywoodruff/Projects/Vibe/rspec/rules/S6166/metadata.json
S6168,,,,,,cfamily,,,Unknown,,rule.adoc,/Users/brywoodruff/Projects/Vibe/rspec/rules/S6168/metadata.json
S6169,,,,,,cfamily,,,Unknown,,rule.adoc,/Users/brywoodruff/Projects/Vibe/rspec/rules/S6169/metadata.json
S6170,,,,,,cfamily,,,Unknown,,rule.adoc,/Users/brywoodruff/Projects/Vibe/rspec/rules/S6170/metadata.json
S6171,,,,,,cfamily,,,Unknown,,rule.adoc,/Users/brywoodruff/Projects/Vibe/rspec/rules/S6171/metadata.json
S6172,,,,,,cfamily,,,Unknown,,rule.adoc,/Users/brywoodruff/Projects/Vibe/rspec/rules/S6172/metadata.json
S6175,,,,,,cfamily,,,Unknown,,rule.adoc,/Users/brywoodruff/Projects/Vibe/rspec/rules/S6175/metadata.json
S6177,,,,,,cfamily,,,Unknown,,rule.adoc,/Users/brywoodruff/Projects/Vibe/rspec/rules/S6177/metadata.json
S6178,,,,,,cfamily,,,Unknown,,rule.adoc,/Users/brywoodruff/Projects/Vibe/rspec/rules/S6178/metadata.json
S6179,,,,,,cfamily,,,Unknown,,rule.adoc,/Users/brywoodruff/Projects/Vibe/rspec/rules/S6179/metadata.json
S6180,,,,,,cfamily,,,Unknown,,rule.adoc,/Users/brywoodruff/Projects/Vibe/rspec/rules/S6180/metadata.json
S6181,,,,,,cfamily,,,Unknown,,rule.adoc,/Users/brywoodruff/Projects/Vibe/rspec/rules/S6181/metadata.json
S6182,,,,,,cfamily,,,Unknown,,rule.adoc,/Users/brywoodruff/Projects/Vibe/rspec/rules/S6182/metadata.json
S6183,,,,,,cfamily,,,Unknown,,rule.adoc,/Users/brywoodruff/Projects/Vibe/rspec/rules/S6183/metadata.json
S6184,,,,,,cfamily,,,Unknown,,rule.adoc,/Users/brywoodruff/Projects/Vibe/rspec/rules/S6184/metadata.json
S6185,,,,,,cfamily,,,Unknown,,rule.adoc,/Users/brywoodruff/Projects/Vibe/rspec/rules/S6185/metadata.json
S6186,,,,,,cfamily,,,Unknown,,rule.adoc,/Users/brywoodruff/Projects/Vibe/rspec/rules/S6186/metadata.json
S6187,,,,,,cfamily,,,Unknown,,rule.adoc,/Users/brywoodruff/Projects/Vibe/rspec/rules/S6187/metadata.json
S6188,,,,,,cfamily,,,Unknown,,rule.adoc,/Users/brywoodruff/Projects/Vibe/rspec/rules/S6188/metadata.json
S6189,,,,,,cfamily,,,Unknown,,rule.adoc,/Users/brywoodruff/Projects/Vibe/rspec/rules/S6189/metadata.json
S6190,,,,,,cfamily,,,Unknown,,rule.adoc,/Users/brywoodruff/Projects/Vibe/rspec/rules/S6190/metadata.json
S6191,,,,,,cfamily,,,Unknown,,rule.adoc,/Users/brywoodruff/Projects/Vibe/rspec/rules/S6191/metadata.json
S6192,,,,,,cfamily,,,Unknown,,rule.adoc,/Users/brywoodruff/Projects/Vibe/rspec/rules/S6192/metadata.json
S6193,,,,,,cfamily,,,Unknown,,rule.adoc,/Users/brywoodruff/Projects/Vibe/rspec/rules/S6193/metadata.json
S6194,Cognitive Complexity of coroutines should not be too high,CODE_SMELL,Critical,ready,All,cfamily,brain-overload,MAINTAINABILITY:HIGH,Linear with offset,Sonar way,rule.adoc,/Users/brywoodruff/Projects/Vibe/rspec/rules/S6194/metadata.json
S6195,,,,,,cfamily,,,Unknown,,rule.adoc,/Users/brywoodruff/Projects/Vibe/rspec/rules/S6195/metadata.json
S6196,,,,,,cfamily,,,Unknown,,rule.adoc,/Users/brywoodruff/Projects/Vibe/rspec/rules/S6196/metadata.json
S6197,,,,,,cfamily,,,Unknown,,rule.adoc,/Users/brywoodruff/Projects/Vibe/rspec/rules/S6197/metadata.json
S6200,,,,,,cfamily,,,Unknown,,rule.adoc,/Users/brywoodruff/Projects/Vibe/rspec/rules/S6200/metadata.json
S6214,,,,,,cfamily,,,Unknown,,rule.adoc,/Users/brywoodruff/Projects/Vibe/rspec/rules/S6214/metadata.json
S6221,,,,,,cfamily,,,Unknown,,rule.adoc,/Users/brywoodruff/Projects/Vibe/rspec/rules/S6221/metadata.json
S6222,,,,,,cfamily,,,Unknown,,rule.adoc,/Users/brywoodruff/Projects/Vibe/rspec/rules/S6222/metadata.json
S6223,,,,,,cfamily,,,Unknown,,rule.adoc,/Users/brywoodruff/Projects/Vibe/rspec/rules/S6223/metadata.json
S6225,,,,,,cfamily,,,Unknown,,rule.adoc,/Users/brywoodruff/Projects/Vibe/rspec/rules/S6225/metadata.json
S6226,,,,,,cfamily,,,Unknown,,rule.adoc,/Users/brywoodruff/Projects/Vibe/rspec/rules/S6226/metadata.json
S6227,,,,,,cfamily,,,Unknown,,rule.adoc,/Users/brywoodruff/Projects/Vibe/rspec/rules/S6227/metadata.json
S6228,,,,,,cfamily,,,Unknown,,rule.adoc,/Users/brywoodruff/Projects/Vibe/rspec/rules/S6228/metadata.json
S6229,,,,,,cfamily,,,Unknown,,rule.adoc,/Users/brywoodruff/Projects/Vibe/rspec/rules/S6229/metadata.json
S6230,,,,,,cfamily,,,Unknown,,rule.adoc,/Users/brywoodruff/Projects/Vibe/rspec/rules/S6230/metadata.json
S6231,,,,,,cfamily,,,Unknown,,rule.adoc,/Users/brywoodruff/Projects/Vibe/rspec/rules/S6231/metadata.json
S6232,,,,,,cfamily,,,Unknown,,rule.adoc,/Users/brywoodruff/Projects/Vibe/rspec/rules/S6232/metadata.json
S6233,,,,,,cfamily,,,Unknown,,rule.adoc,/Users/brywoodruff/Projects/Vibe/rspec/rules/S6233/metadata.json
S6234,,,,,,cfamily,,,Unknown,,rule.adoc,/Users/brywoodruff/Projects/Vibe/rspec/rules/S6234/metadata.json
S6235,,,,,,cfamily,,,Unknown,,rule.adoc,/Users/brywoodruff/Projects/Vibe/rspec/rules/S6235/metadata.json
S6236,,,,,,cfamily,,,Unknown,,rule.adoc,/Users/brywoodruff/Projects/Vibe/rspec/rules/S6236/metadata.json
S6352,,,,,,cfamily,,,Unknown,,rule.adoc,/Users/brywoodruff/Projects/Vibe/rspec/rules/S6352/metadata.json
S6365,,,,,,cfamily,,,Unknown,,rule.adoc,/Users/brywoodruff/Projects/Vibe/rspec/rules/S6365/metadata.json
S6366,,,,,,cfamily,,,Unknown,,rule.adoc,/Users/brywoodruff/Projects/Vibe/rspec/rules/S6366/metadata.json
S6367,,,,,,cfamily,,,Unknown,,rule.adoc,/Users/brywoodruff/Projects/Vibe/rspec/rules/S6367/metadata.json
S6369,,,,,,cfamily,,,Unknown,,rule.adoc,/Users/brywoodruff/Projects/Vibe/rspec/rules/S6369/metadata.json
S6372,,,,,,cfamily,,,Unknown,,rule.adoc,/Users/brywoodruff/Projects/Vibe/rspec/rules/S6372/metadata.json
S6391,,,,,,cfamily,,,Unknown,,rule.adoc,/Users/brywoodruff/Projects/Vibe/rspec/rules/S6391/metadata.json
S6418,Hard-coded secrets are security-sensitive,SECURITY_HOTSPOT,Blocker,ready,Main,go;python;secrets;java;vbnet;kotlin;php;json;swift;yaml;csharp;javascript;kubernetes;cfamily,cwe,SECURITY:BLOCKER,Constant/Issue: 30min,Sonar way,rule.adoc,/Users/brywoodruff/Projects/Vibe/rspec/rules/S6418/metadata.json
S6427,,,,,,cfamily,,,Unknown,,rule.adoc,/Users/brywoodruff/Projects/Vibe/rspec/rules/S6427/metadata.json
S6456,,,,,,cfamily,,,Unknown,,rule.adoc,/Users/brywoodruff/Projects/Vibe/rspec/rules/S6456/metadata.json
S6458,,,,,,cfamily,,,Unknown,,rule.adoc,/Users/brywoodruff/Projects/Vibe/rspec/rules/S6458/metadata.json
S6459,,,,,,cfamily,,,Unknown,,rule.adoc,/Users/brywoodruff/Projects/Vibe/rspec/rules/S6459/metadata.json
S6460,,,,,,cfamily,,,Unknown,,rule.adoc,/Users/brywoodruff/Projects/Vibe/rspec/rules/S6460/metadata.json
S6461,,,,,,cfamily,,,Unknown,,rule.adoc,/Users/brywoodruff/Projects/Vibe/rspec/rules/S6461/metadata.json
S6462,,,,,,cfamily,,,Unknown,,rule.adoc,/Users/brywoodruff/Projects/Vibe/rspec/rules/S6462/metadata.json
S6482,,,,,,cfamily,,,Unknown,,rule.adoc,/Users/brywoodruff/Projects/Vibe/rspec/rules/S6482/metadata.json
S6483,,,,,,cfamily,,,Unknown,,rule.adoc,/Users/brywoodruff/Projects/Vibe/rspec/rules/S6483/metadata.json
S6484,,,,,,cfamily,,,Unknown,,rule.adoc,/Users/brywoodruff/Projects/Vibe/rspec/rules/S6484/metadata.json
S6487,,,,,,cfamily,,,Unknown,,rule.adoc,/Users/brywoodruff/Projects/Vibe/rspec/rules/S6487/metadata.json
S6488,,,,,,cfamily,,,Unknown,,rule.adoc,/Users/brywoodruff/Projects/Vibe/rspec/rules/S6488/metadata.json
S6489,,,,,,cfamily,,,Unknown,,rule.adoc,/Users/brywoodruff/Projects/Vibe/rspec/rules/S6489/metadata.json
S6490,,,,,,cfamily,,,Unknown,,rule.adoc,/Users/brywoodruff/Projects/Vibe/rspec/rules/S6490/metadata.json
S6491,,,,,,cfamily,,,Unknown,,rule.adoc,/Users/brywoodruff/Projects/Vibe/rspec/rules/S6491/metadata.json
S6492,,,,,,cfamily,,,Unknown,,rule.adoc,/Users/brywoodruff/Projects/Vibe/rspec/rules/S6492/metadata.json
S6493,,,,,,cfamily,,,Unknown,,rule.adoc,/Users/brywoodruff/Projects/Vibe/rspec/rules/S6493/metadata.json
S6494,,,,,,cfamily,,,Unknown,,rule.adoc,/Users/brywoodruff/Projects/Vibe/rspec/rules/S6494/metadata.json
S6495,,,,,,cfamily,,,Unknown,,rule.adoc,/Users/brywoodruff/Projects/Vibe/rspec/rules/S6495/metadata.json
S6620,This is a rule showcasing which features are available in Asciidoc when writing a rule description,CODE_SMELL,Major,ready,All,java;cfamily,rspec-showcase,MAINTAINABILITY:MEDIUM,Constant/Issue: 5min,Sonar way,rule.adoc,/Users/brywoodruff/Projects/Vibe/rspec/rules/S6620/metadata.json
S6621,,,,,,cfamily,,,Unknown,,rule.adoc,/Users/brywoodruff/Projects/Vibe/rspec/rules/S6621/metadata.json
S6636,,,,,,cfamily,,,Unknown,,rule.adoc,/Users/brywoodruff/Projects/Vibe/rspec/rules/S6636/metadata.json
S6655,,,,,,cfamily,,,Unknown,,rule.adoc,/Users/brywoodruff/Projects/Vibe/rspec/rules/S6655/metadata.json
S6871,,,,,,cfamily,,,Unknown,,rule.adoc,/Users/brywoodruff/Projects/Vibe/rspec/rules/S6871/metadata.json
S6872,,,,,,cfamily,,,Unknown,,rule.adoc,/Users/brywoodruff/Projects/Vibe/rspec/rules/S6872/metadata.json
S6936,,,,,,cfamily,,,Unknown,,rule.adoc,/Users/brywoodruff/Projects/Vibe/rspec/rules/S6936/metadata.json
S6991,,,,,,cfamily,,,Unknown,,rule.adoc,/Users/brywoodruff/Projects/Vibe/rspec/rules/S6991/metadata.json
S6994,,,,,,cfamily,,,Unknown,,rule.adoc,/Users/brywoodruff/Projects/Vibe/rspec/rules/S6994/metadata.json
S6996,,,,,,cfamily,,,Unknown,,rule.adoc,/Users/brywoodruff/Projects/Vibe/rspec/rules/S6996/metadata.json
S7012,,,,,,cfamily,,,Unknown,,rule.adoc,/Users/brywoodruff/Projects/Vibe/rspec/rules/S7012/metadata.json
S7032,,,,,,cfamily,,,Unknown,,rule.adoc,/Users/brywoodruff/Projects/Vibe/rspec/rules/S7032/metadata.json
S7033,,,,,,cfamily,,,Unknown,,rule.adoc,/Users/brywoodruff/Projects/Vibe/rspec/rules/S7033/metadata.json
S7034,,,,,,cfamily,,,Unknown,,rule.adoc,/Users/brywoodruff/Projects/Vibe/rspec/rules/S7034/metadata.json
S7035,,,,,,cfamily,,,Unknown,,rule.adoc,/Users/brywoodruff/Projects/Vibe/rspec/rules/S7035/metadata.json
S7038,,,,,,cfamily,,,Unknown,,rule.adoc,/Users/brywoodruff/Projects/Vibe/rspec/rules/S7038/metadata.json
S7040,,,,,,cfamily,,,Unknown,,rule.adoc,/Users/brywoodruff/Projects/Vibe/rspec/rules/S7040/metadata.json
S7042,,,,,,cfamily,,,Unknown,,rule.adoc,/Users/brywoodruff/Projects/Vibe/rspec/rules/S7042/metadata.json
S7116,,,,,,cfamily,,,Unknown,,rule.adoc,/Users/brywoodruff/Projects/Vibe/rspec/rules/S7116/metadata.json
S7118,,,,,,cfamily,,,Unknown,,rule.adoc,/Users/brywoodruff/Projects/Vibe/rspec/rules/S7118/metadata.json
S7119,,,,,,cfamily,,,Unknown,,rule.adoc,/Users/brywoodruff/Projects/Vibe/rspec/rules/S7119/metadata.json
S7121,,,,,,cfamily,,,Unknown,,rule.adoc,/Users/brywoodruff/Projects/Vibe/rspec/rules/S7121/metadata.json
S7127,,,,,,cfamily,,,Unknown,,rule.adoc,/Users/brywoodruff/Projects/Vibe/rspec/rules/S7127/metadata.json
S7129,,,,,,cfamily,,,Unknown,,rule.adoc,/Users/brywoodruff/Projects/Vibe/rspec/rules/S7129/metadata.json
S7132,,,,,,cfamily,,,Unknown,,rule.adoc,/Users/brywoodruff/Projects/Vibe/rspec/rules/S7132/metadata.json
S7172,,,,,,cfamily,,,Unknown,,rule.adoc,/Users/brywoodruff/Projects/Vibe/rspec/rules/S7172/metadata.json
S779,,,,,,cfamily,,,Unknown,,rule.adoc,/Users/brywoodruff/Projects/Vibe/rspec/rules/S779/metadata.json
S780,,,,,,cfamily,,,Unknown,,rule.adoc,/Users/brywoodruff/Projects/Vibe/rspec/rules/S780/metadata.json
S781,,,,,,cfamily,,,Unknown,,rule.adoc,/Users/brywoodruff/Projects/Vibe/rspec/rules/S781/metadata.json
S782,,,,,,cfamily,,,Unknown,,rule.adoc,/Users/brywoodruff/Projects/Vibe/rspec/rules/S782/metadata.json
S783,,,,,,cfamily,,,Unknown,,rule.adoc,/Users/brywoodruff/Projects/Vibe/rspec/rules/S783/metadata.json
S784,,,,,,cfamily,,,Unknown,,rule.adoc,/Users/brywoodruff/Projects/Vibe/rspec/rules/S784/metadata.json
S785,,,,,,cfamily,,,Unknown,,rule.adoc,/Users/brywoodruff/Projects/Vibe/rspec/rules/S785/metadata.json
S786,,,,,,cfamily,,,Unknown,,rule.adoc,/Users/brywoodruff/Projects/Vibe/rspec/rules/S786/metadata.json
S787,Source code should only use /* ... */ style comments,CODE_SMELL,Minor,ready,Main,cfamily,convention,MAINTAINABILITY:LOW,Constant/Issue: 5min,,rule.adoc,/Users/brywoodruff/Projects/Vibe/rspec/rules/S787/metadata.json
S790,,,,,,cfamily,,,Unknown,,rule.adoc,/Users/brywoodruff/Projects/Vibe/rspec/rules/S790/metadata.json
S791,,,,,,cfamily,,,Unknown,,rule.adoc,/Users/brywoodruff/Projects/Vibe/rspec/rules/S791/metadata.json
S792,,,,,,cfamily,,,Unknown,,rule.adoc,/Users/brywoodruff/Projects/Vibe/rspec/rules/S792/metadata.json
S793,,,,,,cfamily,,,Unknown,,rule.adoc,/Users/brywoodruff/Projects/Vibe/rspec/rules/S793/metadata.json
S794,,,,,,cfamily,,,Unknown,,rule.adoc,/Users/brywoodruff/Projects/Vibe/rspec/rules/S794/metadata.json
S795,,,,,,cfamily,,,Unknown,,rule.adoc,/Users/brywoodruff/Projects/Vibe/rspec/rules/S795/metadata.json
S796,,,,,,cfamily,,,Unknown,,rule.adoc,/Users/brywoodruff/Projects/Vibe/rspec/rules/S796/metadata.json
S797,,,,,,cfamily,,,Unknown,,rule.adoc,/Users/brywoodruff/Projects/Vibe/rspec/rules/S797/metadata.json
S798,,,,,,cfamily,,,Unknown,,rule.adoc,/Users/brywoodruff/Projects/Vibe/rspec/rules/S798/metadata.json
S799,,,,,,cfamily,,,Unknown,,rule.adoc,/Users/brywoodruff/Projects/Vibe/rspec/rules/S799/metadata.json
S800,Identifiers should be typographically unambiguous,CODE_SMELL,Critical,closed,Main,python;rpg;vb6;java;vbnet;abap;php;pli;csharp;plsql;javascript;cobol;flex;cfamily,pitfall,MAINTAINABILITY:HIGH,Constant/Issue: 5min,,rule.adoc,/Users/brywoodruff/Projects/Vibe/rspec/rules/S800/metadata.json
S801,Identifiers in an inner scope should not be the same name as identifiers in an outer scope,CODE_SMELL,Major,closed,Main,plsql;cfamily,misra;suspicious,MAINTAINABILITY:MEDIUM,Constant/Issue: 5min,,rule.adoc,/Users/brywoodruff/Projects/Vibe/rspec/rules/S801/metadata.json
S802,,,,,,cfamily,,,Unknown,,rule.adoc,/Users/brywoodruff/Projects/Vibe/rspec/rules/S802/metadata.json
S803,,,,,,cfamily,,,Unknown,,rule.adoc,/Users/brywoodruff/Projects/Vibe/rspec/rules/S803/metadata.json
S804,,,,,,cfamily,,,Unknown,,rule.adoc,/Users/brywoodruff/Projects/Vibe/rspec/rules/S804/metadata.json
S805,,,,,,cfamily,,,Unknown,,rule.adoc,/Users/brywoodruff/Projects/Vibe/rspec/rules/S805/metadata.json
S806,,,,,,cfamily,,,Unknown,,rule.adoc,/Users/brywoodruff/Projects/Vibe/rspec/rules/S806/metadata.json
S807,,,,,,cfamily,,,Unknown,,rule.adoc,/Users/brywoodruff/Projects/Vibe/rspec/rules/S807/metadata.json
S808,,,,,,cfamily,,,Unknown,,rule.adoc,/Users/brywoodruff/Projects/Vibe/rspec/rules/S808/metadata.json
S809,,,,,,cfamily,,,Unknown,,rule.adoc,/Users/brywoodruff/Projects/Vibe/rspec/rules/S809/metadata.json
S810,,,,,,cfamily,,,Unknown,,rule.adoc,/Users/brywoodruff/Projects/Vibe/rspec/rules/S810/metadata.json
S811,,,,,,cfamily,,,Unknown,,rule.adoc,/Users/brywoodruff/Projects/Vibe/rspec/rules/S811/metadata.json
S812,,,,,,cfamily,,,Unknown,,rule.adoc,/Users/brywoodruff/Projects/Vibe/rspec/rules/S812/metadata.json
S813,,,,,,cfamily,,,Unknown,,rule.adoc,/Users/brywoodruff/Projects/Vibe/rspec/rules/S813/metadata.json
S814,,,,,,cfamily,,,Unknown,,rule.adoc,/Users/brywoodruff/Projects/Vibe/rspec/rules/S814/metadata.json
S816,,,,,,cfamily,,,Unknown,,rule.adoc,/Users/brywoodruff/Projects/Vibe/rspec/rules/S816/metadata.json
S817,,,,,,cfamily,,,Unknown,,rule.adoc,/Users/brywoodruff/Projects/Vibe/rspec/rules/S817/metadata.json
S818,Literal suffixes should be upper case,CODE_SMELL,Minor,ready,All,java;csharp;cfamily,convention;pitfall,MAINTAINABILITY:LOW,Constant/Issue: 2min,Sonar way,rule.adoc,/Users/brywoodruff/Projects/Vibe/rspec/rules/S818/metadata.json
S819,,,,,,cfamily,,,Unknown,,rule.adoc,/Users/brywoodruff/Projects/Vibe/rspec/rules/S819/metadata.json
S820,Object and function types should be explicitly stated in their declarations and definitions,CODE_SMELL,Critical,ready,Main,vb6;cfamily,,MAINTAINABILITY:HIGH,Constant/Issue: 5min,Sonar way,rule.adoc,/Users/brywoodruff/Projects/Vibe/rspec/rules/S820/metadata.json
S821,,,,,,cfamily,,,Unknown,,rule.adoc,/Users/brywoodruff/Projects/Vibe/rspec/rules/S821/metadata.json
S8216,,,,,,cfamily,,,Unknown,,rule.adoc,/Users/brywoodruff/Projects/Vibe/rspec/rules/S8216/metadata.json
S822,,,,,,cfamily,,,Unknown,,rule.adoc,/Users/brywoodruff/Projects/Vibe/rspec/rules/S822/metadata.json
S823,,,,,,cfamily,,,Unknown,,rule.adoc,/Users/brywoodruff/Projects/Vibe/rspec/rules/S823/metadata.json
S8230,,,,,,cfamily,,,Unknown,,rule.adoc,/Users/brywoodruff/Projects/Vibe/rspec/rules/S8230/metadata.json
S8231,,,,,,cfamily,,,Unknown,,rule.adoc,/Users/brywoodruff/Projects/Vibe/rspec/rules/S8231/metadata.json
S824,,,,,,cfamily,,,Unknown,,rule.adoc,/Users/brywoodruff/Projects/Vibe/rspec/rules/S824/metadata.json
S825,,,,,,cfamily,,,Unknown,,rule.adoc,/Users/brywoodruff/Projects/Vibe/rspec/rules/S825/metadata.json
S826,,,,,,cfamily,,,Unknown,,rule.adoc,/Users/brywoodruff/Projects/Vibe/rspec/rules/S826/metadata.json
S827,,,,,,cfamily,,,Unknown,,rule.adoc,/Users/brywoodruff/Projects/Vibe/rspec/rules/S827/metadata.json
S828,,,,,,cfamily,,,Unknown,,rule.adoc,/Users/brywoodruff/Projects/Vibe/rspec/rules/S828/metadata.json
S829,,,,,,cfamily,,,Unknown,,rule.adoc,/Users/brywoodruff/Projects/Vibe/rspec/rules/S829/metadata.json
S830,,,,,,cfamily,,,Unknown,,rule.adoc,/Users/brywoodruff/Projects/Vibe/rspec/rules/S830/metadata.json
S831,,,,,,cfamily,,,Unknown,,rule.adoc,/Users/brywoodruff/Projects/Vibe/rspec/rules/S831/metadata.json
S832,,,,,,cfamily,,,Unknown,,rule.adoc,/Users/brywoodruff/Projects/Vibe/rspec/rules/S832/metadata.json
S833,,,,,,cfamily,,,Unknown,,rule.adoc,/Users/brywoodruff/Projects/Vibe/rspec/rules/S833/metadata.json
S834,,,,,,cfamily,,,Unknown,,rule.adoc,/Users/brywoodruff/Projects/Vibe/rspec/rules/S834/metadata.json
S835,,,,,,cfamily,,,Unknown,,rule.adoc,/Users/brywoodruff/Projects/Vibe/rspec/rules/S835/metadata.json
S836,Variables should be initialized before use,BUG,Major,ready,Main,php;cfamily,cwe;symbolic-execution,,Constant/Issue: 15min,,rule.adoc,/Users/brywoodruff/Projects/Vibe/rspec/rules/S836/metadata.json
S837,,,,,,cfamily,,,Unknown,,rule.adoc,/Users/brywoodruff/Projects/Vibe/rspec/rules/S837/metadata.json
S838,,,,,,cfamily,,,Unknown,,rule.adoc,/Users/brywoodruff/Projects/Vibe/rspec/rules/S838/metadata.json
S839,,,,,,cfamily,,,Unknown,,rule.adoc,/Users/brywoodruff/Projects/Vibe/rspec/rules/S839/metadata.json
S840,,,,,,cfamily,,,Unknown,,rule.adoc,/Users/brywoodruff/Projects/Vibe/rspec/rules/S840/metadata.json
S841,,,,,,cfamily,,,Unknown,,rule.adoc,/Users/brywoodruff/Projects/Vibe/rspec/rules/S841/metadata.json
S842,,,,,,cfamily,,,Unknown,,rule.adoc,/Users/brywoodruff/Projects/Vibe/rspec/rules/S842/metadata.json
S843,,,,,,cfamily,,,Unknown,,rule.adoc,/Users/brywoodruff/Projects/Vibe/rspec/rules/S843/metadata.json
S845,,,,,,cfamily,,,Unknown,,rule.adoc,/Users/brywoodruff/Projects/Vibe/rspec/rules/S845/metadata.json
S846,,,,,,cfamily,,,Unknown,,rule.adoc,/Users/brywoodruff/Projects/Vibe/rspec/rules/S846/metadata.json
S851,,,,,,cfamily,,,Unknown,,rule.adoc,/Users/brywoodruff/Projects/Vibe/rspec/rules/S851/metadata.json
S852,,,,,,cfamily,,,Unknown,,rule.adoc,/Users/brywoodruff/Projects/Vibe/rspec/rules/S852/metadata.json
S853,,,,,,cfamily,,,Unknown,,rule.adoc,/Users/brywoodruff/Projects/Vibe/rspec/rules/S853/metadata.json
S854,,,,,,cfamily,,,Unknown,,rule.adoc,/Users/brywoodruff/Projects/Vibe/rspec/rules/S854/metadata.json
S855,,,,,,cfamily,,,Unknown,,rule.adoc,/Users/brywoodruff/Projects/Vibe/rspec/rules/S855/metadata.json
S856,,,,,,cfamily,,,Unknown,,rule.adoc,/Users/brywoodruff/Projects/Vibe/rspec/rules/S856/metadata.json
S858,,,,,,cfamily,,,Unknown,,rule.adoc,/Users/brywoodruff/Projects/Vibe/rspec/rules/S858/metadata.json
S859,,,,,,cfamily,,,Unknown,,rule.adoc,/Users/brywoodruff/Projects/Vibe/rspec/rules/S859/metadata.json
S860,,,,,,cfamily,,,Unknown,,rule.adoc,/Users/brywoodruff/Projects/Vibe/rspec/rules/S860/metadata.json
S861,,,,,,cfamily,,,Unknown,,rule.adoc,/Users/brywoodruff/Projects/Vibe/rspec/rules/S861/metadata.json
S862,,,,,,cfamily,,,Unknown,,rule.adoc,/Users/brywoodruff/Projects/Vibe/rspec/rules/S862/metadata.json
S863,,,,,,cfamily,,,Unknown,,rule.adoc,/Users/brywoodruff/Projects/Vibe/rspec/rules/S863/metadata.json
S864,Limited dependence should be placed on operator precedence,CODE_SMELL,Major,ready,All,java;cobol;cfamily,cwe,MAINTAINABILITY:MEDIUM,Constant/Issue: 2min,,rule.adoc,/Users/brywoodruff/Projects/Vibe/rspec/rules/S864/metadata.json
S865,,,,,,cfamily,,,Unknown,,rule.adoc,/Users/brywoodruff/Projects/Vibe/rspec/rules/S865/metadata.json
S867,"Boolean operations should not have numeric operands, and vice versa",BUG,Major,ready,Main,cfamily,,RELIABILITY:MEDIUM,Constant/Issue: 10min,,rule.adoc,/Users/brywoodruff/Projects/Vibe/rspec/rules/S867/metadata.json
S868,,,,,,cfamily,,,Unknown,,rule.adoc,/Users/brywoodruff/Projects/Vibe/rspec/rules/S868/metadata.json
S869,,,,,,cfamily,,,Unknown,,rule.adoc,/Users/brywoodruff/Projects/Vibe/rspec/rules/S869/metadata.json
S870,,,,,,cfamily,,,Unknown,,rule.adoc,/Users/brywoodruff/Projects/Vibe/rspec/rules/S870/metadata.json
S871,,,,,,cfamily,,,Unknown,,rule.adoc,/Users/brywoodruff/Projects/Vibe/rspec/rules/S871/metadata.json
S872,,,,,,cfamily,,,Unknown,,rule.adoc,/Users/brywoodruff/Projects/Vibe/rspec/rules/S872/metadata.json
S873,,,,,,cfamily,,,Unknown,,rule.adoc,/Users/brywoodruff/Projects/Vibe/rspec/rules/S873/metadata.json
S874,,,,,,cfamily,,,Unknown,,rule.adoc,/Users/brywoodruff/Projects/Vibe/rspec/rules/S874/metadata.json
S876,,,,,,cfamily,,,Unknown,,rule.adoc,/Users/brywoodruff/Projects/Vibe/rspec/rules/S876/metadata.json
S877,,,,,,cfamily,,,Unknown,,rule.adoc,/Users/brywoodruff/Projects/Vibe/rspec/rules/S877/metadata.json
S878,Comma operator should not be used,CODE_SMELL,Major,ready,Main,javascript;cfamily,,MAINTAINABILITY:MEDIUM,Constant/Issue: 5min,Sonar way,rule.adoc,/Users/brywoodruff/Projects/Vibe/rspec/rules/S878/metadata.json
S879,,,,,,cfamily,,,Unknown,,rule.adoc,/Users/brywoodruff/Projects/Vibe/rspec/rules/S879/metadata.json
S880,,,,,,cfamily,,,Unknown,,rule.adoc,/Users/brywoodruff/Projects/Vibe/rspec/rules/S880/metadata.json
S881,Increment (++) and decrement (--) operators should not be used in a method call or mixed with other operators in an expression,CODE_SMELL,Major,ready,All,java;php;swift;csharp;javascript;cfamily,,MAINTAINABILITY:MEDIUM,Constant/Issue: 5min,,rule.adoc,/Users/brywoodruff/Projects/Vibe/rspec/rules/S881/metadata.json
S883,,,,,,cfamily,,,Unknown,,rule.adoc,/Users/brywoodruff/Projects/Vibe/rspec/rules/S883/metadata.json
S884,,,,,,cfamily,,,Unknown,,rule.adoc,/Users/brywoodruff/Projects/Vibe/rspec/rules/S884/metadata.json
S885,,,,,,cfamily,,,Unknown,,rule.adoc,/Users/brywoodruff/Projects/Vibe/rspec/rules/S885/metadata.json
S886,,,,,,cfamily,,,Unknown,,rule.adoc,/Users/brywoodruff/Projects/Vibe/rspec/rules/S886/metadata.json
S887,,,,,,cfamily,,,Unknown,,rule.adoc,/Users/brywoodruff/Projects/Vibe/rspec/rules/S887/metadata.json
S890,,,,,,cfamily,,,Unknown,,rule.adoc,/Users/brywoodruff/Projects/Vibe/rspec/rules/S890/metadata.json
S891,,,,,,cfamily,,,Unknown,,rule.adoc,/Users/brywoodruff/Projects/Vibe/rspec/rules/S891/metadata.json
S892,,,,,,cfamily,,,Unknown,,rule.adoc,/Users/brywoodruff/Projects/Vibe/rspec/rules/S892/metadata.json
S894,,,,,,cfamily,,,Unknown,,rule.adoc,/Users/brywoodruff/Projects/Vibe/rspec/rules/S894/metadata.json
S895,,,,,,cfamily,,,Unknown,,rule.adoc,/Users/brywoodruff/Projects/Vibe/rspec/rules/S895/metadata.json
S896,,,,,,cfamily,,,Unknown,,rule.adoc,/Users/brywoodruff/Projects/Vibe/rspec/rules/S896/metadata.json
S897,,,,,,cfamily,,,Unknown,,rule.adoc,/Users/brywoodruff/Projects/Vibe/rspec/rules/S897/metadata.json
S898,,,,,,cfamily,,,Unknown,,rule.adoc,/Users/brywoodruff/Projects/Vibe/rspec/rules/S898/metadata.json
S900,,,,,,cfamily,,,Unknown,,rule.adoc,/Users/brywoodruff/Projects/Vibe/rspec/rules/S900/metadata.json
S901,Dead code should be removed,CODE_SMELL,Minor,closed,Main,java;cfamily,misra;unused;cert,,Constant/Issue: 10min,,rule.adoc,/Users/brywoodruff/Projects/Vibe/rspec/rules/S901/metadata.json
S902,,,,,,cfamily,,,Unknown,,rule.adoc,/Users/brywoodruff/Projects/Vibe/rspec/rules/S902/metadata.json
S903,Parameters of non-virtual functions should be used (MISRA C++ 0-1-11),CODE_SMELL,Major,closed,Main,java;csharp;javascript;cfamily,,,Linear,,rule.adoc,/Users/brywoodruff/Projects/Vibe/rspec/rules/S903/metadata.json
S904,,,,,,cfamily,,,Unknown,,rule.adoc,/Users/brywoodruff/Projects/Vibe/rspec/rules/S904/metadata.json
S905,Non-empty statements should change control flow or have at least one side-effect,BUG,Major,ready,Main,python;rust;php;javascript;cfamily,cwe;unused,RELIABILITY:MEDIUM,Constant/Issue: 10min,Sonar way,rule.adoc,/Users/brywoodruff/Projects/Vibe/rspec/rules/S905/metadata.json
S906,,,,,,cfamily,,,Unknown,,rule.adoc,/Users/brywoodruff/Projects/Vibe/rspec/rules/S906/metadata.json
S907,"""goto"" statement should not be used",CODE_SMELL,Major,ready,All,rpg;tsql;vb6;vbnet;php;pli;csharp;plsql;cfamily,brain-overload,MAINTAINABILITY:MEDIUM,Constant/Issue: 10min,Sonar way,rule.adoc,/Users/brywoodruff/Projects/Vibe/rspec/rules/S907/metadata.json
S909,"""continue"" should not be used",CODE_SMELL,Minor,ready,Main,plsql;javascript;cfamily,bad-practice,MAINTAINABILITY:LOW,Constant/Issue: 1h,Sonar way,rule.adoc,/Users/brywoodruff/Projects/Vibe/rspec/rules/S909/metadata.json
S910,,,,,,cfamily,,,Unknown,,rule.adoc,/Users/brywoodruff/Projects/Vibe/rspec/rules/S910/metadata.json
S912,,,,,,cfamily,,,Unknown,,rule.adoc,/Users/brywoodruff/Projects/Vibe/rspec/rules/S912/metadata.json
S915,,,,,,cfamily,,,Unknown,,rule.adoc,/Users/brywoodruff/Projects/Vibe/rspec/rules/S915/metadata.json
S916,,,,,,cfamily,,,Unknown,,rule.adoc,/Users/brywoodruff/Projects/Vibe/rspec/rules/S916/metadata.json
S919,,,,,,cfamily,,,Unknown,,rule.adoc,/Users/brywoodruff/Projects/Vibe/rspec/rules/S919/metadata.json
S920,Switch statement conditions should not have essentially boolean type,CODE_SMELL,Minor,ready,Main,rust;cfamily,misra-c++2008;misra-c2004;misra-c2012,MAINTAINABILITY:LOW,Constant/Issue: 10min,,rule.adoc,/Users/brywoodruff/Projects/Vibe/rspec/rules/S920/metadata.json
S922,,,,,,cfamily,,,Unknown,,rule.adoc,/Users/brywoodruff/Projects/Vibe/rspec/rules/S922/metadata.json
S923,Functions should not be defined with a variable number of arguments,CODE_SMELL,Critical,ready,All,java;cfamily,pitfall;cert,MAINTAINABILITY:HIGH,Constant/Issue: 30min,Sonar way,rule.adoc,/Users/brywoodruff/Projects/Vibe/rspec/rules/S923/metadata.json
S924,,,,,,cfamily,,,Unknown,,rule.adoc,/Users/brywoodruff/Projects/Vibe/rspec/rules/S924/metadata.json
S925,Recursion should not be used,CODE_SMELL,Critical,ready,Main,cobol;cfamily,bad-practice;pitfall,MAINTAINABILITY:HIGH,Constant/Issue: 30min,,rule.adoc,/Users/brywoodruff/Projects/Vibe/rspec/rules/S925/metadata.json
S926,,,,,,cfamily,,,Unknown,,rule.adoc,/Users/brywoodruff/Projects/Vibe/rspec/rules/S926/metadata.json
S928,,,,,,cfamily,,,Unknown,,rule.adoc,/Users/brywoodruff/Projects/Vibe/rspec/rules/S928/metadata.json
S929,,,,,,cfamily,,,Unknown,,rule.adoc,/Users/brywoodruff/Projects/Vibe/rspec/rules/S929/metadata.json
S930,The number of arguments passed to a function should match the number of parameters,BUG,Major,ready,Main,python;php;javascript;cfamily,cwe,RELIABILITY:MEDIUM,Constant/Issue: 10min,,rule.adoc,/Users/brywoodruff/Projects/Vibe/rspec/rules/S930/metadata.json
S931,,,,,,cfamily,,,Unknown,,rule.adoc,/Users/brywoodruff/Projects/Vibe/rspec/rules/S931/metadata.json
S932,,,,,,cfamily,,,Unknown,,rule.adoc,/Users/brywoodruff/Projects/Vibe/rspec/rules/S932/metadata.json
S933,,,,,,cfamily,,,Unknown,,rule.adoc,/Users/brywoodruff/Projects/Vibe/rspec/rules/S933/metadata.json
S934,,,,,,cfamily,,,Unknown,,rule.adoc,/Users/brywoodruff/Projects/Vibe/rspec/rules/S934/metadata.json
S935,Function exit paths should have appropriate return values,BUG,Critical,ready,Main,python;javascript;cfamily,cwe,RELIABILITY:HIGH,Constant/Issue: 5min,Sonar way,rule.adoc,/Users/brywoodruff/Projects/Vibe/rspec/rules/S935/metadata.json
S936,,,,,,cfamily,,,Unknown,,rule.adoc,/Users/brywoodruff/Projects/Vibe/rspec/rules/S936/metadata.json
S937,,,,,,cfamily,,,Unknown,,rule.adoc,/Users/brywoodruff/Projects/Vibe/rspec/rules/S937/metadata.json
S938,,,,,,cfamily,,,Unknown,,rule.adoc,/Users/brywoodruff/Projects/Vibe/rspec/rules/S938/metadata.json
S939,,,,,,cfamily,,,Unknown,,rule.adoc,/Users/brywoodruff/Projects/Vibe/rspec/rules/S939/metadata.json
S941,,,,,,cfamily,,,Unknown,,rule.adoc,/Users/brywoodruff/Projects/Vibe/rspec/rules/S941/metadata.json
S943,,,,,,cfamily,,,Unknown,,rule.adoc,/Users/brywoodruff/Projects/Vibe/rspec/rules/S943/metadata.json
S945,,,,,,cfamily,,,Unknown,,rule.adoc,/Users/brywoodruff/Projects/Vibe/rspec/rules/S945/metadata.json
S946,,,,,,cfamily,,,Unknown,,rule.adoc,/Users/brywoodruff/Projects/Vibe/rspec/rules/S946/metadata.json
S947,,,,,,cfamily,,,Unknown,,rule.adoc,/Users/brywoodruff/Projects/Vibe/rspec/rules/S947/metadata.json
S948,,,,,,cfamily,,,Unknown,,rule.adoc,/Users/brywoodruff/Projects/Vibe/rspec/rules/S948/metadata.json
S949,,,,,,cfamily,,,Unknown,,rule.adoc,/Users/brywoodruff/Projects/Vibe/rspec/rules/S949/metadata.json
S950,,,,,,cfamily,,,Unknown,,rule.adoc,/Users/brywoodruff/Projects/Vibe/rspec/rules/S950/metadata.json
S951,,,,,,cfamily,,,Unknown,,rule.adoc,/Users/brywoodruff/Projects/Vibe/rspec/rules/S951/metadata.json
S952,,,,,,cfamily,,,Unknown,,rule.adoc,/Users/brywoodruff/Projects/Vibe/rspec/rules/S952/metadata.json
S953,,,,,,cfamily,,,Unknown,,rule.adoc,/Users/brywoodruff/Projects/Vibe/rspec/rules/S953/metadata.json
S954,,,,,,cfamily,,,Unknown,,rule.adoc,/Users/brywoodruff/Projects/Vibe/rspec/rules/S954/metadata.json
S955,,,,,,cfamily,,,Unknown,,rule.adoc,/Users/brywoodruff/Projects/Vibe/rspec/rules/S955/metadata.json
S956,,,,,,cfamily,,,Unknown,,rule.adoc,/Users/brywoodruff/Projects/Vibe/rspec/rules/S956/metadata.json
S957,,,,,,cfamily,,,Unknown,,rule.adoc,/Users/brywoodruff/Projects/Vibe/rspec/rules/S957/metadata.json
S958,,,,,,cfamily,,,Unknown,,rule.adoc,/Users/brywoodruff/Projects/Vibe/rspec/rules/S958/metadata.json
S959,,,,,,cfamily,,,Unknown,,rule.adoc,/Users/brywoodruff/Projects/Vibe/rspec/rules/S959/metadata.json
S960,,,,,,cfamily,,,Unknown,,rule.adoc,/Users/brywoodruff/Projects/Vibe/rspec/rules/S960/metadata.json
S961,,,,,,cfamily,,,Unknown,,rule.adoc,/Users/brywoodruff/Projects/Vibe/rspec/rules/S961/metadata.json
S962,,,,,,cfamily,,,Unknown,,rule.adoc,/Users/brywoodruff/Projects/Vibe/rspec/rules/S962/metadata.json
S963,,,,,,cfamily,,,Unknown,,rule.adoc,/Users/brywoodruff/Projects/Vibe/rspec/rules/S963/metadata.json
S964,,,,,,cfamily,,,Unknown,,rule.adoc,/Users/brywoodruff/Projects/Vibe/rspec/rules/S964/metadata.json
S965,,,,,,cfamily,,,Unknown,,rule.adoc,/Users/brywoodruff/Projects/Vibe/rspec/rules/S965/metadata.json
S966,,,,,,cfamily,,,Unknown,,rule.adoc,/Users/brywoodruff/Projects/Vibe/rspec/rules/S966/metadata.json
S967,,,,,,cfamily,,,Unknown,,rule.adoc,/Users/brywoodruff/Projects/Vibe/rspec/rules/S967/metadata.json
S968,,,,,,cfamily,,,Unknown,,rule.adoc,/Users/brywoodruff/Projects/Vibe/rspec/rules/S968/metadata.json
S969,,,,,,cfamily,,,Unknown,,rule.adoc,/Users/brywoodruff/Projects/Vibe/rspec/rules/S969/metadata.json
S970,,,,,,cfamily,,,Unknown,,rule.adoc,/Users/brywoodruff/Projects/Vibe/rspec/rules/S970/metadata.json
S971,,,,,,cfamily,,,Unknown,,rule.adoc,/Users/brywoodruff/Projects/Vibe/rspec/rules/S971/metadata.json
S972,,,,,,cfamily,,,Unknown,,rule.adoc,/Users/brywoodruff/Projects/Vibe/rspec/rules/S972/metadata.json
S973,,,,,,cfamily,,,Unknown,,rule.adoc,/Users/brywoodruff/Projects/Vibe/rspec/rules/S973/metadata.json
S976,,,,,,cfamily,,,Unknown,,rule.adoc,/Users/brywoodruff/Projects/Vibe/rspec/rules/S976/metadata.json
S977,,,,,,cfamily,,,Unknown,,rule.adoc,/Users/brywoodruff/Projects/Vibe/rspec/rules/S977/metadata.json
S978,,,,,,cfamily,,,Unknown,,rule.adoc,/Users/brywoodruff/Projects/Vibe/rspec/rules/S978/metadata.json
S980,,,,,,cfamily,,,Unknown,,rule.adoc,/Users/brywoodruff/Projects/Vibe/rspec/rules/S980/metadata.json
S981,,,,,,cfamily,,,Unknown,,rule.adoc,/Users/brywoodruff/Projects/Vibe/rspec/rules/S981/metadata.json
S982,,,,,,cfamily,,,Unknown,,rule.adoc,/Users/brywoodruff/Projects/Vibe/rspec/rules/S982/metadata.json
S983,,,,,,cfamily,,,Unknown,,rule.adoc,/Users/brywoodruff/Projects/Vibe/rspec/rules/S983/metadata.json
S984,,,,,,cfamily,,,Unknown,,rule.adoc,/Users/brywoodruff/Projects/Vibe/rspec/rules/S984/metadata.json
S985,,,,,,cfamily,,,Unknown,,rule.adoc,/Users/brywoodruff/Projects/Vibe/rspec/rules/S985/metadata.json
S986,,,,,,cfamily,,,Unknown,,rule.adoc,/Users/brywoodruff/Projects/Vibe/rspec/rules/S986/metadata.json
S987,,,,,,cfamily,,,Unknown,,rule.adoc,/Users/brywoodruff/Projects/Vibe/rspec/rules/S987/metadata.json
S988,,,,,,cfamily,,,Unknown,,rule.adoc,/Users/brywoodruff/Projects/Vibe/rspec/rules/S988/metadata.json
S989,,,,,,cfamily,,,Unknown,,rule.adoc,/Users/brywoodruff/Projects/Vibe/rspec/rules/S989/metadata.json
S990,,,,,,cfamily,,,Unknown,,rule.adoc,/Users/brywoodruff/Projects/Vibe/rspec/rules/S990/metadata.json
S991,,,,,,cfamily,,,Unknown,,rule.adoc,/Users/brywoodruff/Projects/Vibe/rspec/rules/S991/metadata.json
S992,,,,,,cfamily,,,Unknown,,rule.adoc,/Users/brywoodruff/Projects/Vibe/rspec/rules/S992/metadata.json
S993,,,,,,cfamily,,,Unknown,,rule.adoc,/Users/brywoodruff/Projects/Vibe/rspec/rules/S993/metadata.json
S994,,,,,,cfamily,,,Unknown,,rule.adoc,/Users/brywoodruff/Projects/Vibe/rspec/rules/S994/metadata.json
S995,,,,,,cfamily,,,Unknown,,rule.adoc,/Users/brywoodruff/Projects/Vibe/rspec/rules/S995/metadata.json
S996,,,,,,cfamily,,,Unknown,,rule.adoc,/Users/brywoodruff/Projects/Vibe/rspec/rules/S996/metadata.json
S997,"The global namespace should only contain ""main"", namespace declarations, and ""extern"" C declarations",CODE_SMELL,Critical,ready,Main,cfamily,brain-overload,MAINTAINABILITY:HIGH,Constant/Issue: 30min,,rule.adoc,/Users/brywoodruff/Projects/Vibe/rspec/rules/S997/metadata.json
S998,,,,,,cfamily,,,Unknown,,rule.adoc,/Users/brywoodruff/Projects/Vibe/rspec/rules/S998/metadata.json
S999,"""goto"" should jump to labels declared later in the same function",CODE_SMELL,Blocker,ready,Main,plsql;cfamily,pitfall,MAINTAINABILITY:BLOCKER,Constant/Issue: 1h,Sonar way,rule.adoc,/Users/brywoodruff/Projects/Vibe/rspec/rules/S999/metadata.json
