rule_id,title,type,severity,status,scope,languages,tags,impacts,remediation_cost,default_quality_profiles,language_specific_docs,metadata_path
S100,Function names should comply with a naming convention,CODE_SMELL,Minor,ready,All,apex;go;jcl;python;shell;rpg;java;abap;kotlin;php;scala;swift;csharp;javascript;flex;ruby;cfamily,convention,MAINTAINABILITY:LOW,Constant/Issue: 5min,Sonar way,rule.adoc,/Users/brywoodruff/Projects/Vibe/rspec/rules/S100/metadata.json
S101,Class names should comply with a naming convention,CODE_SMELL,Minor,ready,All,apex;go;python;dart;java;vbnet;abap;kotlin;php;scala;swift;csharp;javascript;flex;ruby;cfamily,convention,MAINTAINABILITY:LOW,Constant/Issue: 5min,Sonar way,rule.adoc,/Users/brywoodruff/Projects/Vibe/rspec/rules/S101/metadata.json
S103,Lines should not be too long,CODE_SMELL,Major,ready,All,apex;go;python;tsql;vb6;java;html;vbnet;abap;kotlin;php;xml;pli;scala;swift;csharp;plsql;javascript;flex;ruby;cfamily,convention,MAINTAINABILITY:MEDIUM,Constant/Issue: 1min,,rule.adoc,/Users/brywoodruff/Projects/Vibe/rspec/rules/S103/metadata.json
S104,Files should not have too many lines of code,CODE_SMELL,Major,ready,All,apex;go;python;rpg;tsql;vb6;java;html;vbnet;abap;kotlin;php;scala;swift;csharp;plsql;javascript;ruby;cfamily,brain-overload,MAINTAINABILITY:MEDIUM,Constant/Issue: 1h,,rule.adoc,/Users/brywoodruff/Projects/Vibe/rspec/rules/S104/metadata.json
S105,Tabulation characters should not be used,CODE_SMELL,Minor,ready,All,apex;tsql;vb6;java;html;vbnet;abap;kotlin;php;xml;scala;swift;csharp;javascript;cobol;ruby;cfamily,convention,MAINTAINABILITY:LOW,Constant/Issue: 2min,,rule.adoc,/Users/brywoodruff/Projects/Vibe/rspec/rules/S105/metadata.json
S106,Standard outputs should not be used directly to log anything,CODE_SMELL,Major,ready,Main,dart;rust;java;csharp;javascript;cfamily,bad-practice,MAINTAINABILITY:MEDIUM,Constant/Issue: 10min,Sonar way,rule.adoc,/Users/brywoodruff/Projects/Vibe/rspec/rules/S106/metadata.json
S1062,,,,,,java,,,Unknown,,rule.adoc,/Users/brywoodruff/Projects/Vibe/rspec/rules/S1062/metadata.json
S1065,Unused labels should be removed,CODE_SMELL,Major,ready,All,dart;tsql;java;swift;plsql;cfamily,unused,MAINTAINABILITY:MEDIUM,Constant/Issue: 2min,Sonar way,rule.adoc,/Users/brywoodruff/Projects/Vibe/rspec/rules/S1065/metadata.json
S1066,"Mergeable ""if"" statements should be combined",CODE_SMELL,Major,ready,All,apex;go;python;shell;tsql;vb6;java;vbnet;abap;kotlin;php;scala;swift;csharp;plsql;javascript;cobol;flex;ruby;cfamily,clumsy,MAINTAINABILITY:MEDIUM,Constant/Issue: 5min,Sonar way,rule.adoc,/Users/brywoodruff/Projects/Vibe/rspec/rules/S1066/metadata.json
S1067,Expressions should not be too complex,CODE_SMELL,Critical,ready,All,apex;go;rpg;tsql;vb6;java;vbnet;abap;kotlin;php;scala;swift;csharp;javascript;cobol;ruby;cfamily,brain-overload,MAINTAINABILITY:HIGH,Linear with offset,,rule.adoc,/Users/brywoodruff/Projects/Vibe/rspec/rules/S1067/metadata.json
S1068,"Unused ""private"" fields should be removed",CODE_SMELL,Major,ready,All,dart;rpg;vb6;java;php;plsql;javascript;flex;cfamily,unused,MAINTAINABILITY:MEDIUM,Constant/Issue: 5min,Sonar way,rule.adoc,/Users/brywoodruff/Projects/Vibe/rspec/rules/S1068/metadata.json
S107,Functions should not have too many parameters,CODE_SMELL,Major,ready,All,apex;go;python;dart;rust;tsql;vb6;java;vbnet;kotlin;php;pli;scala;swift;csharp;plsql;javascript;flex;ruby;cfamily,brain-overload,MAINTAINABILITY:MEDIUM,Constant/Issue: 20min,Sonar way,noncompliant.adoc;rule.adoc;split-example.adoc;struct-example.adoc,/Users/brywoodruff/Projects/Vibe/rspec/rules/S107/metadata.json
S1075,URIs should not be hardcoded,CODE_SMELL,Minor,ready,Main,go;java;vbnet;php;swift;csharp,,MAINTAINABILITY:LOW,Constant/Issue: 20min,Sonar way,rule.adoc,/Users/brywoodruff/Projects/Vibe/rspec/rules/S1075/metadata.json
S108,Nested blocks of code should not be left empty,CODE_SMELL,Major,ready,All,apex;go;python;rpg;vb6;java;vbnet;abap;kotlin;php;scala;swift;csharp;javascript;flex;ruby;cfamily,suspicious,MAINTAINABILITY:MEDIUM,Constant/Issue: 5min,Sonar way,rule.adoc,/Users/brywoodruff/Projects/Vibe/rspec/rules/S108/metadata.json
S109,Magic numbers should not be used,CODE_SMELL,Major,ready,Main,vb6;java;abap;csharp;plsql;javascript;cobol;cfamily,brain-overload,MAINTAINABILITY:MEDIUM,Constant/Issue: 5min,,rule.adoc,/Users/brywoodruff/Projects/Vibe/rspec/rules/S109/metadata.json
S110,Inheritance tree of classes should not be too deep,CODE_SMELL,Major,ready,All,java;php;csharp;cfamily,,MAINTAINABILITY:MEDIUM,Linear with offset,Sonar way,rule.adoc,/Users/brywoodruff/Projects/Vibe/rspec/rules/S110/metadata.json
S1103,"""/*"" and ""//"" should not be used within comments",CODE_SMELL,Minor,ready,Main,java;pli;plsql;cfamily,confusing,MAINTAINABILITY:LOW,Constant/Issue: 2min,Sonar way,rule.adoc,/Users/brywoodruff/Projects/Vibe/rspec/rules/S1103/metadata.json
S1104,Class variable fields should not have public accessibility,CODE_SMELL,Minor,ready,Main,java;csharp,cwe,MAINTAINABILITY:LOW,Constant/Issue: 10min,Sonar way,rule.adoc,/Users/brywoodruff/Projects/Vibe/rspec/rules/S1104/metadata.json
S1105,An open curly brace should be located at the end of a line,CODE_SMELL,Minor,ready,All,java;php;swift;javascript,convention,MAINTAINABILITY:LOW,Constant/Issue: 1min,,rule.adoc,/Users/brywoodruff/Projects/Vibe/rspec/rules/S1105/metadata.json
S1106,An open curly brace should be located at the beginning of a line,CODE_SMELL,Minor,ready,All,java;php,convention,MAINTAINABILITY:LOW,Constant/Issue: 1min,,rule.adoc,/Users/brywoodruff/Projects/Vibe/rspec/rules/S1106/metadata.json
S1107,"Close curly brace and the next ""else"", ""catch"" and ""finally"" keywords should be located on the same line",CODE_SMELL,Minor,ready,All,java,convention,MAINTAINABILITY:LOW,Constant/Issue: 1min,,rule.adoc,/Users/brywoodruff/Projects/Vibe/rspec/rules/S1107/metadata.json
S1108,"Close curly brace and the next ""else"", ""catch"" and ""finally"" keywords should be on two different lines",CODE_SMELL,Minor,ready,All,java,convention,MAINTAINABILITY:LOW,Constant/Issue: 1min,,rule.adoc,/Users/brywoodruff/Projects/Vibe/rspec/rules/S1108/metadata.json
S1109,A close curly brace should be located at the beginning of a line,CODE_SMELL,Minor,ready,All,java;php;swift;csharp,convention,MAINTAINABILITY:LOW,Constant/Issue: 1min,,rule.adoc,/Users/brywoodruff/Projects/Vibe/rspec/rules/S1109/metadata.json
S1110,Redundant pairs of parentheses should be removed,CODE_SMELL,Major,ready,All,apex;go;python;tsql;java;vbnet;abap;kotlin;php;scala;swift;csharp;plsql;javascript;cobol;ruby;cfamily,confusing,MAINTAINABILITY:MEDIUM,Constant/Issue: 1min,Sonar way,rule.adoc,/Users/brywoodruff/Projects/Vibe/rspec/rules/S1110/metadata.json
S1111,,,,,,java,,,Unknown,,rule.adoc,/Users/brywoodruff/Projects/Vibe/rspec/rules/S1111/metadata.json
S1113,,,,,,java,,,Unknown,,rule.adoc,/Users/brywoodruff/Projects/Vibe/rspec/rules/S1113/metadata.json
S1114,,,,,,java,,,Unknown,,rule.adoc,/Users/brywoodruff/Projects/Vibe/rspec/rules/S1114/metadata.json
S1115,,,,,,java,,,Unknown,,rule.adoc,/Users/brywoodruff/Projects/Vibe/rspec/rules/S1115/metadata.json
S1116,Empty statements should be removed,CODE_SMELL,Minor,ready,All,go;css;dart;rust;tsql;vb6;java;php;csharp;javascript;flex;cfamily,unused,MAINTAINABILITY:LOW,Constant/Issue: 2min,Sonar way,rule.adoc,/Users/brywoodruff/Projects/Vibe/rspec/rules/S1116/metadata.json
S1117,,CODE_SMELL,Major,ready,All,java;php;swift;csharp;plsql;javascript;flex;cfamily,suspicious;pitfall,MAINTAINABILITY:MEDIUM,Constant/Issue: 5min,Sonar way,rule.adoc,/Users/brywoodruff/Projects/Vibe/rspec/rules/S1117/metadata.json
S1118,Utility classes should not have public constructors,CODE_SMELL,Major,ready,All,dart;java;csharp,design,MAINTAINABILITY:MEDIUM,Constant/Issue: 5min,Sonar way,rule.adoc,/Users/brywoodruff/Projects/Vibe/rspec/rules/S1118/metadata.json
S1119,Labels should not be used,CODE_SMELL,Major,ready,All,java;javascript,confusing,MAINTAINABILITY:MEDIUM,Constant/Issue: 30min,Sonar way,rule.adoc,/Users/brywoodruff/Projects/Vibe/rspec/rules/S1119/metadata.json
S112,Generic exceptions should never be thrown,CODE_SMELL,Major,ready,Main,python;java;vbnet;php;csharp;cfamily,cwe;error-handling,MAINTAINABILITY:MEDIUM,Constant/Issue: 20min,Sonar way,rule.adoc,/Users/brywoodruff/Projects/Vibe/rspec/rules/S112/metadata.json
S1120,Source code should be indented consistently,CODE_SMELL,Minor,ready,All,vb6;java;abap;xml,convention,MAINTAINABILITY:LOW,Constant/Issue: 1min,,rule.adoc,/Users/brywoodruff/Projects/Vibe/rspec/rules/S1120/metadata.json
S1121,Assignments should not be made from within sub-expressions,CODE_SMELL,Major,ready,All,java;php;csharp;javascript;cfamily,cwe;suspicious,MAINTAINABILITY:MEDIUM,Constant/Issue: 5min,Sonar way,rule.adoc,/Users/brywoodruff/Projects/Vibe/rspec/rules/S1121/metadata.json
S1123,Deprecated elements should have both the annotation and the Javadoc tag,CODE_SMELL,Major,ready,All,dart;java;vbnet;csharp;cfamily,obsolete;bad-practice,MAINTAINABILITY:MEDIUM,Constant/Issue: 5min,Sonar way,rule.adoc,/Users/brywoodruff/Projects/Vibe/rspec/rules/S1123/metadata.json
S1124,Modifiers should be declared in the correct order,CODE_SMELL,Minor,ready,All,java;php,convention,MAINTAINABILITY:LOW,Constant/Issue: 2min,Sonar way,rule.adoc,/Users/brywoodruff/Projects/Vibe/rspec/rules/S1124/metadata.json
S1125,Boolean literals should not be redundant,CODE_SMELL,Minor,ready,All,apex;go;vb6;java;vbnet;kotlin;php;scala;swift;csharp;plsql;javascript;flex,clumsy,MAINTAINABILITY:LOW,Constant/Issue: 5min,Sonar way,rule.adoc,/Users/brywoodruff/Projects/Vibe/rspec/rules/S1125/metadata.json
S1126,"Return of boolean expressions should not be wrapped into an ""if-then-else"" statement",CODE_SMELL,Minor,ready,All,vb6;java;php;plsql;javascript,clumsy,MAINTAINABILITY:LOW,Constant/Issue: 2min,Sonar way,rule.adoc,/Users/brywoodruff/Projects/Vibe/rspec/rules/S1126/metadata.json
S1128,Unnecessary imports should be removed,CODE_SMELL,Minor,ready,All,python;css;dart;java;kotlin;csharp;javascript,unused,MAINTAINABILITY:LOW,Constant/Issue: 1min,Sonar way,rule.adoc,/Users/brywoodruff/Projects/Vibe/rspec/rules/S1128/metadata.json
S113,Files should end with a newline,CODE_SMELL,Minor,ready,All,python;dart;java;php;swift;csharp;javascript;cfamily,convention,MAINTAINABILITY:LOW,Constant/Issue: 1min,,rule.adoc,/Users/brywoodruff/Projects/Vibe/rspec/rules/S113/metadata.json
S1130,,,,,,java,,,Unknown,,rule.adoc,/Users/brywoodruff/Projects/Vibe/rspec/rules/S1130/metadata.json
S1132,,,,,,java,,,Unknown,,rule.adoc,/Users/brywoodruff/Projects/Vibe/rspec/rules/S1132/metadata.json
S1133,Deprecated code should be removed,CODE_SMELL,Info,ready,All,dart;java;vbnet;kotlin;swift;csharp;cfamily,obsolete,MAINTAINABILITY:INFO,Constant/Issue: 10min,Sonar way,rule.adoc,/Users/brywoodruff/Projects/Vibe/rspec/rules/S1133/metadata.json
S1134,"Track uses of ""FIXME"" tags",CODE_SMELL,Major,ready,All,apex;go;python;dart;tsql;vb6;java;html;vbnet;kotlin;php;xml;scala;swift;csharp;plsql;javascript;cobol;ruby;cfamily,cwe,MAINTAINABILITY:MEDIUM,Constant/Issue: 0min,Sonar way,non-compliant-example.adoc;rule.adoc,/Users/brywoodruff/Projects/Vibe/rspec/rules/S1134/metadata.json
S1135,"Track uses of ""TODO"" tags",CODE_SMELL,Info,ready,All,terraform;docker;apex;go;python;dart;shell;azureresourcemanager;tsql;vb6;java;html;vbnet;kotlin;php;xml;ansible;githubactions;scala;swift;csharp;plsql;javascript;kubernetes;cloudformation;cobol;ruby;cfamily,cwe,MAINTAINABILITY:INFO,Constant/Issue: 0min,Sonar way,rule.adoc,/Users/brywoodruff/Projects/Vibe/rspec/rules/S1135/metadata.json
S114,Interface names should comply with a naming convention,CODE_SMELL,Minor,ready,All,java;vbnet;abap;php;swift,convention,MAINTAINABILITY:LOW,Constant/Issue: 10min,Sonar way,rule.adoc,/Users/brywoodruff/Projects/Vibe/rspec/rules/S114/metadata.json
S1141,Try-catch blocks should not be nested,CODE_SMELL,Major,ready,All,java;cfamily,error-handling;confusing,MAINTAINABILITY:MEDIUM,Constant/Issue: 20min,Sonar way,rule.adoc,/Users/brywoodruff/Projects/Vibe/rspec/rules/S1141/metadata.json
S1142,Functions should not contain too many return statements,CODE_SMELL,Major,ready,Main,python;java;php;swift;flex;cfamily,brain-overload,MAINTAINABILITY:MEDIUM,Constant/Issue: 20min,,rule.adoc,/Users/brywoodruff/Projects/Vibe/rspec/rules/S1142/metadata.json
S1143,"Jump statements should not occur in ""finally"" blocks",BUG,Critical,ready,All,python;dart;java;kotlin;javascript;cfamily,cwe;error-handling,RELIABILITY:HIGH,Constant/Issue: 30min,Sonar way,rule.adoc,/Users/brywoodruff/Projects/Vibe/rspec/rules/S1143/metadata.json
S1144,"Unused ""private"" methods should be removed",CODE_SMELL,Major,ready,All,apex;python;java;kotlin;php;scala;swift;csharp;flex;cfamily,unused,MAINTAINABILITY:MEDIUM,Constant/Issue: 2min,Sonar way,rule.adoc,/Users/brywoodruff/Projects/Vibe/rspec/rules/S1144/metadata.json
S1145,"Useless ""if(true) {...}"" and ""if(false){...}"" blocks should be removed",BUG,Major,superseded,All,apex;go;python;rpg;vb6;java;vbnet;abap;kotlin;php;pli;scala;swift;csharp;plsql;javascript;flex;ruby;cfamily,cwe,,Constant/Issue: 2min,,rule.adoc,/Users/brywoodruff/Projects/Vibe/rspec/rules/S1145/metadata.json
S1147,Exit methods should not be called,CODE_SMELL,Blocker,ready,Main,java;vbnet;pli;csharp,cwe;suspicious,MAINTAINABILITY:BLOCKER,Constant/Issue: 30min,,rule.adoc,/Users/brywoodruff/Projects/Vibe/rspec/rules/S1147/metadata.json
S1148,,,,,,java,,,Unknown,,rule.adoc,/Users/brywoodruff/Projects/Vibe/rspec/rules/S1148/metadata.json
S1149,,,,,,java,,,Unknown,,rule.adoc,/Users/brywoodruff/Projects/Vibe/rspec/rules/S1149/metadata.json
S115,Constant names should comply with a naming convention,CODE_SMELL,Critical,ready,All,dart;vb6;java;php;common;swift;plsql;flex,convention,MAINTAINABILITY:HIGH,Constant/Issue: 2min,Sonar way,rule.adoc,/Users/brywoodruff/Projects/Vibe/rspec/rules/S115/metadata.json
S1150,,,,,,java,,,Unknown,,rule.adoc,/Users/brywoodruff/Projects/Vibe/rspec/rules/S1150/metadata.json
S1151,"""switch case"" clauses should not have too many lines of code",CODE_SMELL,Major,ready,Main,apex;go;shell;rpg;tsql;vb6;java;vbnet;abap;kotlin;php;scala;swift;csharp;plsql;flex;ruby;cfamily,brain-overload,MAINTAINABILITY:MEDIUM,Constant/Issue: 5min,,rule.adoc,/Users/brywoodruff/Projects/Vibe/rspec/rules/S1151/metadata.json
S1153,,,,,,java,,,Unknown,,rule.adoc,/Users/brywoodruff/Projects/Vibe/rspec/rules/S1153/metadata.json
S1155,"""Collection.isEmpty()"" should be used to test for emptiness",CODE_SMELL,Minor,ready,All,dart;java;vbnet;php;swift;csharp;cfamily,clumsy,MAINTAINABILITY:LOW,Constant/Issue: 2min,Sonar way,rule.adoc,/Users/brywoodruff/Projects/Vibe/rspec/rules/S1155/metadata.json
S1157,,,,,,java,,,Unknown,,rule.adoc,/Users/brywoodruff/Projects/Vibe/rspec/rules/S1157/metadata.json
S1158,,,,,,java,,,Unknown,,rule.adoc,/Users/brywoodruff/Projects/Vibe/rspec/rules/S1158/metadata.json
S116,Field names should comply with a naming convention,CODE_SMELL,Minor,ready,All,python;java;php;swift;csharp;flex;cfamily,convention,MAINTAINABILITY:LOW,Constant/Issue: 2min,Sonar way,rule.adoc,/Users/brywoodruff/Projects/Vibe/rspec/rules/S116/metadata.json
S1160,,,,,,java,,,Unknown,,rule.adoc,/Users/brywoodruff/Projects/Vibe/rspec/rules/S1160/metadata.json
S1161,"""@override"" should be used on overriding members",CODE_SMELL,Major,ready,All,dart;java,bad-practice,MAINTAINABILITY:MEDIUM,Constant/Issue: 5min,Sonar way,rule.adoc,/Users/brywoodruff/Projects/Vibe/rspec/rules/S1161/metadata.json
S1162,,,,,,java,,,Unknown,,rule.adoc,/Users/brywoodruff/Projects/Vibe/rspec/rules/S1162/metadata.json
S1163,Exceptions should not be thrown in finally blocks,CODE_SMELL,Critical,ready,Main,java;vbnet;csharp;cfamily,error-handling;suspicious,MAINTAINABILITY:HIGH,Constant/Issue: 30min,Sonar way,rule.adoc,/Users/brywoodruff/Projects/Vibe/rspec/rules/S1163/metadata.json
S1164,Exceptions should not be caught and immediately rethrown,CODE_SMELL,Major,closed,Main,java;csharp,,,Constant/Issue: 2min,Sonar way,rule.adoc,/Users/brywoodruff/Projects/Vibe/rspec/rules/S1164/metadata.json
S1165,,,,,,java,,,Unknown,,rule.adoc,/Users/brywoodruff/Projects/Vibe/rspec/rules/S1165/metadata.json
S1166,Exception handlers should preserve the original exceptions,CODE_SMELL,Major,ready,Main,java;abap;plsql,cwe;error-handling;suspicious,MAINTAINABILITY:MEDIUM,Constant/Issue: 10min,,rule.adoc,/Users/brywoodruff/Projects/Vibe/rspec/rules/S1166/metadata.json
S1168,Empty arrays and collections should be returned instead of null,CODE_SMELL,Major,ready,Main,java;csharp,,MAINTAINABILITY:MEDIUM,Constant/Issue: 30min,Sonar way,rule.adoc,/Users/brywoodruff/Projects/Vibe/rspec/rules/S1168/metadata.json
S117,Local variable and function parameter names should comply with a naming convention,CODE_SMELL,Minor,ready,All,apex;go;python;azureresourcemanager;tsql;java;vbnet;kotlin;php;scala;swift;plsql;javascript;kubernetes;flex;ruby;cfamily,convention,MAINTAINABILITY:LOW,Constant/Issue: 2min,Sonar way,rule.adoc,/Users/brywoodruff/Projects/Vibe/rspec/rules/S117/metadata.json
S1170,"Public constants and fields initialized at declaration should be ""static final"" rather than merely ""final""",CODE_SMELL,Minor,ready,All,java;flex,convention,MAINTAINABILITY:LOW,Constant/Issue: 2min,Sonar way,rule.adoc,/Users/brywoodruff/Projects/Vibe/rspec/rules/S1170/metadata.json
S1171,,,,,,java,,,Unknown,,rule.adoc,/Users/brywoodruff/Projects/Vibe/rspec/rules/S1171/metadata.json
S1172,Unused function parameters should be removed,CODE_SMELL,Major,ready,All,apex;go;jcl;python;tsql;java;vbnet;kotlin;php;scala;swift;csharp;plsql;javascript;flex;ruby;cfamily,unused,MAINTAINABILITY:MEDIUM,Constant/Issue: 5min,Sonar way,rule.adoc,/Users/brywoodruff/Projects/Vibe/rspec/rules/S1172/metadata.json
S1174,,,,,,java,,,Unknown,,rule.adoc,/Users/brywoodruff/Projects/Vibe/rspec/rules/S1174/metadata.json
S1175,,,,,,java,,,Unknown,,rule.adoc,/Users/brywoodruff/Projects/Vibe/rspec/rules/S1175/metadata.json
S1176,"Public types, methods and fields (API) should be documented",CODE_SMELL,Major,ready,All,java;php;flex,convention,MAINTAINABILITY:MEDIUM,Constant/Issue: 10min,,rule.adoc,/Users/brywoodruff/Projects/Vibe/rspec/rules/S1176/metadata.json
S118,,,,,,java,,,Unknown,,rule.adoc,/Users/brywoodruff/Projects/Vibe/rspec/rules/S118/metadata.json
S1181,Throwable and Error should not be caught,CODE_SMELL,Major,ready,Main,java;cfamily,cwe;error-handling;bad-practice;cert,MAINTAINABILITY:MEDIUM,Constant/Issue: 20min,Sonar way,rule.adoc,/Users/brywoodruff/Projects/Vibe/rspec/rules/S1181/metadata.json
S1182,,,,,,java,,,Unknown,,rule.adoc,/Users/brywoodruff/Projects/Vibe/rspec/rules/S1182/metadata.json
S1185,Overriding methods should do more than simply call the same method in the super class ,CODE_SMELL,Minor,ready,All,dart;java;php;csharp;flex;cfamily,redundant;clumsy,MAINTAINABILITY:LOW,Constant/Issue: 2min,Sonar way,rule.adoc,/Users/brywoodruff/Projects/Vibe/rspec/rules/S1185/metadata.json
S1186,Methods should not be empty,CODE_SMELL,Critical,ready,All,apex;go;jcl;python;vb6;java;vbnet;kotlin;php;scala;swift;csharp;javascript;flex;ruby;cfamily,suspicious,MAINTAINABILITY:HIGH,Constant/Issue: 5min,Sonar way,rule.adoc,/Users/brywoodruff/Projects/Vibe/rspec/rules/S1186/metadata.json
S1188,Anonymous classes should not have too many lines,CODE_SMELL,Major,ready,Main,java;swift;csharp;cfamily,,MAINTAINABILITY:MEDIUM,Constant/Issue: 20min,,rule.adoc,/Users/brywoodruff/Projects/Vibe/rspec/rules/S1188/metadata.json
S1189,,,,,,java,,,Unknown,,rule.adoc,/Users/brywoodruff/Projects/Vibe/rspec/rules/S1189/metadata.json
S119,Type parameter names should comply with a naming convention,CODE_SMELL,Minor,ready,All,java;vbnet;swift,convention,MAINTAINABILITY:LOW,Constant/Issue: 10min,Sonar way,rule.adoc,/Users/brywoodruff/Projects/Vibe/rspec/rules/S119/metadata.json
S1190,,,,,,java,,,Unknown,,rule.adoc,/Users/brywoodruff/Projects/Vibe/rspec/rules/S1190/metadata.json
S1191,,,,,,java,,,Unknown,,rule.adoc,/Users/brywoodruff/Projects/Vibe/rspec/rules/S1191/metadata.json
S1192,String literals should not be duplicated,CODE_SMELL,Critical,ready,Main,apex;go;python;dart;shell;azureresourcemanager;rpg;tsql;java;vbnet;abap;kotlin;php;scala;swift;csharp;plsql;javascript;cobol;ruby,design,MAINTAINABILITY:HIGH,Linear with offset,Sonar way,rule.adoc,/Users/brywoodruff/Projects/Vibe/rspec/rules/S1192/metadata.json
S1193,,,,,,java,,,Unknown,,rule.adoc,/Users/brywoodruff/Projects/Vibe/rspec/rules/S1193/metadata.json
S1194,,,,,,java,,,Unknown,,rule.adoc,/Users/brywoodruff/Projects/Vibe/rspec/rules/S1194/metadata.json
S1195,,,,,,java,,,Unknown,,rule.adoc,/Users/brywoodruff/Projects/Vibe/rspec/rules/S1195/metadata.json
S1196,,,,,,java,,,Unknown,,rule.adoc,/Users/brywoodruff/Projects/Vibe/rspec/rules/S1196/metadata.json
S1197,"Array designators ""[]"" should be on the type, not the variable",CODE_SMELL,Minor,ready,All,java;vbnet,convention,MAINTAINABILITY:LOW,Constant/Issue: 5min,Sonar way,rule.adoc,/Users/brywoodruff/Projects/Vibe/rspec/rules/S1197/metadata.json
S1199,Nested code blocks should not be used,CODE_SMELL,Minor,ready,All,java;csharp;javascript;cfamily,bad-practice,MAINTAINABILITY:LOW,Constant/Issue: 10min,Sonar way,rule.adoc,/Users/brywoodruff/Projects/Vibe/rspec/rules/S1199/metadata.json
S120,Package names should comply with a naming convention,CODE_SMELL,Minor,ready,All,dart;java;plsql;flex,convention,MAINTAINABILITY:LOW,Constant/Issue: 10min,Sonar way,rule.adoc,/Users/brywoodruff/Projects/Vibe/rspec/rules/S120/metadata.json
S1200,Classes should not be coupled to too many other classes,CODE_SMELL,Major,ready,Main,java;vbnet;php;csharp,brain-overload,MAINTAINABILITY:MEDIUM,Constant/Issue: 2h,,rule.adoc,/Users/brywoodruff/Projects/Vibe/rspec/rules/S1200/metadata.json
S1201,,,,,,java,,,Unknown,,rule.adoc,/Users/brywoodruff/Projects/Vibe/rspec/rules/S1201/metadata.json
S1206,"""equals(Object obj)"" and ""hashCode()"" should be overridden in pairs",BUG,Minor,ready,Main,dart;java;kotlin;csharp,cwe,RELIABILITY:LOW,Constant/Issue: 15min,Sonar way,rule.adoc,/Users/brywoodruff/Projects/Vibe/rspec/rules/S1206/metadata.json
S121,Control structures should use curly braces,CODE_SMELL,Critical,ready,All,dart;tsql;java;kotlin;php;common;pli;csharp;javascript;cfamily,pitfall,MAINTAINABILITY:HIGH,Constant/Issue: 2min,,rule.adoc,/Users/brywoodruff/Projects/Vibe/rspec/rules/S121/metadata.json
S1210,"""equals(Object obj)"" should be overridden along with the ""compareTo(T obj)"" method",CODE_SMELL,Minor,ready,Main,java;csharp,,MAINTAINABILITY:LOW,Constant/Issue: 15min,Sonar way,rule.adoc,/Users/brywoodruff/Projects/Vibe/rspec/rules/S1210/metadata.json
S1213,The members of an interface or class declaration should appear in a pre-defined order,CODE_SMELL,Minor,ready,All,java,convention,MAINTAINABILITY:LOW,Constant/Issue: 5min,,rule.adoc,/Users/brywoodruff/Projects/Vibe/rspec/rules/S1213/metadata.json
S1214,,,,,,java,,,Unknown,,rule.adoc,/Users/brywoodruff/Projects/Vibe/rspec/rules/S1214/metadata.json
S1215,Execution of the Garbage Collector should be triggered only by the JVM,CODE_SMELL,Critical,ready,All,java;csharp,unpredictable;bad-practice,MAINTAINABILITY:HIGH,Constant/Issue: 30min,Sonar way,rule.adoc,/Users/brywoodruff/Projects/Vibe/rspec/rules/S1215/metadata.json
S1217,,,,,,java,,,Unknown,,rule.adoc,/Users/brywoodruff/Projects/Vibe/rspec/rules/S1217/metadata.json
S1219,"""switch"" statements should not contain non-case labels",CODE_SMELL,Blocker,ready,All,java;javascript;cfamily,suspicious,MAINTAINABILITY:BLOCKER,Constant/Issue: 10min,Sonar way,rule.adoc,/Users/brywoodruff/Projects/Vibe/rspec/rules/S1219/metadata.json
S122,Statements should be on separate lines,CODE_SMELL,Major,ready,All,apex;go;python;tsql;vb6;java;vbnet;abap;kotlin;php;common;pli;scala;swift;csharp;plsql;javascript;cobol;flex;ruby;cfamily,convention,MAINTAINABILITY:MEDIUM,Constant/Issue: 1min,,rule.adoc,/Users/brywoodruff/Projects/Vibe/rspec/rules/S122/metadata.json
S1220,,,,,,java,,,Unknown,,rule.adoc,/Users/brywoodruff/Projects/Vibe/rspec/rules/S1220/metadata.json
S1221,,,,,,java,,,Unknown,,rule.adoc,/Users/brywoodruff/Projects/Vibe/rspec/rules/S1221/metadata.json
S1223,Non-constructor methods should not have the same name as the enclosing class,CODE_SMELL,Major,ready,All,java,pitfall,MAINTAINABILITY:MEDIUM,Constant/Issue: 5min,Sonar way,rule.adoc,/Users/brywoodruff/Projects/Vibe/rspec/rules/S1223/metadata.json
S1224,Field names should not match any method names,CODE_SMELL,Major,closed,Main,java;vbnet;csharp;flex;cfamily,,,Linear,,rule.adoc,/Users/brywoodruff/Projects/Vibe/rspec/rules/S1224/metadata.json
S1226,"Method parameters, caught exceptions and foreach variables' initial values should not be ignored",BUG,Minor,ready,All,python;java;vbnet;php;csharp;javascript;cfamily,,RELIABILITY:LOW,Constant/Issue: 5min,Sonar way,rule.adoc,/Users/brywoodruff/Projects/Vibe/rspec/rules/S1226/metadata.json
S1228,,,,,,java,,,Unknown,,rule.adoc,/Users/brywoodruff/Projects/Vibe/rspec/rules/S1228/metadata.json
S124,Track comments matching a regular expression,CODE_SMELL,Major,ready,Main,python;java;pli;plsql;javascript;cobol;flex,,MAINTAINABILITY:MEDIUM,Constant/Issue: 0min,,rule.adoc,/Users/brywoodruff/Projects/Vibe/rspec/rules/S124/metadata.json
S1244,Floating point numbers should not be tested for equality,BUG,Major,ready,All,python;java;swift;csharp;javascript;cfamily,,RELIABILITY:MEDIUM,Constant/Issue: 5min,,rule.adoc,/Users/brywoodruff/Projects/Vibe/rspec/rules/S1244/metadata.json
S125,Sections of code should not be commented out,CODE_SMELL,Major,ready,All,apex;python;css;rpg;tsql;java;html;abap;kotlin;php;xml;scala;swift;csharp;plsql;javascript;cobol;flex;cfamily,unused,MAINTAINABILITY:MEDIUM,Constant/Issue: 5min,Sonar way,rule.adoc,/Users/brywoodruff/Projects/Vibe/rspec/rules/S125/metadata.json
S1258,Classes with private members should have constructors,CODE_SMELL,Major,ready,All,java,pitfall,MAINTAINABILITY:MEDIUM,Constant/Issue: 5min,,rule.adoc,/Users/brywoodruff/Projects/Vibe/rspec/rules/S1258/metadata.json
S126,"""if ... else if"" constructs should end with ""else"" clauses",CODE_SMELL,Critical,ready,All,apex;go;shell;rpg;rust;tsql;java;vbnet;abap;kotlin;php;scala;swift;csharp;plsql;javascript;ruby;cfamily,,MAINTAINABILITY:HIGH,Constant/Issue: 5min,,rule.adoc,/Users/brywoodruff/Projects/Vibe/rspec/rules/S126/metadata.json
S1264,"A ""while"" loop should be used instead of a ""for"" loop",CODE_SMELL,Minor,ready,All,java;php;csharp;javascript;cfamily,clumsy,MAINTAINABILITY:LOW,Constant/Issue: 5min,Sonar way,rule.adoc,/Users/brywoodruff/Projects/Vibe/rspec/rules/S1264/metadata.json
S127,"""for"" loop stop conditions should be invariant",CODE_SMELL,Major,ready,All,java;php;csharp;javascript;flex;cfamily,pitfall,MAINTAINABILITY:MEDIUM,Constant/Issue: 10min,Sonar way,rule.adoc,/Users/brywoodruff/Projects/Vibe/rspec/rules/S127/metadata.json
S128,"Switch cases should end with an unconditional ""break"" statement",CODE_SMELL,Blocker,ready,All,java;php;javascript;flex;cfamily,cwe;suspicious,MAINTAINABILITY:BLOCKER,Constant/Issue: 10min,Sonar way,rule.adoc,/Users/brywoodruff/Projects/Vibe/rspec/rules/S128/metadata.json
S129,Analysis failure preventing from detecting quality flaws and bugs,CODE_SMELL,Major,closed,Main,java;flex;cfamily,,,Unknown,,rule.adoc,/Users/brywoodruff/Projects/Vibe/rspec/rules/S129/metadata.json
S1291,"Track uses of ""NOSONAR"" comments",CODE_SMELL,Major,ready,All,python;tsql;java;php;plsql;javascript;cobol;cfamily,bad-practice,MAINTAINABILITY:MEDIUM,Constant/Issue: 1min,,rule.adoc,/Users/brywoodruff/Projects/Vibe/rspec/rules/S1291/metadata.json
S1301,"""switch"" statements should have at least 3 ""case"" clauses",CODE_SMELL,Minor,ready,All,vb6;java;vbnet;abap;php;swift;csharp;javascript;flex;cfamily,bad-practice,MAINTAINABILITY:LOW,Constant/Issue: 5min,Sonar way,rule.adoc,/Users/brywoodruff/Projects/Vibe/rspec/rules/S1301/metadata.json
S1309,"Track uses of ""@SuppressWarnings"" annotations",CODE_SMELL,Info,ready,All,python;java;csharp,,MAINTAINABILITY:INFO,Constant/Issue: 10min,,rule.adoc,/Users/brywoodruff/Projects/Vibe/rspec/rules/S1309/metadata.json
S131,"""switch"" statements should have ""default"" clauses",CODE_SMELL,Critical,ready,All,apex;go;shell;tsql;vb6;java;vbnet;abap;kotlin;php;pli;scala;csharp;plsql;javascript;cobol;flex;ruby;cfamily,cwe,MAINTAINABILITY:HIGH,Constant/Issue: 5min,Sonar way,rule.adoc,/Users/brywoodruff/Projects/Vibe/rspec/rules/S131/metadata.json
S1310,,,,,,java,,,Unknown,,rule.adoc,/Users/brywoodruff/Projects/Vibe/rspec/rules/S1310/metadata.json
S1311,Cyclomatic Complexity of classes should not be too high,CODE_SMELL,Critical,deprecated,Main,python;java;abap;php;swift;flex;cfamily,brain-overload,,Linear with offset,,rule.adoc,/Users/brywoodruff/Projects/Vibe/rspec/rules/S1311/metadata.json
S1312,"Loggers should be ""private static final"" and should share a naming convention",CODE_SMELL,Minor,ready,Main,java;csharp;flex,convention;logging,MAINTAINABILITY:LOW,Constant/Issue: 5min,,rule.adoc,/Users/brywoodruff/Projects/Vibe/rspec/rules/S1312/metadata.json
S1313,Using hardcoded IP addresses is security-sensitive,SECURITY_HOTSPOT,Minor,ready,Main,apex;go;python;tsql;vb6;java;vbnet;abap;kotlin;php;scala;swift;csharp;javascript;ruby;cfamily,,SECURITY:LOW,Constant/Issue: 30min,Sonar way,rule.adoc,/Users/brywoodruff/Projects/Vibe/rspec/rules/S1313/metadata.json
S1314,Octal values should not be used,CODE_SMELL,Blocker,ready,All,go;java;php;javascript;flex;ruby;cfamily,pitfall,MAINTAINABILITY:BLOCKER,Constant/Issue: 5min,,rule.adoc,/Users/brywoodruff/Projects/Vibe/rspec/rules/S1314/metadata.json
S1315,,,,,,java,,,Unknown,,rule.adoc,/Users/brywoodruff/Projects/Vibe/rspec/rules/S1315/metadata.json
S1317,,,,,,java,,,Unknown,,rule.adoc,/Users/brywoodruff/Projects/Vibe/rspec/rules/S1317/metadata.json
S1319,,,,,,java,,,Unknown,,rule.adoc,/Users/brywoodruff/Projects/Vibe/rspec/rules/S1319/metadata.json
S133,Cyclomatic Complexity of methods should not be too high,CODE_SMELL,Critical,deprecated,Main,java;abap,,MAINTAINABILITY:HIGH,Linear with offset,,rule.adoc,/Users/brywoodruff/Projects/Vibe/rspec/rules/S133/metadata.json
S134,"Control flow statements ""if"", ""for"", ""while"", ""switch"" and ""try"" should not be nested too deeply",CODE_SMELL,Critical,ready,All,apex;go;python;rpg;tsql;java;vbnet;abap;kotlin;php;pli;scala;swift;csharp;plsql;javascript;cobol;flex;ruby;cfamily,brain-overload,MAINTAINABILITY:HIGH,Constant/Issue: 10min,,rule.adoc,/Users/brywoodruff/Projects/Vibe/rspec/rules/S134/metadata.json
S135,"Loops should not contain more than a single ""break"" or ""continue"" statement",CODE_SMELL,Minor,ready,All,java;abap;javascript,brain-overload,MAINTAINABILITY:LOW,Linear,Sonar way,rule.adoc,/Users/brywoodruff/Projects/Vibe/rspec/rules/S135/metadata.json
S138,Functions should not have too many lines of code,CODE_SMELL,Major,ready,Main,apex;go;python;shell;rpg;tsql;vb6;java;vbnet;kotlin;php;scala;swift;csharp;javascript;flex;ruby;cfamily,brain-overload,MAINTAINABILITY:MEDIUM,Constant/Issue: 20min,,rule.adoc,/Users/brywoodruff/Projects/Vibe/rspec/rules/S138/metadata.json
S139,Comments should not be located at the end of lines of code,CODE_SMELL,Minor,ready,All,python;vb6;java;vbnet;php;swift;plsql;javascript;cfamily,convention,MAINTAINABILITY:LOW,Constant/Issue: 1min,,rule.adoc,/Users/brywoodruff/Projects/Vibe/rspec/rules/S139/metadata.json
S140,Track breaches of an XPath rule,CODE_SMELL,Major,ready,Main,python;java;xml;pli;plsql;cobol;flex,,MAINTAINABILITY:MEDIUM,Constant/Issue: 5min,,rule.adoc,/Users/brywoodruff/Projects/Vibe/rspec/rules/S140/metadata.json
S1444,"""public static"" fields should be constant",CODE_SMELL,Minor,ready,Main,java;csharp;javascript;flex,cwe,MAINTAINABILITY:LOW,Constant/Issue: 20min,Sonar way,rule.adoc,/Users/brywoodruff/Projects/Vibe/rspec/rules/S1444/metadata.json
S1448,Classes should not have too many methods,CODE_SMELL,Major,ready,Main,java;php;flex;cfamily,brain-overload,MAINTAINABILITY:MEDIUM,Constant/Issue: 1h,,rule.adoc,/Users/brywoodruff/Projects/Vibe/rspec/rules/S1448/metadata.json
S1449,String operations should not rely on the default system locale,CODE_SMELL,Minor,ready,Main,java;csharp,unpredictable,MAINTAINABILITY:LOW,Constant/Issue: 5min,,rule.adoc,/Users/brywoodruff/Projects/Vibe/rspec/rules/S1449/metadata.json
S1450,Private fields only used as local variables in methods should become local variables,CODE_SMELL,Minor,ready,Main,java;csharp,pitfall,MAINTAINABILITY:LOW,Constant/Issue: 5min,Sonar way,rule.adoc,/Users/brywoodruff/Projects/Vibe/rspec/rules/S1450/metadata.json
S1451,Track lack of copyright and license headers,CODE_SMELL,Blocker,ready,All,apex;go;python;rpg;tsql;java;html;vbnet;kotlin;php;scala;swift;csharp;plsql;javascript;cobol;flex;ruby;cfamily,convention,MAINTAINABILITY:BLOCKER,Constant/Issue: 5min,,rule.adoc,/Users/brywoodruff/Projects/Vibe/rspec/rules/S1451/metadata.json
S1452,,,,,,java,,,Unknown,,rule.adoc,/Users/brywoodruff/Projects/Vibe/rspec/rules/S1452/metadata.json
S1477,Source files should not have any duplicated blocks,CODE_SMELL,Critical,closed,Main,python;rpg;vb6;java;vbnet;abap;php;pli;swift;csharp;plsql;javascript;cobol;flex;cfamily,pitfall,,Linear with offset,Sonar way,rule.adoc,/Users/brywoodruff/Projects/Vibe/rspec/rules/S1477/metadata.json
S1479,"""switch"" statements should not have too many ""case"" clauses",CODE_SMELL,Major,ready,All,apex;go;tsql;vb6;java;vbnet;kotlin;php;scala;swift;csharp;plsql;javascript;cobol;ruby;cfamily,brain-overload,MAINTAINABILITY:MEDIUM,Constant/Issue: 30min,Sonar way,rule.adoc,/Users/brywoodruff/Projects/Vibe/rspec/rules/S1479/metadata.json
S1481,Unused local variables should be removed,CODE_SMELL,Minor,ready,All,apex;python;dart;shell;azureresourcemanager;tsql;java;vbnet;abap;kotlin;php;scala;swift;csharp;plsql;javascript;flex;ruby;cfamily,unused,MAINTAINABILITY:LOW,Constant/Issue: 5min,Sonar way,rule.adoc,/Users/brywoodruff/Projects/Vibe/rspec/rules/S1481/metadata.json
S1482,Branches should have sufficient coverage by unit tests,CODE_SMELL,Critical,closed,Main,python;rpg;vb6;java;vbnet;abap;php;pli;swift;csharp;plsql;javascript;cobol;flex;cfamily,bad-practice,,Linear,,rule.adoc,/Users/brywoodruff/Projects/Vibe/rspec/rules/S1482/metadata.json
S1483,Lines should have sufficient coverage by unit tests,CODE_SMELL,Critical,closed,Main,python;rpg;vb6;java;vbnet;abap;php;pli;swift;csharp;plsql;javascript;cobol;flex;cfamily,bad-practice,,Linear,,rule.adoc,/Users/brywoodruff/Projects/Vibe/rspec/rules/S1483/metadata.json
S1484,Track instances of below-threshold comment line density,CODE_SMELL,Minor,closed,Main,python;rpg;tsql;vb6;java;html;vbnet;abap;php;xml;pli;swift;csharp;plsql;javascript;cobol;flex;cfamily,convention,,Linear,,rule.adoc,/Users/brywoodruff/Projects/Vibe/rspec/rules/S1484/metadata.json
S1488,Local variables should not be declared and then immediately returned or thrown,CODE_SMELL,Minor,ready,All,rust;java;php;csharp;javascript,clumsy,MAINTAINABILITY:LOW,Constant/Issue: 2min,Sonar way,rule.adoc,/Users/brywoodruff/Projects/Vibe/rspec/rules/S1488/metadata.json
S1523,Dynamically executing code is security-sensitive,SECURITY_HOTSPOT,Critical,ready,Main,python;tsql;java;vbnet;abap;php;swift;csharp;plsql;javascript,cwe,MAINTAINABILITY:LOW;SECURITY:HIGH,Constant/Issue: 30min,Sonar way,rule.adoc,/Users/brywoodruff/Projects/Vibe/rspec/rules/S1523/metadata.json
S1527,Future reserved words should not be used as identifiers,CODE_SMELL,Blocker,ready,Main,java;javascript,lock-in;pitfall,MAINTAINABILITY:BLOCKER,Constant/Issue: 5min,Sonar way,rule.adoc,/Users/brywoodruff/Projects/Vibe/rspec/rules/S1527/metadata.json
S1541,Cyclomatic Complexity of functions should not be too high,CODE_SMELL,Critical,ready,Main,python;dart;rpg;vb6;java;vbnet;abap;php;swift;csharp;plsql;javascript;flex;cfamily,brain-overload,MAINTAINABILITY:HIGH,Linear with offset,,rule.adoc,/Users/brywoodruff/Projects/Vibe/rspec/rules/S1541/metadata.json
S1596,,,,,,java,,,Unknown,,rule.adoc,/Users/brywoodruff/Projects/Vibe/rspec/rules/S1596/metadata.json
S1598,,,,,,java,,,Unknown,,rule.adoc,/Users/brywoodruff/Projects/Vibe/rspec/rules/S1598/metadata.json
S1602,,,,,,java,,,Unknown,,rule.adoc,/Users/brywoodruff/Projects/Vibe/rspec/rules/S1602/metadata.json
S1604,,,,,,java,,,Unknown,,rule.adoc,/Users/brywoodruff/Projects/Vibe/rspec/rules/S1604/metadata.json
S1606,Failed unit tests should be fixed,CODE_SMELL,Blocker,closed,Tests,python;rpg;vb6;java;vbnet;abap;php;pli;swift;csharp;plsql;javascript;cobol;flex;cfamily,tests,,Linear,,rule.adoc,/Users/brywoodruff/Projects/Vibe/rspec/rules/S1606/metadata.json
S1607,Tests should not be ignored,CODE_SMELL,Major,ready,Tests,python;java;php;csharp;javascript,tests;bad-practice;confusing,MAINTAINABILITY:MEDIUM,Constant/Issue: 10min,Sonar way,rule.adoc,/Users/brywoodruff/Projects/Vibe/rspec/rules/S1607/metadata.json
S1609,,,,,,java,,,Unknown,,rule.adoc,/Users/brywoodruff/Projects/Vibe/rspec/rules/S1609/metadata.json
S1610,,,,,,java,,,Unknown,,rule.adoc,/Users/brywoodruff/Projects/Vibe/rspec/rules/S1610/metadata.json
S1611,,,,,,java,,,Unknown,,rule.adoc,/Users/brywoodruff/Projects/Vibe/rspec/rules/S1611/metadata.json
S1612,Lambdas should be replaced with method references,CODE_SMELL,Minor,ready,All,rust;java,java8,MAINTAINABILITY:LOW,Constant/Issue: 2min,Sonar way,rule.adoc,/Users/brywoodruff/Projects/Vibe/rspec/rules/S1612/metadata.json
S1640,,,,,,java,,,Unknown,,rule.adoc,/Users/brywoodruff/Projects/Vibe/rspec/rules/S1640/metadata.json
S1641,,,,,,java,,,Unknown,,rule.adoc,/Users/brywoodruff/Projects/Vibe/rspec/rules/S1641/metadata.json
S1643,Strings should not be concatenated using '+' in a loop,CODE_SMELL,Minor,ready,Main,java;vbnet;csharp,performance,MAINTAINABILITY:LOW,Constant/Issue: 10min,Sonar way,rule.adoc,/Users/brywoodruff/Projects/Vibe/rspec/rules/S1643/metadata.json
S1656,Variables should not be self-assigned,BUG,Major,ready,All,apex;go;python;shell;rpg;rust;tsql;java;vbnet;abap;kotlin;php;scala;csharp;plsql;javascript;cobol;ruby;cfamily,,RELIABILITY:MEDIUM,Constant/Issue: 3min,Sonar way,rule.adoc,/Users/brywoodruff/Projects/Vibe/rspec/rules/S1656/metadata.json
S1659,Multiple variables should not be declared on the same line,CODE_SMELL,Minor,ready,All,go;tsql;vb6;java;vbnet;swift;csharp;cfamily,convention,MAINTAINABILITY:LOW,Constant/Issue: 2min,Sonar way,rule.adoc,/Users/brywoodruff/Projects/Vibe/rspec/rules/S1659/metadata.json
S1677,Comment indentation should match code indentation,CODE_SMELL,Minor,closed,Main,python;vb6;java;html;vbnet;abap;php;xml;csharp;javascript;flex;cfamily,convention,,Constant/Issue: 5min,Sonar way,rule.adoc,/Users/brywoodruff/Projects/Vibe/rspec/rules/S1677/metadata.json
S1694,An abstract class should have both abstract and concrete methods,CODE_SMELL,Minor,ready,Main,java;csharp,convention,MAINTAINABILITY:LOW,Constant/Issue: 5min,,rule.adoc,/Users/brywoodruff/Projects/Vibe/rspec/rules/S1694/metadata.json
S1695,"""NullPointerException"" should not be explicitly thrown",CODE_SMELL,Major,ready,Main,java,error-handling;pitfall,MAINTAINABILITY:MEDIUM,Constant/Issue: 10min,,rule.adoc,/Users/brywoodruff/Projects/Vibe/rspec/rules/S1695/metadata.json
S1696,"""NullPointerException"" should not be caught",CODE_SMELL,Major,ready,Main,java;csharp,cwe;error-handling,MAINTAINABILITY:MEDIUM,Constant/Issue: 5min,Sonar way,rule.adoc,/Users/brywoodruff/Projects/Vibe/rspec/rules/S1696/metadata.json
S1697,Short-circuit logic should be used to prevent null pointer dereferences in conditionals,BUG,Major,superseded,All,java;php;csharp;javascript,,,Constant/Issue: 2min,,rule.adoc,/Users/brywoodruff/Projects/Vibe/rspec/rules/S1697/metadata.json
S1698,"""=="" and ""!="" should not be used when ""equals"" is overridden",CODE_SMELL,Minor,ready,Main,java;csharp,cwe;suspicious,MAINTAINABILITY:LOW,Constant/Issue: 2min,,rule.adoc,/Users/brywoodruff/Projects/Vibe/rspec/rules/S1698/metadata.json
S1699,Constructors should only call non-overridable methods,CODE_SMELL,Critical,ready,Main,java;csharp;cfamily,pitfall,MAINTAINABILITY:HIGH,Constant/Issue: 10min,,rule.adoc,/Users/brywoodruff/Projects/Vibe/rspec/rules/S1699/metadata.json
S1700,A field should not duplicate the name of its containing class,CODE_SMELL,Major,ready,All,python;java;vbnet;php;swift;csharp;cfamily,brain-overload,MAINTAINABILITY:MEDIUM,Constant/Issue: 10min,Sonar way,rule.adoc,/Users/brywoodruff/Projects/Vibe/rspec/rules/S1700/metadata.json
S1710,,,,,,java,,,Unknown,,rule.adoc,/Users/brywoodruff/Projects/Vibe/rspec/rules/S1710/metadata.json
S1711,,,,,,java,,,Unknown,,rule.adoc,/Users/brywoodruff/Projects/Vibe/rspec/rules/S1711/metadata.json
S1751,Loops with at most one iteration should be refactored,BUG,Major,ready,All,go;python;rust;tsql;java;vbnet;abap;php;swift;csharp;plsql;javascript;cfamily,confusing;bad-practice,RELIABILITY:MEDIUM,Constant/Issue: 5min,Sonar way,rule.adoc,/Users/brywoodruff/Projects/Vibe/rspec/rules/S1751/metadata.json
S1764,Identical expressions should not be used on both sides of a binary operator,BUG,Major,ready,All,apex;go;python;shell;rpg;rust;tsql;java;vbnet;abap;kotlin;php;scala;swift;csharp;plsql;javascript;cobol;ruby;cfamily,suspicious,RELIABILITY:MEDIUM,Constant/Issue: 2min,Sonar way,rule.adoc,/Users/brywoodruff/Projects/Vibe/rspec/rules/S1764/metadata.json
S1774,The ternary operator should not be used,CODE_SMELL,Major,ready,All,java;javascript;cfamily,brain-overload,MAINTAINABILITY:MEDIUM,Constant/Issue: 5min,,rule.adoc,/Users/brywoodruff/Projects/Vibe/rspec/rules/S1774/metadata.json
S1784,Method visibility should be explicitly declared,BUG,Minor,ready,Main,java;php;flex,convention,RELIABILITY:LOW,Constant/Issue: 2min,,rule.adoc,/Users/brywoodruff/Projects/Vibe/rspec/rules/S1784/metadata.json
S1820,Classes should not have too many fields,CODE_SMELL,Major,ready,Main,java;php;flex;cfamily,brain-overload,MAINTAINABILITY:MEDIUM,Constant/Issue: 1h,,rule.adoc,/Users/brywoodruff/Projects/Vibe/rspec/rules/S1820/metadata.json
S1821,"""switch"" statements should not be nested",CODE_SMELL,Critical,ready,All,apex;go;vb6;java;vbnet;kotlin;php;scala;swift;csharp;javascript;flex;ruby;cfamily,pitfall,MAINTAINABILITY:HIGH,Constant/Issue: 10min,,rule.adoc,/Users/brywoodruff/Projects/Vibe/rspec/rules/S1821/metadata.json
S1828,,,,,,java,,,Unknown,,rule.adoc,/Users/brywoodruff/Projects/Vibe/rspec/rules/S1828/metadata.json
S1844,,,,,,java,,,Unknown,,rule.adoc,/Users/brywoodruff/Projects/Vibe/rspec/rules/S1844/metadata.json
S1845,Methods and field names should not be the same or differ only by capitalization,CODE_SMELL,Blocker,ready,All,python;java;swift,confusing,MAINTAINABILITY:BLOCKER,Constant/Issue: 10min,Sonar way,rule.adoc,/Users/brywoodruff/Projects/Vibe/rspec/rules/S1845/metadata.json
S1848,Objects should not be created to be dropped immediately without being used,BUG,Major,ready,Main,java;php;csharp;javascript,,RELIABILITY:MEDIUM,Constant/Issue: 5min,,rule.adoc,/Users/brywoodruff/Projects/Vibe/rspec/rules/S1848/metadata.json
S1849,,,,,,java,,,Unknown,,rule.adoc,/Users/brywoodruff/Projects/Vibe/rspec/rules/S1849/metadata.json
S1850,,,,,,java,,,Unknown,,rule.adoc,/Users/brywoodruff/Projects/Vibe/rspec/rules/S1850/metadata.json
S1854,Unused assignments should be removed,CODE_SMELL,Major,ready,All,python;dart;java;php;swift;csharp;plsql;javascript;cfamily,cwe;unused,MAINTAINABILITY:MEDIUM,Constant/Issue: 1min,Sonar way,rule.adoc,/Users/brywoodruff/Projects/Vibe/rspec/rules/S1854/metadata.json
S1858,"""toString()"" should never be called on a String object",CODE_SMELL,Minor,ready,All,rust;java;csharp,finding;clumsy,MAINTAINABILITY:LOW,Constant/Issue: 2min,Sonar way,rule.adoc,/Users/brywoodruff/Projects/Vibe/rspec/rules/S1858/metadata.json
S1860,,,,,,java,,,Unknown,,rule.adoc,/Users/brywoodruff/Projects/Vibe/rspec/rules/S1860/metadata.json
S1862,"Related ""if/else if"" statements should not have the same condition",BUG,Major,ready,All,apex;go;python;rpg;rust;tsql;java;vbnet;abap;kotlin;php;scala;swift;csharp;plsql;javascript;cobol;ruby;cfamily,unused;pitfall,RELIABILITY:MEDIUM,Constant/Issue: 10min,Sonar way,rule.adoc,/Users/brywoodruff/Projects/Vibe/rspec/rules/S1862/metadata.json
S1871,Two branches in a conditional structure should not have exactly the same implementation,CODE_SMELL,Major,ready,Main,apex;go;python;rpg;tsql;java;vbnet;abap;kotlin;php;common;scala;swift;csharp;plsql;javascript;cobol;flex;ruby;cfamily,design;suspicious,MAINTAINABILITY:MEDIUM,Constant/Issue: 10min,Sonar way,rule.adoc,/Users/brywoodruff/Projects/Vibe/rspec/rules/S1871/metadata.json
S1872,Classes should not be compared by name,BUG,Major,ready,All,java,cwe,RELIABILITY:MEDIUM,Constant/Issue: 5min,Sonar way,rule.adoc,/Users/brywoodruff/Projects/Vibe/rspec/rules/S1872/metadata.json
S1874,"""@Deprecated"" code should not be used",CODE_SMELL,Minor,ready,Main,dart;java;kotlin;javascript;kubernetes;cfamily,cwe;obsolete,MAINTAINABILITY:LOW,Constant/Issue: 15min,Sonar way,rule.adoc,/Users/brywoodruff/Projects/Vibe/rspec/rules/S1874/metadata.json
S1875,Comparisons should only be made in the context of boolean expressions,BUG,Major,deprecated,Main,java;cfamily,,,Constant/Issue: 5min,,rule.adoc,/Users/brywoodruff/Projects/Vibe/rspec/rules/S1875/metadata.json
S1905,Redundant casts should not be used,CODE_SMELL,Minor,ready,All,java;csharp;cfamily,redundant;clumsy,MAINTAINABILITY:LOW,Constant/Issue: 5min,Sonar way,rule.adoc,/Users/brywoodruff/Projects/Vibe/rspec/rules/S1905/metadata.json
S1939,Extends and implements list entries should not be redundant,CODE_SMELL,Minor,ready,All,java;csharp,clumsy,MAINTAINABILITY:LOW,Constant/Issue: 1min,,rule.adoc,/Users/brywoodruff/Projects/Vibe/rspec/rules/S1939/metadata.json
S1940,Boolean checks should not be inverted,CODE_SMELL,Minor,ready,All,apex;go;python;tsql;java;vbnet;kotlin;php;scala;swift;csharp;plsql;javascript;ruby,pitfall,MAINTAINABILITY:LOW,Constant/Issue: 2min,Sonar way,rule.adoc,/Users/brywoodruff/Projects/Vibe/rspec/rules/S1940/metadata.json
S1941,Variables should not be declared before they are relevant,CODE_SMELL,Minor,ready,All,java,brain-overload,MAINTAINABILITY:LOW,Constant/Issue: 5min,,rule.adoc,/Users/brywoodruff/Projects/Vibe/rspec/rules/S1941/metadata.json
S1942,,,,,,java,,,Unknown,,rule.adoc,/Users/brywoodruff/Projects/Vibe/rspec/rules/S1942/metadata.json
S1943,,,,,,java,,,Unknown,,rule.adoc,/Users/brywoodruff/Projects/Vibe/rspec/rules/S1943/metadata.json
S1944,Inappropriate casts should not be made,CODE_SMELL,Major,ready,All,java;vbnet;csharp,cwe;suspicious,MAINTAINABILITY:MEDIUM,Constant/Issue: 20min,Sonar way,rule.adoc,/Users/brywoodruff/Projects/Vibe/rspec/rules/S1944/metadata.json
S1948,,,,,,java,,,Unknown,,rule.adoc,/Users/brywoodruff/Projects/Vibe/rspec/rules/S1948/metadata.json
S1965,,,,,,java,,,Unknown,,rule.adoc,/Users/brywoodruff/Projects/Vibe/rspec/rules/S1965/metadata.json
S1974,Files should have sufficient line coverage by integration tests,CODE_SMELL,Major,closed,Main,java;csharp;cfamily,bad-practice,,Linear,,rule.adoc,/Users/brywoodruff/Projects/Vibe/rspec/rules/S1974/metadata.json
S1987,The evaluation order should not be relied upon for side effects,BUG,Major,ready,Main,java,,,Constant/Issue: 15min,Sonar way,rule.adoc,/Users/brywoodruff/Projects/Vibe/rspec/rules/S1987/metadata.json
S1989,,,,,,java,,,Unknown,,rule.adoc,/Users/brywoodruff/Projects/Vibe/rspec/rules/S1989/metadata.json
S1994,"""for"" loop increment clauses should modify the loops' counters",CODE_SMELL,Critical,ready,All,go;java;csharp;javascript,confusing,MAINTAINABILITY:HIGH,Constant/Issue: 20min,Sonar way,rule.adoc,/Users/brywoodruff/Projects/Vibe/rspec/rules/S1994/metadata.json
S1996,Files should contain only one top-level class or interface each,CODE_SMELL,Major,ready,All,java;vbnet;php;swift;cfamily,brain-overload,MAINTAINABILITY:MEDIUM,Linear,,rule.adoc,/Users/brywoodruff/Projects/Vibe/rspec/rules/S1996/metadata.json
S2005,String literals should not be concatenated,CODE_SMELL,Minor,ready,Main,java;php,clumsy,MAINTAINABILITY:LOW,Constant/Issue: 5min,,rule.adoc,/Users/brywoodruff/Projects/Vibe/rspec/rules/S2005/metadata.json
S2039,Member variable visibility should be specified,CODE_SMELL,Minor,ready,Main,java,,MAINTAINABILITY:LOW,Constant/Issue: 5min,,rule.adoc,/Users/brywoodruff/Projects/Vibe/rspec/rules/S2039/metadata.json
S2047,"The names of methods with boolean return values should start with ""is"" or ""has""",CODE_SMELL,Major,ready,All,java;php,convention,MAINTAINABILITY:MEDIUM,Constant/Issue: 15min,,rule.adoc,/Users/brywoodruff/Projects/Vibe/rspec/rules/S2047/metadata.json
S2053,Password hashing functions should use an unpredictable salt,VULNERABILITY,Critical,ready,Main,go;python;java;vbnet;kotlin;php;common;csharp,cwe,SECURITY:HIGH,Constant/Issue: 30min,Sonar way,rule.adoc,/Users/brywoodruff/Projects/Vibe/rspec/rules/S2053/metadata.json
S2055,,,,,,java,,,Unknown,,rule.adoc,/Users/brywoodruff/Projects/Vibe/rspec/rules/S2055/metadata.json
S2057,,,,,,java,,,Unknown,,rule.adoc,/Users/brywoodruff/Projects/Vibe/rspec/rules/S2057/metadata.json
S2058,,,,,,java,,,Unknown,,rule.adoc,/Users/brywoodruff/Projects/Vibe/rspec/rules/S2058/metadata.json
S2059,,,,,,java,,,Unknown,,rule.adoc,/Users/brywoodruff/Projects/Vibe/rspec/rules/S2059/metadata.json
S2060,,,,,,java,,,Unknown,,rule.adoc,/Users/brywoodruff/Projects/Vibe/rspec/rules/S2060/metadata.json
S2061,,,,,,java,,,Unknown,,rule.adoc,/Users/brywoodruff/Projects/Vibe/rspec/rules/S2061/metadata.json
S2062,,,,,,java,,,Unknown,,rule.adoc,/Users/brywoodruff/Projects/Vibe/rspec/rules/S2062/metadata.json
S2063,,,,,,java,,,Unknown,,rule.adoc,/Users/brywoodruff/Projects/Vibe/rspec/rules/S2063/metadata.json
S2064,,,,,,java,,,Unknown,,rule.adoc,/Users/brywoodruff/Projects/Vibe/rspec/rules/S2064/metadata.json
S2065,,,,,,java,,,Unknown,,rule.adoc,/Users/brywoodruff/Projects/Vibe/rspec/rules/S2065/metadata.json
S2066,,,,,,java,,,Unknown,,rule.adoc,/Users/brywoodruff/Projects/Vibe/rspec/rules/S2066/metadata.json
S2068,Hard-coded credentials are security-sensitive,SECURITY_HOTSPOT,Blocker,ready,Main,apex;go;python;secrets;tsql;java;vbnet;abap;kotlin;php;xml;json;scala;swift;yaml;csharp;javascript;kubernetes;cobol;ruby;cfamily,cwe,SECURITY:BLOCKER,Constant/Issue: 30min,Sonar way,rule.adoc,/Users/brywoodruff/Projects/Vibe/rspec/rules/S2068/metadata.json
S2070,SHA-1 and Message-Digest hash algorithms should not be used in secure contexts,VULNERABILITY,Critical,deprecated,Main,python;tsql;java;php;swift;csharp;plsql;javascript;cfamily,,,Constant/Issue: 30min,,rule.adoc,/Users/brywoodruff/Projects/Vibe/rspec/rules/S2070/metadata.json
S2073,RSA encryption should be used with Optimal Asymmetric Encryption Padding,CODE_SMELL,Critical,closed,Main,python;java;html;vbnet;php;csharp;cfamily,cwe;security,,Constant/Issue: 15min,Sonar way,rule.adoc,/Users/brywoodruff/Projects/Vibe/rspec/rules/S2073/metadata.json
S2076,OS commands should not be vulnerable to command injection attacks,VULNERABILITY,Blocker,ready,Main,go;python;java;vbnet;kotlin;php;common;csharp;javascript,cwe,SECURITY:BLOCKER,Constant/Issue: 30min,Sonar way,rule.adoc,/Users/brywoodruff/Projects/Vibe/rspec/rules/S2076/metadata.json
S2077,Formatting SQL queries is security-sensitive,SECURITY_HOTSPOT,Major,ready,Main,go;python;java;vbnet;php;csharp;javascript;ruby,cwe;bad-practice;sql,MAINTAINABILITY:LOW;SECURITY:MEDIUM,Constant/Issue: 20min,Sonar way,rule.adoc,/Users/brywoodruff/Projects/Vibe/rspec/rules/S2077/metadata.json
S2078,LDAP queries should not be vulnerable to injection attacks,VULNERABILITY,Blocker,ready,Main,python;java;vbnet;kotlin;php;common;csharp,cwe,SECURITY:BLOCKER,Constant/Issue: 30min,Sonar way,rule.adoc,/Users/brywoodruff/Projects/Vibe/rspec/rules/S2078/metadata.json
S2083,I/O function calls should not be vulnerable to path injection attacks,VULNERABILITY,Blocker,ready,Main,go;python;java;vbnet;kotlin;php;common;csharp;javascript,cwe,SECURITY:BLOCKER,Constant/Issue: 30min,Sonar way,rule.adoc,/Users/brywoodruff/Projects/Vibe/rspec/rules/S2083/metadata.json
S2084,,,,,,java,,,Unknown,,rule.adoc,/Users/brywoodruff/Projects/Vibe/rspec/rules/S2084/metadata.json
S2087,Weak encryption should not be used,VULNERABILITY,Blocker,ready,Main,java,cwe,,Constant/Issue: 30min,Sonar way,rule.adoc,/Users/brywoodruff/Projects/Vibe/rspec/rules/S2087/metadata.json
S2089,,,,,,java,,,Unknown,,rule.adoc,/Users/brywoodruff/Projects/Vibe/rspec/rules/S2089/metadata.json
S2091,XPath expressions should not be vulnerable to injection attacks,VULNERABILITY,Blocker,ready,Main,go;python;java;vbnet;kotlin;php;common;csharp;javascript,cwe,SECURITY:BLOCKER,Constant/Issue: 30min,Sonar way,rule.adoc,/Users/brywoodruff/Projects/Vibe/rspec/rules/S2091/metadata.json
S2092,"Creating cookies without the ""secure"" flag is security-sensitive",SECURITY_HOTSPOT,Minor,ready,Main,go;python;java;kotlin;php;csharp;javascript;ruby,cwe;privacy,SECURITY:LOW,Constant/Issue: 5min,Sonar way,rule.adoc,/Users/brywoodruff/Projects/Vibe/rspec/rules/S2092/metadata.json
S2093,,,,,,java,,,Unknown,,rule.adoc,/Users/brywoodruff/Projects/Vibe/rspec/rules/S2093/metadata.json
S2094,Classes should not be empty,CODE_SMELL,Minor,ready,All,java;vbnet;swift;csharp;javascript,clumsy,MAINTAINABILITY:LOW,Constant/Issue: 5min,Sonar way,rule.adoc,/Users/brywoodruff/Projects/Vibe/rspec/rules/S2094/metadata.json
S2095,Resources should be closed,BUG,Blocker,ready,All,java;cfamily,cwe;leak;denial-of-service,RELIABILITY:BLOCKER,Constant/Issue: 5min,Sonar way,rule.adoc,/Users/brywoodruff/Projects/Vibe/rspec/rules/S2095/metadata.json
S2096,"""main"" should not ""throw"" anything",CODE_SMELL,Blocker,ready,Main,java;csharp,error-handling,MAINTAINABILITY:BLOCKER,Constant/Issue: 15min,,rule.adoc,/Users/brywoodruff/Projects/Vibe/rspec/rules/S2096/metadata.json
S2097,"""equals(Object obj)"" should test argument type",BUG,Minor,ready,All,java;kotlin,,RELIABILITY:LOW,Constant/Issue: 5min,Sonar way,rule.adoc,/Users/brywoodruff/Projects/Vibe/rspec/rules/S2097/metadata.json
S2107,,,,,,java;cfamily,,,Unknown,,rule.adoc,/Users/brywoodruff/Projects/Vibe/rspec/rules/S2107/metadata.json
S2109,,,,,,java,,,Unknown,,rule.adoc,/Users/brywoodruff/Projects/Vibe/rspec/rules/S2109/metadata.json
S2110,,,,,,java,,,Unknown,,rule.adoc,/Users/brywoodruff/Projects/Vibe/rspec/rules/S2110/metadata.json
S2111,,,,,,java,,,Unknown,,rule.adoc,/Users/brywoodruff/Projects/Vibe/rspec/rules/S2111/metadata.json
S2112,,,,,,java,,,Unknown,,rule.adoc,/Users/brywoodruff/Projects/Vibe/rspec/rules/S2112/metadata.json
S2113,,,,,,java,,,Unknown,,rule.adoc,/Users/brywoodruff/Projects/Vibe/rspec/rules/S2113/metadata.json
S2114,Collections should not be passed as arguments to their own methods,BUG,Major,ready,All,java;kotlin;csharp,,RELIABILITY:MEDIUM,Constant/Issue: 15min,Sonar way,rule.adoc,/Users/brywoodruff/Projects/Vibe/rspec/rules/S2114/metadata.json
S2115,A secure password should be used when connecting to a database,VULNERABILITY,Blocker,ready,Main,python;java;php;common;csharp,cwe,SECURITY:BLOCKER,Constant/Issue: 45min,Sonar way,rule.adoc,/Users/brywoodruff/Projects/Vibe/rspec/rules/S2115/metadata.json
S2116,,,,,,java;kotlin,,,Unknown,,rule.adoc,/Users/brywoodruff/Projects/Vibe/rspec/rules/S2116/metadata.json
S2117,,,,,,java,,,Unknown,,rule.adoc,/Users/brywoodruff/Projects/Vibe/rspec/rules/S2117/metadata.json
S2118,,,,,,java,,,Unknown,,rule.adoc,/Users/brywoodruff/Projects/Vibe/rspec/rules/S2118/metadata.json
S2119,,,,,,java,,,Unknown,,rule.adoc,/Users/brywoodruff/Projects/Vibe/rspec/rules/S2119/metadata.json
S2120,,,,,,java,,,Unknown,,rule.adoc,/Users/brywoodruff/Projects/Vibe/rspec/rules/S2120/metadata.json
S2121,,,,,,java,,,Unknown,,rule.adoc,/Users/brywoodruff/Projects/Vibe/rspec/rules/S2121/metadata.json
S2122,"""ScheduledThreadPoolExecutor"" should not have 0 core threads",BUG,Critical,ready,All,java;kotlin,,RELIABILITY:HIGH,Constant/Issue: 20min,Sonar way,rule.adoc,/Users/brywoodruff/Projects/Vibe/rspec/rules/S2122/metadata.json
S2123,Values should not be uselessly incremented,BUG,Major,ready,All,java;kotlin;php;csharp;javascript;cfamily,unused,RELIABILITY:MEDIUM,Constant/Issue: 5min,Sonar way,rule.adoc,/Users/brywoodruff/Projects/Vibe/rspec/rules/S2123/metadata.json
S2125,,,,,,java,,,Unknown,,rule.adoc,/Users/brywoodruff/Projects/Vibe/rspec/rules/S2125/metadata.json
S2127,,,,,,java,,,Unknown,,rule.adoc,/Users/brywoodruff/Projects/Vibe/rspec/rules/S2127/metadata.json
S2129,,,,,,java,,,Unknown,,rule.adoc,/Users/brywoodruff/Projects/Vibe/rspec/rules/S2129/metadata.json
S2130,,,,,,java,,,Unknown,,rule.adoc,/Users/brywoodruff/Projects/Vibe/rspec/rules/S2130/metadata.json
S2131,,,,,,java,,,Unknown,,rule.adoc,/Users/brywoodruff/Projects/Vibe/rspec/rules/S2131/metadata.json
S2133,,,,,,java,,,Unknown,,rule.adoc,/Users/brywoodruff/Projects/Vibe/rspec/rules/S2133/metadata.json
S2134,,,,,,java,,,Unknown,,rule.adoc,/Users/brywoodruff/Projects/Vibe/rspec/rules/S2134/metadata.json
S2135,,,,,,java,,,Unknown,,rule.adoc,/Users/brywoodruff/Projects/Vibe/rspec/rules/S2135/metadata.json
S2136,,,,,,java,,,Unknown,,rule.adoc,/Users/brywoodruff/Projects/Vibe/rspec/rules/S2136/metadata.json
S2139,Exceptions should be either logged or rethrown but not both,CODE_SMELL,Major,ready,Main,java;csharp,logging;error-handling,MAINTAINABILITY:MEDIUM,Constant/Issue: 15min,Sonar way,rule.adoc,/Users/brywoodruff/Projects/Vibe/rspec/rules/S2139/metadata.json
S2140,,,,,,java,,,Unknown,,rule.adoc,/Users/brywoodruff/Projects/Vibe/rspec/rules/S2140/metadata.json
S2141,,,,,,java,,,Unknown,,rule.adoc,/Users/brywoodruff/Projects/Vibe/rspec/rules/S2141/metadata.json
S2142,,,,,,java,,,Unknown,,rule.adoc,/Users/brywoodruff/Projects/Vibe/rspec/rules/S2142/metadata.json
S2143,,,,,,java,,,Unknown,,rule.adoc,/Users/brywoodruff/Projects/Vibe/rspec/rules/S2143/metadata.json
S2144,,,,,,java,,,Unknown,,rule.adoc,/Users/brywoodruff/Projects/Vibe/rspec/rules/S2144/metadata.json
S2147,Catches should be combined,CODE_SMELL,Minor,ready,All,java,clumsy,MAINTAINABILITY:LOW,Constant/Issue: 5min,Sonar way,rule.adoc,/Users/brywoodruff/Projects/Vibe/rspec/rules/S2147/metadata.json
S2148,Underscores should be used to make large numbers readable,CODE_SMELL,Minor,ready,All,rust;java;swift;csharp,convention,MAINTAINABILITY:LOW,Constant/Issue: 5min,,rule.adoc,/Users/brywoodruff/Projects/Vibe/rspec/rules/S2148/metadata.json
S2150,,,,,,java,,,Unknown,,rule.adoc,/Users/brywoodruff/Projects/Vibe/rspec/rules/S2150/metadata.json
S2151,"""runFinalizersOnExit"" should not be called",BUG,Critical,ready,All,java;kotlin,cert,RELIABILITY:HIGH,Constant/Issue: 20min,Sonar way,rule.adoc,/Users/brywoodruff/Projects/Vibe/rspec/rules/S2151/metadata.json
S2153,,,,,,java,,,Unknown,,rule.adoc,/Users/brywoodruff/Projects/Vibe/rspec/rules/S2153/metadata.json
S2154,,,,,,java,,,Unknown,,rule.adoc,/Users/brywoodruff/Projects/Vibe/rspec/rules/S2154/metadata.json
S2155,Class cycles should be removed,CODE_SMELL,Critical,closed,Main,java;flex;cfamily,brain-overload,,Constant/Issue: 20min,,rule.adoc,/Users/brywoodruff/Projects/Vibe/rspec/rules/S2155/metadata.json
S2156,"""final"" classes should not have ""protected"" members",CODE_SMELL,Minor,ready,All,java;csharp;cfamily,confusing,MAINTAINABILITY:LOW,Constant/Issue: 5min,,rule.adoc,/Users/brywoodruff/Projects/Vibe/rspec/rules/S2156/metadata.json
S2157,,,,,,java,,,Unknown,,rule.adoc,/Users/brywoodruff/Projects/Vibe/rspec/rules/S2157/metadata.json
S2158,,,,,,java,,,Unknown,,rule.adoc,/Users/brywoodruff/Projects/Vibe/rspec/rules/S2158/metadata.json
S2159,Unnecessary equality checks should not be made,BUG,Major,ready,Main,python;dart;java,unused,RELIABILITY:MEDIUM,Constant/Issue: 15min,Sonar way,rule.adoc,/Users/brywoodruff/Projects/Vibe/rspec/rules/S2159/metadata.json
S2160,,,,,,java,,,Unknown,,rule.adoc,/Users/brywoodruff/Projects/Vibe/rspec/rules/S2160/metadata.json
S2161,,,,,,java,,,Unknown,,rule.adoc,/Users/brywoodruff/Projects/Vibe/rspec/rules/S2161/metadata.json
S2162,,,,,,java,,,Unknown,,rule.adoc,/Users/brywoodruff/Projects/Vibe/rspec/rules/S2162/metadata.json
S2163,,,,,,java,,,Unknown,,rule.adoc,/Users/brywoodruff/Projects/Vibe/rspec/rules/S2163/metadata.json
S2164,Math should not be performed on floats,BUG,Minor,ready,All,java,cert,RELIABILITY:LOW,Constant/Issue: 15min,,rule.adoc,/Users/brywoodruff/Projects/Vibe/rspec/rules/S2164/metadata.json
S2165,,,,,,java,,,Unknown,,rule.adoc,/Users/brywoodruff/Projects/Vibe/rspec/rules/S2165/metadata.json
S2166,"Classes named like ""Exception"" should extend ""Exception"" or a subclass",CODE_SMELL,Major,ready,Main,java;vbnet;php;csharp,convention;error-handling;pitfall,MAINTAINABILITY:MEDIUM,Constant/Issue: 5min,Sonar way,rule.adoc,/Users/brywoodruff/Projects/Vibe/rspec/rules/S2166/metadata.json
S2167,,,,,,java,,,Unknown,,rule.adoc,/Users/brywoodruff/Projects/Vibe/rspec/rules/S2167/metadata.json
S2168,,,,,,java,,,Unknown,,rule.adoc,/Users/brywoodruff/Projects/Vibe/rspec/rules/S2168/metadata.json
S2175,,BUG,Major,ready,All,dart;java;kotlin,cert,RELIABILITY:MEDIUM,Constant/Issue: 15min,Sonar way,rule.adoc,/Users/brywoodruff/Projects/Vibe/rspec/rules/S2175/metadata.json
S2176,,,,,,java,,,Unknown,,rule.adoc,/Users/brywoodruff/Projects/Vibe/rspec/rules/S2176/metadata.json
S2177,Child class methods named for parent class methods should be overrides,BUG,Major,ready,All,java,pitfall,RELIABILITY:MEDIUM,Constant/Issue: 30min,Sonar way,rule.adoc,/Users/brywoodruff/Projects/Vibe/rspec/rules/S2177/metadata.json
S2178,Short-circuit logic should be used in boolean contexts,CODE_SMELL,Blocker,ready,Main,java;vbnet;csharp;cfamily,,MAINTAINABILITY:BLOCKER,Constant/Issue: 5min,Sonar way,rule.adoc,/Users/brywoodruff/Projects/Vibe/rspec/rules/S2178/metadata.json
S2180,,,,,,java,,,Unknown,,rule.adoc,/Users/brywoodruff/Projects/Vibe/rspec/rules/S2180/metadata.json
S2183,Ints and longs should not be shifted by zero or more than their number of bits-1,BUG,Minor,ready,All,java;csharp,,RELIABILITY:LOW,Constant/Issue: 5min,Sonar way,rule.adoc,/Users/brywoodruff/Projects/Vibe/rspec/rules/S2183/metadata.json
S2184,Math operands should be cast before assignment,BUG,Minor,ready,All,java;csharp;cfamily,cwe;overflow,RELIABILITY:LOW,Constant/Issue: 5min,Sonar way,rule.adoc,/Users/brywoodruff/Projects/Vibe/rspec/rules/S2184/metadata.json
S2185,Do not perform unnecessary mathematical operations,CODE_SMELL,Major,ready,All,rust;java,clumsy,MAINTAINABILITY:MEDIUM,Constant/Issue: 15min,Sonar way,rule.adoc,/Users/brywoodruff/Projects/Vibe/rspec/rules/S2185/metadata.json
S2186,,,,,,java,,,Unknown,,rule.adoc,/Users/brywoodruff/Projects/Vibe/rspec/rules/S2186/metadata.json
S2187,TestCases should contain tests,CODE_SMELL,Blocker,ready,Tests,java;php;csharp;javascript,tests;unused;confusing,MAINTAINABILITY:BLOCKER,Constant/Issue: 5min,Sonar way,rule.adoc,/Users/brywoodruff/Projects/Vibe/rspec/rules/S2187/metadata.json
S2188,,,,,,java,,,Unknown,,rule.adoc,/Users/brywoodruff/Projects/Vibe/rspec/rules/S2188/metadata.json
S2189,Loops should not be infinite,BUG,Blocker,ready,Main,java;kotlin;javascript,,RELIABILITY:BLOCKER,Constant/Issue: 15min,Sonar way,rule.adoc,/Users/brywoodruff/Projects/Vibe/rspec/rules/S2189/metadata.json
S2190,Recursion should not be infinite,BUG,Blocker,ready,All,python;java;csharp;cfamily,suspicious,RELIABILITY:BLOCKER,Constant/Issue: 30min,Sonar way,rule.adoc,/Users/brywoodruff/Projects/Vibe/rspec/rules/S2190/metadata.json
S2193,"""for"" loop counters should not have essentially floating type",BUG,Minor,ready,Main,rust;java;cfamily,cert,RELIABILITY:LOW,Constant/Issue: 5min,Sonar way,rule.adoc,/Users/brywoodruff/Projects/Vibe/rspec/rules/S2193/metadata.json
S2196,,,,,,java,,,Unknown,,rule.adoc,/Users/brywoodruff/Projects/Vibe/rspec/rules/S2196/metadata.json
S2197,Modulus results should not be checked for direct equality,CODE_SMELL,Critical,ready,All,java;swift;csharp;javascript,suspicious,MAINTAINABILITY:HIGH,Constant/Issue: 5min,,rule.adoc,/Users/brywoodruff/Projects/Vibe/rspec/rules/S2197/metadata.json
S2199,,,,,,java,,,Unknown,,rule.adoc,/Users/brywoodruff/Projects/Vibe/rspec/rules/S2199/metadata.json
S2200,,,,,,java,,,Unknown,,rule.adoc,/Users/brywoodruff/Projects/Vibe/rspec/rules/S2200/metadata.json
S2201,Return values from functions without side effects should not be ignored,BUG,Major,ready,Main,python;java;php;swift;csharp;javascript,suspicious;confusing,RELIABILITY:MEDIUM,Constant/Issue: 10min,Sonar way,rule.adoc,/Users/brywoodruff/Projects/Vibe/rspec/rules/S2201/metadata.json
S2203,,,,,,java,,,Unknown,,rule.adoc,/Users/brywoodruff/Projects/Vibe/rspec/rules/S2203/metadata.json
S2204,,,,,,java,,,Unknown,,rule.adoc,/Users/brywoodruff/Projects/Vibe/rspec/rules/S2204/metadata.json
S2206,,,,,,java,,,Unknown,,rule.adoc,/Users/brywoodruff/Projects/Vibe/rspec/rules/S2206/metadata.json
S2207,,,,,,java,,,Unknown,,rule.adoc,/Users/brywoodruff/Projects/Vibe/rspec/rules/S2207/metadata.json
S2208,Wildcard imports should not be used,CODE_SMELL,Critical,ready,All,python;rust;java;javascript,pitfall,MAINTAINABILITY:HIGH,Constant/Issue: 5min,,rule.adoc,/Users/brywoodruff/Projects/Vibe/rspec/rules/S2208/metadata.json
S2209,"""static"" members should be accessed statically",CODE_SMELL,Major,ready,Main,java;cfamily,pitfall,MAINTAINABILITY:MEDIUM,Constant/Issue: 5min,Sonar way,rule.adoc,/Users/brywoodruff/Projects/Vibe/rspec/rules/S2209/metadata.json
S2210,Anntest dummy rule should asdf,BUG,Minor,closed,Main,java;javascript,cwe;bug;misra;suspicious,,Constant/Issue: 2d,Drupal,rule.adoc,/Users/brywoodruff/Projects/Vibe/rspec/rules/S2210/metadata.json
S2211,,,,,,java,,,Unknown,,rule.adoc,/Users/brywoodruff/Projects/Vibe/rspec/rules/S2211/metadata.json
S2212,,,,,,java,,,Unknown,,rule.adoc,/Users/brywoodruff/Projects/Vibe/rspec/rules/S2212/metadata.json
S2213,,,,,,java,,,Unknown,,rule.adoc,/Users/brywoodruff/Projects/Vibe/rspec/rules/S2213/metadata.json
S2214,Deprecated methods should not be overridden,CODE_SMELL,Major,ready,Main,java;csharp,obsolete,,Constant/Issue: 30min,Sonar way,rule.adoc,/Users/brywoodruff/Projects/Vibe/rspec/rules/S2214/metadata.json
S2219,"""Class.isAssignableFrom"" should not be used to check object type",CODE_SMELL,Minor,ready,All,java;csharp,clumsy,MAINTAINABILITY:LOW,Constant/Issue: 5min,Sonar way,rule.adoc,/Users/brywoodruff/Projects/Vibe/rspec/rules/S2219/metadata.json
S2220,"""Equals"" should test for null",CODE_SMELL,Critical,closed,Main,java;vbnet;csharp;cfamily,cwe;bug,,Constant/Issue: 5min,,rule.adoc,/Users/brywoodruff/Projects/Vibe/rspec/rules/S2220/metadata.json
S2221,"""Exception"" should not be caught when not required by called methods",CODE_SMELL,Minor,ready,Main,java;csharp;plsql,cwe;error-handling,MAINTAINABILITY:LOW,Constant/Issue: 15min,,rule.adoc,/Users/brywoodruff/Projects/Vibe/rspec/rules/S2221/metadata.json
S2222,Locks should be released on all paths,BUG,Critical,ready,All,java;vbnet;csharp,cwe;multi-threading;symbolic-execution,RELIABILITY:HIGH,Constant/Issue: 20min,Sonar way,rule.adoc,/Users/brywoodruff/Projects/Vibe/rspec/rules/S2222/metadata.json
S2224,Assignments should not be chained,CODE_SMELL,Major,closed,Main,python;java;html;php;csharp;javascript;flex;cfamily,confusing,,Constant/Issue: 5min,Sonar way,rule.adoc,/Users/brywoodruff/Projects/Vibe/rspec/rules/S2224/metadata.json
S2225,"""toString()"" and ""clone()"" methods should not return null",BUG,Major,ready,Main,java;vbnet;csharp,cwe,RELIABILITY:MEDIUM,Constant/Issue: 5min,Sonar way,rule.adoc,/Users/brywoodruff/Projects/Vibe/rspec/rules/S2225/metadata.json
S2226,,,,,,java,,,Unknown,,rule.adoc,/Users/brywoodruff/Projects/Vibe/rspec/rules/S2226/metadata.json
S2229,,,,,,java,,,Unknown,,rule.adoc,/Users/brywoodruff/Projects/Vibe/rspec/rules/S2229/metadata.json
S2230,,,,,,java,,,Unknown,,rule.adoc,/Users/brywoodruff/Projects/Vibe/rspec/rules/S2230/metadata.json
S2232,,,,,,java,,,Unknown,,rule.adoc,/Users/brywoodruff/Projects/Vibe/rspec/rules/S2232/metadata.json
S2233,,,,,,java,,,Unknown,,rule.adoc,/Users/brywoodruff/Projects/Vibe/rspec/rules/S2233/metadata.json
S2234,Parameters should be passed in the correct order,CODE_SMELL,Major,ready,All,python;java;vbnet;php;csharp;javascript;cfamily,,MAINTAINABILITY:MEDIUM,Constant/Issue: 5min,Sonar way,rule.adoc,/Users/brywoodruff/Projects/Vibe/rspec/rules/S2234/metadata.json
S2235,,,,,,java,,,Unknown,,rule.adoc,/Users/brywoodruff/Projects/Vibe/rspec/rules/S2235/metadata.json
S2236,,,,,,java,,,Unknown,,rule.adoc,/Users/brywoodruff/Projects/Vibe/rspec/rules/S2236/metadata.json
S2245,Using pseudorandom number generators (PRNGs) is security-sensitive,SECURITY_HOTSPOT,Critical,ready,Main,go;python;dart;java;kotlin;php;csharp;javascript;cfamily,cwe,SECURITY:HIGH,Constant/Issue: 10min,Sonar way,rule.adoc,/Users/brywoodruff/Projects/Vibe/rspec/rules/S2245/metadata.json
S2250,Collection methods with O(n) performance should be used carefully,CODE_SMELL,Minor,ready,Main,java,performance,MAINTAINABILITY:LOW,Constant/Issue: 15min,,rule.adoc,/Users/brywoodruff/Projects/Vibe/rspec/rules/S2250/metadata.json
S2251,"A ""for"" loop update clause should move the counter in the right direction",BUG,Major,ready,All,java;php;csharp;javascript,,RELIABILITY:MEDIUM,Constant/Issue: 5min,Sonar way,rule.adoc,/Users/brywoodruff/Projects/Vibe/rspec/rules/S2251/metadata.json
S2252,Loop conditions should be true at least once,BUG,Major,ready,All,java;vbnet;csharp,,RELIABILITY:MEDIUM,Constant/Issue: 10min,Sonar way,compliant-code.adoc;noncompliant-code.adoc;rule.adoc,/Users/brywoodruff/Projects/Vibe/rspec/rules/S2252/metadata.json
S2253,Track uses of disallowed methods,CODE_SMELL,Major,ready,Main,java;cfamily,,MAINTAINABILITY:MEDIUM,Constant/Issue: 0min,,rule.adoc,/Users/brywoodruff/Projects/Vibe/rspec/rules/S2253/metadata.json
S2254,,,,,,java,,,Unknown,,rule.adoc,/Users/brywoodruff/Projects/Vibe/rspec/rules/S2254/metadata.json
S2255,Writing cookies is security-sensitive,SECURITY_HOTSPOT,Minor,deprecated,Main,python;java;vbnet;php;csharp;javascript,,,Constant/Issue: 5min,,rule.adoc,/Users/brywoodruff/Projects/Vibe/rspec/rules/S2255/metadata.json
S2257,Using non-standard cryptographic algorithms is security-sensitive,SECURITY_HOTSPOT,Critical,ready,Main,python;java;vbnet;csharp,cwe,SECURITY:HIGH,Constant/Issue: 1d,Sonar way,rule.adoc,/Users/brywoodruff/Projects/Vibe/rspec/rules/S2257/metadata.json
S2258,,,,,,java,,,Unknown,,rule.adoc,/Users/brywoodruff/Projects/Vibe/rspec/rules/S2258/metadata.json
S2259,Null pointers should not be dereferenced,BUG,Major,ready,Main,python;java;vbnet;csharp;javascript;cfamily,cwe,RELIABILITY:MEDIUM,Constant/Issue: 10min,Sonar way,rule.adoc,/Users/brywoodruff/Projects/Vibe/rspec/rules/S2259/metadata.json
S2260,Track parsing failures,CODE_SMELL,Major,ready,All,terraform;docker;apex;go;jcl;python;dart;shell;azureresourcemanager;rust;tsql;vb6;java;kotlin;php;xml;ansible;json;githubactions;pli;scala;swift;yaml;csharp;plsql;groovy;javascript;kubernetes;cloudformation;cobol;flex;ruby;cfamily,suspicious,,Constant/Issue: 30min,,rule.adoc,/Users/brywoodruff/Projects/Vibe/rspec/rules/S2260/metadata.json
S2272,,,,,,java,,,Unknown,,rule.adoc,/Users/brywoodruff/Projects/Vibe/rspec/rules/S2272/metadata.json
S2273,,,,,,java,,,Unknown,,rule.adoc,/Users/brywoodruff/Projects/Vibe/rspec/rules/S2273/metadata.json
S2274,,,,,,java,,,Unknown,,rule.adoc,/Users/brywoodruff/Projects/Vibe/rspec/rules/S2274/metadata.json
S2275,Printf-style format strings should not lead to unexpected behavior at runtime,BUG,Blocker,ready,All,python;java;csharp;cfamily,,RELIABILITY:BLOCKER,Constant/Issue: 10min,Sonar way,rule.adoc,/Users/brywoodruff/Projects/Vibe/rspec/rules/S2275/metadata.json
S2276,,,,,,java,,,Unknown,,rule.adoc,/Users/brywoodruff/Projects/Vibe/rspec/rules/S2276/metadata.json
S2277,Cryptographic RSA algorithms should always incorporate OAEP (Optimal Asymmetric Encryption Padding),VULNERABILITY,Critical,superseded,Main,java;php,cwe,,Constant/Issue: 20min,,rule.adoc,/Users/brywoodruff/Projects/Vibe/rspec/rules/S2277/metadata.json
S2278,Neither DES (Data Encryption Standard) nor DESede (3DES) should be used,VULNERABILITY,Blocker,superseded,Main,python;java;php;swift;csharp;plsql;cfamily,cwe,,Constant/Issue: 20min,,rule.adoc,/Users/brywoodruff/Projects/Vibe/rspec/rules/S2278/metadata.json
S2293,,,,,,java,,,Unknown,,rule.adoc,/Users/brywoodruff/Projects/Vibe/rspec/rules/S2293/metadata.json
S2301,Public methods should not contain selector arguments,CODE_SMELL,Major,ready,Main,java;javascript,design,MAINTAINABILITY:MEDIUM,Constant/Issue: 15min,,rule.adoc,/Users/brywoodruff/Projects/Vibe/rspec/rules/S2301/metadata.json
S2308,,,,,,java,,,Unknown,,rule.adoc,/Users/brywoodruff/Projects/Vibe/rspec/rules/S2308/metadata.json
S2309,Files should not be empty,CODE_SMELL,Minor,ready,All,java;swift,unused,MAINTAINABILITY:LOW,Constant/Issue: 5min,,rule.adoc,/Users/brywoodruff/Projects/Vibe/rspec/rules/S2309/metadata.json
S2325,Methods and properties that don't access instance data should be static,CODE_SMELL,Minor,ready,All,python;java;csharp;javascript,pitfall,MAINTAINABILITY:LOW,Constant/Issue: 5min,,rule.adoc,/Users/brywoodruff/Projects/Vibe/rspec/rules/S2325/metadata.json
S2326,Unused type parameters should be removed,CODE_SMELL,Major,ready,All,java;csharp,unused,MAINTAINABILITY:MEDIUM,Constant/Issue: 5min,Sonar way,rule.adoc,/Users/brywoodruff/Projects/Vibe/rspec/rules/S2326/metadata.json
S2333,Redundant modifiers should not be used,CODE_SMELL,Minor,ready,All,java;csharp,finding;clumsy,MAINTAINABILITY:LOW,Constant/Issue: 2min,,rule.adoc,/Users/brywoodruff/Projects/Vibe/rspec/rules/S2333/metadata.json
S2335,Octal and hexadecimal escape sequences should be terminated,CODE_SMELL,Critical,ready,Main,java;cfamily,pitfall,MAINTAINABILITY:HIGH,Constant/Issue: 5min,,rule.adoc,/Users/brywoodruff/Projects/Vibe/rspec/rules/S2335/metadata.json
S2384,Mutable members should not be stored or returned directly,CODE_SMELL,Minor,ready,Main,java;csharp,cwe;unpredictable,MAINTAINABILITY:LOW,Constant/Issue: 5min,,rule.adoc,/Users/brywoodruff/Projects/Vibe/rspec/rules/S2384/metadata.json
S2386,"Mutable fields should not be ""public static""",CODE_SMELL,Minor,ready,Main,java;csharp,cwe;unpredictable,MAINTAINABILITY:LOW,Constant/Issue: 15min,Sonar way,rule.adoc,/Users/brywoodruff/Projects/Vibe/rspec/rules/S2386/metadata.json
S2387,Child class fields should not shadow parent class fields,CODE_SMELL,Blocker,ready,Main,java;vbnet;csharp;cfamily,confusing,MAINTAINABILITY:BLOCKER,Constant/Issue: 5min,Sonar way,rule.adoc,/Users/brywoodruff/Projects/Vibe/rspec/rules/S2387/metadata.json
S2388,,,,,,java,,,Unknown,,rule.adoc,/Users/brywoodruff/Projects/Vibe/rspec/rules/S2388/metadata.json
S2389,,,,,,java,,,Unknown,,rule.adoc,/Users/brywoodruff/Projects/Vibe/rspec/rules/S2389/metadata.json
S2390,,,,,,java,,,Unknown,,rule.adoc,/Users/brywoodruff/Projects/Vibe/rspec/rules/S2390/metadata.json
S2391,,,,,,java,,,Unknown,,rule.adoc,/Users/brywoodruff/Projects/Vibe/rspec/rules/S2391/metadata.json
S2435,Values passed to XML files should be sanitized,VULNERABILITY,Blocker,ready,Main,java;cfamily,,,Constant/Issue: 15min,,rule.adoc,/Users/brywoodruff/Projects/Vibe/rspec/rules/S2435/metadata.json
S2437,Unnecessary bit operations should not be performed,CODE_SMELL,Blocker,ready,All,rust;java;vbnet;csharp,suspicious,MAINTAINABILITY:BLOCKER,Constant/Issue: 5min,Sonar way,rule.adoc,/Users/brywoodruff/Projects/Vibe/rspec/rules/S2437/metadata.json
S2438,,,,,,java,,,Unknown,,rule.adoc,/Users/brywoodruff/Projects/Vibe/rspec/rules/S2438/metadata.json
S2440,"Classes with only ""static"" methods should not be instantiated",CODE_SMELL,Major,ready,All,java,clumsy,MAINTAINABILITY:MEDIUM,Constant/Issue: 2min,Sonar way,rule.adoc,/Users/brywoodruff/Projects/Vibe/rspec/rules/S2440/metadata.json
S2441,,,,,,java,,,Unknown,,rule.adoc,/Users/brywoodruff/Projects/Vibe/rspec/rules/S2441/metadata.json
S2442,,,,,,java,,,Unknown,,rule.adoc,/Users/brywoodruff/Projects/Vibe/rspec/rules/S2442/metadata.json
S2444,,,,,,java,,,Unknown,,rule.adoc,/Users/brywoodruff/Projects/Vibe/rspec/rules/S2444/metadata.json
S2445,Blocks should be synchronized on read-only fields,BUG,Major,ready,All,java;csharp,cwe;multi-threading,RELIABILITY:MEDIUM,Constant/Issue: 15min,Sonar way,rule.adoc,/Users/brywoodruff/Projects/Vibe/rspec/rules/S2445/metadata.json
S2446,,,,,,java,,,Unknown,,rule.adoc,/Users/brywoodruff/Projects/Vibe/rspec/rules/S2446/metadata.json
S2447,,,,,,java,,,Unknown,,rule.adoc,/Users/brywoodruff/Projects/Vibe/rspec/rules/S2447/metadata.json
S2479,Whitespace and control characters in string literals should be explicit,CODE_SMELL,Critical,ready,Main,rust;java;csharp;plsql;cfamily,pitfall,MAINTAINABILITY:HIGH,Constant/Issue: 10min,Sonar way,rule.adoc,/Users/brywoodruff/Projects/Vibe/rspec/rules/S2479/metadata.json
S2486,Exceptions should not be ignored,CODE_SMELL,Minor,ready,Main,python;dart;rpg;java;csharp;plsql;javascript;cobol;cfamily,cwe;error-handling;suspicious,MAINTAINABILITY:LOW,Constant/Issue: 1h,Sonar way,rule.adoc,/Users/brywoodruff/Projects/Vibe/rspec/rules/S2486/metadata.json
S2495,Flag arguments should not be used,CODE_SMELL,Major,closed,Main,python;vb6;java;vbnet;php;swift;csharp;javascript;flex;cfamily,clumsy,,Constant/Issue: 20min,,rule.adoc,/Users/brywoodruff/Projects/Vibe/rspec/rules/S2495/metadata.json
S2557,,,,,,java,,,Unknown,,rule.adoc,/Users/brywoodruff/Projects/Vibe/rspec/rules/S2557/metadata.json
S2574,Values saved into other objects or written to file should be sanitized,VULNERABILITY,Critical,ready,Main,java,,,Constant/Issue: 15min,,rule.adoc,/Users/brywoodruff/Projects/Vibe/rspec/rules/S2574/metadata.json
S2575,"Untrusted data should be escaped before being saved into ""HTTP"" or ""JSP"" classes ",VULNERABILITY,Critical,closed,Main,python;java;vbnet;abap;php;swift;csharp;cobol;cfamily,cwe,,Constant/Issue: 30min,,rule.adoc,/Users/brywoodruff/Projects/Vibe/rspec/rules/S2575/metadata.json
S2577,,,,,,java,,,Unknown,,rule.adoc,/Users/brywoodruff/Projects/Vibe/rspec/rules/S2577/metadata.json
S2583,Conditionally executed code should be reachable,BUG,Major,ready,All,python;java;vbnet;csharp;javascript;cobol;cfamily,cwe;unused;suspicious;pitfall,RELIABILITY:MEDIUM,Constant/Issue: 15min,Sonar way,rule.adoc,/Users/brywoodruff/Projects/Vibe/rspec/rules/S2583/metadata.json
S2589,Boolean expressions should not be gratuitous,CODE_SMELL,Major,ready,All,python;rust;java;vbnet;csharp;javascript;cobol;cfamily,cwe;suspicious;redundant,MAINTAINABILITY:MEDIUM,Constant/Issue: 10min,Sonar way,rule.adoc,/Users/brywoodruff/Projects/Vibe/rspec/rules/S2589/metadata.json
S2595,Branches should have sufficient coverage by integration tests,CODE_SMELL,Major,closed,Main,python;vb6;java;html;vbnet;php;swift;csharp;javascript;flex;cfamily,bad-practice,,Linear,,rule.adoc,/Users/brywoodruff/Projects/Vibe/rspec/rules/S2595/metadata.json
S2608,Cookies and form values should not be relied on to make security decisions,VULNERABILITY,Critical,superseded,Main,python;vb6;java;html;vbnet;php;swift;csharp;flex;cfamily,cwe,,Constant/Issue: 30min,,rule.adoc,/Users/brywoodruff/Projects/Vibe/rspec/rules/S2608/metadata.json
S2612,Setting loose POSIX file permissions is security-sensitive,SECURITY_HOTSPOT,Major,ready,Main,docker;go;python;shell;java;vbnet;php;ansible;githubactions;csharp;javascript;cfamily,cwe,SECURITY:MEDIUM,Constant/Issue: 5min,Sonar way,rule.adoc,/Users/brywoodruff/Projects/Vibe/rspec/rules/S2612/metadata.json
S2615,Externally-provided format strings should be sanitized,VULNERABILITY,Minor,ready,Main,java;swift;cfamily,cwe,,Constant/Issue: 30min,Sonar way,rule.adoc,/Users/brywoodruff/Projects/Vibe/rspec/rules/S2615/metadata.json
S2629,"""Preconditions"" and logging arguments should not require evaluation",CODE_SMELL,Major,ready,Main,java;csharp,performance;logging,MAINTAINABILITY:MEDIUM,Constant/Issue: 5min,Sonar way,rule.adoc,/Users/brywoodruff/Projects/Vibe/rspec/rules/S2629/metadata.json
S2630,Vulnerable regular expressions should not be used,BUG,Critical,closed,Main,python;vb6;java;vbnet;php;swift;csharp;javascript;flex;cfamily,denial-of-service,,Constant/Issue: 45min,Sonar way,rule.adoc,/Users/brywoodruff/Projects/Vibe/rspec/rules/S2630/metadata.json
S2631,Regular expressions should not be vulnerable to Denial of Service attacks,VULNERABILITY,Critical,ready,Main,python;java;vbnet;kotlin;php;common;csharp;javascript,cwe;denial-of-service,SECURITY:HIGH,Constant/Issue: 1h,Sonar way,rule.adoc,/Users/brywoodruff/Projects/Vibe/rspec/rules/S2631/metadata.json
S2637,"""@NonNull"" values should not be set to null",BUG,Minor,ready,Main,java;cfamily,cwe;cert,RELIABILITY:LOW,Constant/Issue: 15min,Sonar way,rule.adoc,/Users/brywoodruff/Projects/Vibe/rspec/rules/S2637/metadata.json
S2638,Method overrides should not change contracts,CODE_SMELL,Critical,ready,Main,python;java,suspicious,MAINTAINABILITY:HIGH,Constant/Issue: 15min,Sonar way,rule.adoc,/Users/brywoodruff/Projects/Vibe/rspec/rules/S2638/metadata.json
S2639,Inappropriate regular expressions should not be used,BUG,Major,ready,All,java;javascript,,RELIABILITY:MEDIUM,Constant/Issue: 15min,Sonar way,rule.adoc,/Users/brywoodruff/Projects/Vibe/rspec/rules/S2639/metadata.json
S2647,Basic authentication should not be used,VULNERABILITY,Critical,deprecated,Main,java;xml;common,,SECURITY:HIGH,Constant/Issue: 2h,,rule.adoc,/Users/brywoodruff/Projects/Vibe/rspec/rules/S2647/metadata.json
S2652,,,,,,java,,,Unknown,,rule.adoc,/Users/brywoodruff/Projects/Vibe/rspec/rules/S2652/metadata.json
S2653,,,,,,java,,,Unknown,,rule.adoc,/Users/brywoodruff/Projects/Vibe/rspec/rules/S2653/metadata.json
S2654,,,,,,java,,,Unknown,,rule.adoc,/Users/brywoodruff/Projects/Vibe/rspec/rules/S2654/metadata.json
S2655,,,,,,java,,,Unknown,,rule.adoc,/Users/brywoodruff/Projects/Vibe/rspec/rules/S2655/metadata.json
S2656,,,,,,java,,,Unknown,,rule.adoc,/Users/brywoodruff/Projects/Vibe/rspec/rules/S2656/metadata.json
S2657,,,,,,java,,,Unknown,,rule.adoc,/Users/brywoodruff/Projects/Vibe/rspec/rules/S2657/metadata.json
S2658,Classes should not be loaded dynamically,VULNERABILITY,Critical,deprecated,Main,java;javascript,,SECURITY:HIGH,Constant/Issue: 45min,,rule.adoc,/Users/brywoodruff/Projects/Vibe/rspec/rules/S2658/metadata.json
S2674,The value returned from a stream read should be checked,BUG,Minor,ready,Main,java;csharp,,RELIABILITY:LOW,Constant/Issue: 15min,Sonar way,rule.adoc,/Users/brywoodruff/Projects/Vibe/rspec/rules/S2674/metadata.json
S2675,,,,,,java,,,Unknown,,rule.adoc,/Users/brywoodruff/Projects/Vibe/rspec/rules/S2675/metadata.json
S2676,,,,,,java,,,Unknown,,rule.adoc,/Users/brywoodruff/Projects/Vibe/rspec/rules/S2676/metadata.json
S2677,,,,,,java,,,Unknown,,rule.adoc,/Users/brywoodruff/Projects/Vibe/rspec/rules/S2677/metadata.json
S2681,Multiline blocks should be enclosed in curly braces,CODE_SMELL,Major,ready,All,tsql;java;php;common;csharp;javascript;cfamily,cwe,MAINTAINABILITY:MEDIUM,Constant/Issue: 5min,Sonar way,rule.adoc,/Users/brywoodruff/Projects/Vibe/rspec/rules/S2681/metadata.json
S2689,"Files opened in append mode should not be used with ""ObjectOutputStream""",BUG,Blocker,ready,Main,java;kotlin,serialization,RELIABILITY:BLOCKER,Constant/Issue: 1h,Sonar way,rule.adoc,/Users/brywoodruff/Projects/Vibe/rspec/rules/S2689/metadata.json
S2692,"""indexOf"" checks should not be for positive numbers",CODE_SMELL,Critical,ready,All,java;vbnet;csharp;javascript,suspicious,MAINTAINABILITY:HIGH,Constant/Issue: 2min,Sonar way,rule.adoc,/Users/brywoodruff/Projects/Vibe/rspec/rules/S2692/metadata.json
S2693,,,,,,java,,,Unknown,,rule.adoc,/Users/brywoodruff/Projects/Vibe/rspec/rules/S2693/metadata.json
S2694,,,,,,java,,,Unknown,,rule.adoc,/Users/brywoodruff/Projects/Vibe/rspec/rules/S2694/metadata.json
S2695,"""PreparedStatement"" and ""ResultSet"" methods should be called with valid indices",BUG,Blocker,ready,All,java;kotlin,sql,RELIABILITY:BLOCKER,Constant/Issue: 2min,Sonar way,rule.adoc,/Users/brywoodruff/Projects/Vibe/rspec/rules/S2695/metadata.json
S2696,"Instance methods should not write to ""static"" fields",CODE_SMELL,Critical,ready,Main,java;common;csharp,multi-threading,MAINTAINABILITY:HIGH,Constant/Issue: 20min,Sonar way,rule.adoc,/Users/brywoodruff/Projects/Vibe/rspec/rules/S2696/metadata.json
S2698,,,,,,java,,,Unknown,,rule.adoc,/Users/brywoodruff/Projects/Vibe/rspec/rules/S2698/metadata.json
S2699,Tests should include assertions,CODE_SMELL,Blocker,ready,Tests,apex;java;php;csharp;javascript,tests,MAINTAINABILITY:BLOCKER,Constant/Issue: 10min,Sonar way,rule.adoc,/Users/brywoodruff/Projects/Vibe/rspec/rules/S2699/metadata.json
S2700,"""Test"" classes should include tests",CODE_SMELL,Major,closed,Main,java;csharp,junit,,Constant/Issue: 5min,,rule.adoc,/Users/brywoodruff/Projects/Vibe/rspec/rules/S2700/metadata.json
S2701,Literal boolean values should not be used in assertions,CODE_SMELL,Critical,ready,Tests,java;php;csharp;javascript,tests,MAINTAINABILITY:HIGH,Constant/Issue: 5min,,rule.adoc,/Users/brywoodruff/Projects/Vibe/rspec/rules/S2701/metadata.json
S2718,,,,,,java,,,Unknown,,rule.adoc,/Users/brywoodruff/Projects/Vibe/rspec/rules/S2718/metadata.json
S2737,"""catch"" clauses should do more than rethrow",CODE_SMELL,Minor,ready,Main,python;tsql;java;vbnet;php;common;swift;csharp;plsql;javascript;cfamily,error-handling;unused;finding;clumsy,MAINTAINABILITY:LOW,Constant/Issue: 5min,Sonar way,code-example.adoc;compliant.adoc;rule.adoc,/Users/brywoodruff/Projects/Vibe/rspec/rules/S2737/metadata.json
S2751,Conditions should not be immediately retested,CODE_SMELL,Major,closed,Main,python;rpg;vb6;java;vbnet;abap;php;swift;csharp;javascript;cobol;flex;cfamily,bug,,Constant/Issue: 5min,,rule.adoc,/Users/brywoodruff/Projects/Vibe/rspec/rules/S2751/metadata.json
S2755,XML parsers should not be vulnerable to XXE attacks,VULNERABILITY,Blocker,ready,Main,python;java;php;common;csharp;javascript;cfamily,cwe,SECURITY:BLOCKER,Constant/Issue: 15min,Sonar way,rule.adoc,/Users/brywoodruff/Projects/Vibe/rspec/rules/S2755/metadata.json
S2757,"Non-existent operators like ""=+"" should not be used",BUG,Major,ready,All,apex;go;python;java;vbnet;kotlin;php;common;csharp;javascript;ruby;cfamily,,RELIABILITY:MEDIUM,Constant/Issue: 2min,Sonar way,rule.adoc,/Users/brywoodruff/Projects/Vibe/rspec/rules/S2757/metadata.json
S2761,"Doubled prefix operators ""!!"" and ""~~"" should not be used",BUG,Major,ready,All,go;python;tsql;java;vbnet;php;common;csharp;plsql;cfamily,,RELIABILITY:MEDIUM,Constant/Issue: 5min,Sonar way,rule.adoc,/Users/brywoodruff/Projects/Vibe/rspec/rules/S2761/metadata.json
S2786,,,,,,java,,,Unknown,,rule.adoc,/Users/brywoodruff/Projects/Vibe/rspec/rules/S2786/metadata.json
S2788,,,,,,java,,,Unknown,,rule.adoc,/Users/brywoodruff/Projects/Vibe/rspec/rules/S2788/metadata.json
S2789,,,,,,java,,,Unknown,,rule.adoc,/Users/brywoodruff/Projects/Vibe/rspec/rules/S2789/metadata.json
S2792,,,,,,java,,,Unknown,,rule.adoc,/Users/brywoodruff/Projects/Vibe/rspec/rules/S2792/metadata.json
S2858,,,,,,java,,,Unknown,,rule.adoc,/Users/brywoodruff/Projects/Vibe/rspec/rules/S2858/metadata.json
S2864,,,,,,java,,,Unknown,,rule.adoc,/Users/brywoodruff/Projects/Vibe/rspec/rules/S2864/metadata.json
S2885,,,,,,java,,,Unknown,,rule.adoc,/Users/brywoodruff/Projects/Vibe/rspec/rules/S2885/metadata.json
S2886,,,,,,java,,,Unknown,,rule.adoc,/Users/brywoodruff/Projects/Vibe/rspec/rules/S2886/metadata.json
S2887,Values that have been unsigned-right-shifted should not be cast to smaller types,BUG,Major,ready,Main,java,,,Constant/Issue: 5min,Sonar way,rule.adoc,/Users/brywoodruff/Projects/Vibe/rspec/rules/S2887/metadata.json
S2920,,,,,,java,,,Unknown,,rule.adoc,/Users/brywoodruff/Projects/Vibe/rspec/rules/S2920/metadata.json
S2921,,,,,,java,,,Unknown,,rule.adoc,/Users/brywoodruff/Projects/Vibe/rspec/rules/S2921/metadata.json
S2924,,,,,,java,,,Unknown,,rule.adoc,/Users/brywoodruff/Projects/Vibe/rspec/rules/S2924/metadata.json
S2925,"""Thread.Sleep"" should not be used in tests",CODE_SMELL,Major,ready,Tests,java;vbnet;csharp,tests;bad-practice,MAINTAINABILITY:MEDIUM,Constant/Issue: 20min,Sonar way,rule.adoc,/Users/brywoodruff/Projects/Vibe/rspec/rules/S2925/metadata.json
S2959,Statements should not end with semicolons,CODE_SMELL,Minor,ready,All,java;swift,convention,MAINTAINABILITY:LOW,Constant/Issue: 1min,,rule.adoc,/Users/brywoodruff/Projects/Vibe/rspec/rules/S2959/metadata.json
S2970,Assertions should be complete,CODE_SMELL,Blocker,ready,Tests,java;csharp;javascript,tests,MAINTAINABILITY:BLOCKER,Constant/Issue: 5min,Sonar way,rule.adoc,/Users/brywoodruff/Projects/Vibe/rspec/rules/S2970/metadata.json
S2972,,,,,,java,,,Unknown,,rule.adoc,/Users/brywoodruff/Projects/Vibe/rspec/rules/S2972/metadata.json
S2973,,,,,,java,,,Unknown,,rule.adoc,/Users/brywoodruff/Projects/Vibe/rspec/rules/S2973/metadata.json
S2974,,,,,,java,,,Unknown,,rule.adoc,/Users/brywoodruff/Projects/Vibe/rspec/rules/S2974/metadata.json
S2975,,,,,,java,,,Unknown,,rule.adoc,/Users/brywoodruff/Projects/Vibe/rspec/rules/S2975/metadata.json
S2976,,,,,,java,,,Unknown,,rule.adoc,/Users/brywoodruff/Projects/Vibe/rspec/rules/S2976/metadata.json
S2979,,,,,,java,,,Unknown,,rule.adoc,/Users/brywoodruff/Projects/Vibe/rspec/rules/S2979/metadata.json
S3008,,,,,,java,,,Unknown,,rule.adoc,/Users/brywoodruff/Projects/Vibe/rspec/rules/S3008/metadata.json
S3009,,,,,,java,,,Unknown,,rule.adoc,/Users/brywoodruff/Projects/Vibe/rspec/rules/S3009/metadata.json
S3010,Static fields should not be updated in constructors,CODE_SMELL,Major,ready,Main,java;csharp,,MAINTAINABILITY:MEDIUM,Constant/Issue: 20min,Sonar way,rule.adoc,/Users/brywoodruff/Projects/Vibe/rspec/rules/S3010/metadata.json
S3011,"Reflection should not be used to increase accessibility of classes, methods, or fields",CODE_SMELL,Major,ready,Main,java;vbnet;php;csharp,,MAINTAINABILITY:MEDIUM,Constant/Issue: 30min,Sonar way,rule.adoc,/Users/brywoodruff/Projects/Vibe/rspec/rules/S3011/metadata.json
S3012,,,,,,java,,,Unknown,,rule.adoc,/Users/brywoodruff/Projects/Vibe/rspec/rules/S3012/metadata.json
S3013,,,,,,java,,,Unknown,,rule.adoc,/Users/brywoodruff/Projects/Vibe/rspec/rules/S3013/metadata.json
S3014,,,,,,java,,,Unknown,,rule.adoc,/Users/brywoodruff/Projects/Vibe/rspec/rules/S3014/metadata.json
S3015,,,,,,java,,,Unknown,,rule.adoc,/Users/brywoodruff/Projects/Vibe/rspec/rules/S3015/metadata.json
S3016,,,,,,java,,,Unknown,,rule.adoc,/Users/brywoodruff/Projects/Vibe/rspec/rules/S3016/metadata.json
S3020,,,,,,java,,,Unknown,,rule.adoc,/Users/brywoodruff/Projects/Vibe/rspec/rules/S3020/metadata.json
S3024,,,,,,java,,,Unknown,,rule.adoc,/Users/brywoodruff/Projects/Vibe/rspec/rules/S3024/metadata.json
S3025,,,,,,java,,,Unknown,,rule.adoc,/Users/brywoodruff/Projects/Vibe/rspec/rules/S3025/metadata.json
S3026,,,,,,java,,,Unknown,,rule.adoc,/Users/brywoodruff/Projects/Vibe/rspec/rules/S3026/metadata.json
S3027,,,,,,java,,,Unknown,,rule.adoc,/Users/brywoodruff/Projects/Vibe/rspec/rules/S3027/metadata.json
S3028,,,,,,java,,,Unknown,,rule.adoc,/Users/brywoodruff/Projects/Vibe/rspec/rules/S3028/metadata.json
S3030,,,,,,java,,,Unknown,,rule.adoc,/Users/brywoodruff/Projects/Vibe/rspec/rules/S3030/metadata.json
S3032,,,,,,java,,,Unknown,,rule.adoc,/Users/brywoodruff/Projects/Vibe/rspec/rules/S3032/metadata.json
S3033,,,,,,java,,,Unknown,,rule.adoc,/Users/brywoodruff/Projects/Vibe/rspec/rules/S3033/metadata.json
S3034,,,,,,java,,,Unknown,,rule.adoc,/Users/brywoodruff/Projects/Vibe/rspec/rules/S3034/metadata.json
S3035,,,,,,java,,,Unknown,,rule.adoc,/Users/brywoodruff/Projects/Vibe/rspec/rules/S3035/metadata.json
S3036,,,,,,java,,,Unknown,,rule.adoc,/Users/brywoodruff/Projects/Vibe/rspec/rules/S3036/metadata.json
S3037,,,,,,java,,,Unknown,,rule.adoc,/Users/brywoodruff/Projects/Vibe/rspec/rules/S3037/metadata.json
S3038,Abstract methods should not be redundant,CODE_SMELL,Minor,ready,All,java,confusing,MAINTAINABILITY:LOW,Constant/Issue: 2min,Sonar way,rule.adoc,/Users/brywoodruff/Projects/Vibe/rspec/rules/S3038/metadata.json
S3039,,,,,,java,,,Unknown,,rule.adoc,/Users/brywoodruff/Projects/Vibe/rspec/rules/S3039/metadata.json
S3040,,,,,,java,,,Unknown,,rule.adoc,/Users/brywoodruff/Projects/Vibe/rspec/rules/S3040/metadata.json
S3042,,,,,,java,,,Unknown,,rule.adoc,/Users/brywoodruff/Projects/Vibe/rspec/rules/S3042/metadata.json
S3043,,,,,,java,,,Unknown,,rule.adoc,/Users/brywoodruff/Projects/Vibe/rspec/rules/S3043/metadata.json
S3045,"""break"" should not be used with a label",CODE_SMELL,Minor,closed,Main,python;java;vbnet;php;swift;csharp;javascript;flex;cfamily,confusing,,Constant/Issue: 20min,,rule.adoc,/Users/brywoodruff/Projects/Vibe/rspec/rules/S3045/metadata.json
S3046,"""wait"" should not be called when multiple locks are held",BUG,Blocker,ready,Main,java;csharp,multi-threading;deadlock,RELIABILITY:BLOCKER,Constant/Issue: 30min,Sonar way,rule.adoc,/Users/brywoodruff/Projects/Vibe/rspec/rules/S3046/metadata.json
S3047,Multiple loops over the same set should be combined,CODE_SMELL,Minor,ready,Main,java,performance,MAINTAINABILITY:LOW,Constant/Issue: 20min,,rule.adoc,/Users/brywoodruff/Projects/Vibe/rspec/rules/S3047/metadata.json
S3048,,,,,,java,,,Unknown,,rule.adoc,/Users/brywoodruff/Projects/Vibe/rspec/rules/S3048/metadata.json
S3049,,,,,,java,,,Unknown,,rule.adoc,/Users/brywoodruff/Projects/Vibe/rspec/rules/S3049/metadata.json
S3050,,,,,,java,,,Unknown,,rule.adoc,/Users/brywoodruff/Projects/Vibe/rspec/rules/S3050/metadata.json
S3051,,,,,,java,,,Unknown,,rule.adoc,/Users/brywoodruff/Projects/Vibe/rspec/rules/S3051/metadata.json
S3052,Fields should not be initialized to default values,CODE_SMELL,Minor,ready,All,java;csharp,convention;finding,MAINTAINABILITY:LOW,Constant/Issue: 2min,,rule.adoc,/Users/brywoodruff/Projects/Vibe/rspec/rules/S3052/metadata.json
S3053,,,,,,java,,,Unknown,,rule.adoc,/Users/brywoodruff/Projects/Vibe/rspec/rules/S3053/metadata.json
S3054,,,,,,java,,,Unknown,,rule.adoc,/Users/brywoodruff/Projects/Vibe/rspec/rules/S3054/metadata.json
S3055,"""synchronized"" methods should not be called in loops",CODE_SMELL,Major,ready,Main,java;csharp,multi-threading;performance,,Constant/Issue: 30min,Sonar way,rule.adoc,/Users/brywoodruff/Projects/Vibe/rspec/rules/S3055/metadata.json
S3057,,,,,,java,,,Unknown,,rule.adoc,/Users/brywoodruff/Projects/Vibe/rspec/rules/S3057/metadata.json
S3058,,,,,,java,,,Unknown,,rule.adoc,/Users/brywoodruff/Projects/Vibe/rspec/rules/S3058/metadata.json
S3059,Classes should not have members with visibility set higher than the class' own visibility,CODE_SMELL,Major,ready,Main,java;csharp,confusing,MAINTAINABILITY:MEDIUM,Constant/Issue: 15min,Sonar way,rule.adoc,/Users/brywoodruff/Projects/Vibe/rspec/rules/S3059/metadata.json
S3060,"""instanceof"" should not be used with ""this""",CODE_SMELL,Blocker,ready,Main,java;csharp,api-design;bad-practice,MAINTAINABILITY:BLOCKER,Constant/Issue: 30min,Sonar way,rule.adoc,/Users/brywoodruff/Projects/Vibe/rspec/rules/S3060/metadata.json
S3063,"""StringBuilder"" data should be used",CODE_SMELL,Major,ready,Main,java;vbnet;csharp,performance,MAINTAINABILITY:MEDIUM,Constant/Issue: 5min,Sonar way,rule.adoc,/Users/brywoodruff/Projects/Vibe/rspec/rules/S3063/metadata.json
S3064,,,,,,java,,,Unknown,,rule.adoc,/Users/brywoodruff/Projects/Vibe/rspec/rules/S3064/metadata.json
S3065,Min and max used in combination should not always return the same value,BUG,Major,ready,Main,java,,RELIABILITY:MEDIUM,Constant/Issue: 10min,Sonar way,rule.adoc,/Users/brywoodruff/Projects/Vibe/rspec/rules/S3065/metadata.json
S3066,,,,,,java,,,Unknown,,rule.adoc,/Users/brywoodruff/Projects/Vibe/rspec/rules/S3066/metadata.json
S3067,,,,,,java,,,Unknown,,rule.adoc,/Users/brywoodruff/Projects/Vibe/rspec/rules/S3067/metadata.json
S3068,,,,,,java,,,Unknown,,rule.adoc,/Users/brywoodruff/Projects/Vibe/rspec/rules/S3068/metadata.json
S3072,"""wait"" should not be called when two locks are held",BUG,Blocker,closed,Main,java;csharp,multi-threading;bug;deadlock,,Constant/Issue: 1h,Sonar way,rule.adoc,/Users/brywoodruff/Projects/Vibe/rspec/rules/S3072/metadata.json
S3074,,,,,,java,,,Unknown,,rule.adoc,/Users/brywoodruff/Projects/Vibe/rspec/rules/S3074/metadata.json
S3077,,,,,,java,,,Unknown,,rule.adoc,/Users/brywoodruff/Projects/Vibe/rspec/rules/S3077/metadata.json
S3078,,,,,,java,,,Unknown,,rule.adoc,/Users/brywoodruff/Projects/Vibe/rspec/rules/S3078/metadata.json
S3215,"""interface"" instances should not be cast to concrete types",CODE_SMELL,Critical,ready,Main,java;csharp,design,MAINTAINABILITY:HIGH,Constant/Issue: 1h,,rule.adoc,/Users/brywoodruff/Projects/Vibe/rspec/rules/S3215/metadata.json
S3218,"Inner class members should not shadow outer class ""static"" or type members",CODE_SMELL,Critical,ready,All,java;csharp,design;pitfall,MAINTAINABILITY:HIGH,Constant/Issue: 10min,Sonar way,rule.adoc,/Users/brywoodruff/Projects/Vibe/rspec/rules/S3218/metadata.json
S3221,Parallel collections should not be maintained,CODE_SMELL,Minor,closed,Main,java;swift;csharp;flex;cfamily,design,,Constant/Issue: 30min,,rule.adoc,/Users/brywoodruff/Projects/Vibe/rspec/rules/S3221/metadata.json
S3242,Method parameters should be declared with base types,CODE_SMELL,Minor,ready,All,java;csharp,api-design,MAINTAINABILITY:LOW,Constant/Issue: 5min,,rule.adoc,/Users/brywoodruff/Projects/Vibe/rspec/rules/S3242/metadata.json
S3252,"""static"" base class members should not be accessed via derived types",CODE_SMELL,Critical,ready,Main,java;cfamily,confusing,MAINTAINABILITY:HIGH,Constant/Issue: 5min,Sonar way,rule.adoc,/Users/brywoodruff/Projects/Vibe/rspec/rules/S3252/metadata.json
S3254,Default parameter values should not be passed as arguments,CODE_SMELL,Minor,ready,Main,java;csharp,finding;clumsy,MAINTAINABILITY:LOW,Constant/Issue: 2min,,rule.adoc,/Users/brywoodruff/Projects/Vibe/rspec/rules/S3254/metadata.json
S3255,"""this"" should not be used gratuitously",CODE_SMELL,Minor,closed,Main,python;java;php;swift;csharp;flex;cfamily,clumsy,,Constant/Issue: 2min,Sonar way,rule.adoc,/Users/brywoodruff/Projects/Vibe/rspec/rules/S3255/metadata.json
S3275,IV's should be random and unique,VULNERABILITY,Critical,closed,Main,python;java;vbnet;php;swift;csharp;cfamily,cwe,,Constant/Issue: 15min,Sonar way,rule.adoc,/Users/brywoodruff/Projects/Vibe/rspec/rules/S3275/metadata.json
S3276,,,,,,java,,,Unknown,,rule.adoc,/Users/brywoodruff/Projects/Vibe/rspec/rules/S3276/metadata.json
S3305,,,,,,java,,,Unknown,,rule.adoc,/Users/brywoodruff/Projects/Vibe/rspec/rules/S3305/metadata.json
S3306,,,,,,java,,,Unknown,,rule.adoc,/Users/brywoodruff/Projects/Vibe/rspec/rules/S3306/metadata.json
S3318,Untrusted data should not be stored in sessions,VULNERABILITY,Major,ready,Main,java,cwe,,Constant/Issue: 20min,Sonar way,rule.adoc,/Users/brywoodruff/Projects/Vibe/rspec/rules/S3318/metadata.json
S3324,,,,,,java,,,Unknown,,rule.adoc,/Users/brywoodruff/Projects/Vibe/rspec/rules/S3324/metadata.json
S3329,Cipher Block Chaining IVs should be unpredictable,VULNERABILITY,Critical,ready,Main,go;python;java;vbnet;kotlin;common;swift;csharp,cwe,SECURITY:HIGH,Constant/Issue: 15min,Sonar way,rule.adoc,/Users/brywoodruff/Projects/Vibe/rspec/rules/S3329/metadata.json
S3330,"Creating cookies without the ""HttpOnly"" flag is security-sensitive",SECURITY_HOTSPOT,Minor,ready,Main,go;python;java;kotlin;php;xml;csharp;javascript;ruby,cwe;privacy,SECURITY:LOW,Constant/Issue: 10min,Sonar way,rule.adoc,/Users/brywoodruff/Projects/Vibe/rspec/rules/S3330/metadata.json
S3331,"Creating cookies with broadly defined ""domain"" flags is security-sensitive",SECURITY_HOTSPOT,Info,deprecated,Main,python;java;php,,,Constant/Issue: 5min,,rule.adoc,/Users/brywoodruff/Projects/Vibe/rspec/rules/S3331/metadata.json
S3340,,,,,,java,,,Unknown,,rule.adoc,/Users/brywoodruff/Projects/Vibe/rspec/rules/S3340/metadata.json
S3345,,,,,,java,,,Unknown,,rule.adoc,/Users/brywoodruff/Projects/Vibe/rspec/rules/S3345/metadata.json
S3346,"Expressions used in ""assert"" should not produce side effects",BUG,Major,ready,Main,java;csharp,,RELIABILITY:MEDIUM,Constant/Issue: 5min,Sonar way,rule.adoc,/Users/brywoodruff/Projects/Vibe/rspec/rules/S3346/metadata.json
S3351,,,,,,java,,,Unknown,,rule.adoc,/Users/brywoodruff/Projects/Vibe/rspec/rules/S3351/metadata.json
S3356,,,,,,java,,,Unknown,,rule.adoc,/Users/brywoodruff/Projects/Vibe/rspec/rules/S3356/metadata.json
S3357,,,,,,java,,,Unknown,,rule.adoc,/Users/brywoodruff/Projects/Vibe/rspec/rules/S3357/metadata.json
S3358,Ternary operators should not be nested,CODE_SMELL,Major,ready,All,python;dart;tsql;java;vbnet;php;common;swift;csharp;javascript;cfamily,confusing,MAINTAINABILITY:MEDIUM,Constant/Issue: 5min,Sonar way,rule.adoc,/Users/brywoodruff/Projects/Vibe/rspec/rules/S3358/metadata.json
S3360,"Test class names should end with ""Test"" or ""TestCase""",CODE_SMELL,Blocker,ready,Main,java;php,tests,MAINTAINABILITY:BLOCKER,Constant/Issue: 2min,,rule.adoc,/Users/brywoodruff/Projects/Vibe/rspec/rules/S3360/metadata.json
S3362,,,,,,java,,,Unknown,,rule.adoc,/Users/brywoodruff/Projects/Vibe/rspec/rules/S3362/metadata.json
S3363,Date and time should not be used as a type for primary keys,BUG,Minor,ready,Main,java;vbnet;csharp,,RELIABILITY:LOW,Constant/Issue: 30min,Sonar way,rule.adoc,/Users/brywoodruff/Projects/Vibe/rspec/rules/S3363/metadata.json
S3364,,,,,,java,,,Unknown,,rule.adoc,/Users/brywoodruff/Projects/Vibe/rspec/rules/S3364/metadata.json
S3365,,,,,,java,,,Unknown,,rule.adoc,/Users/brywoodruff/Projects/Vibe/rspec/rules/S3365/metadata.json
S3366,"""this"" should not be exposed from constructors",CODE_SMELL,Major,ready,Main,java;csharp,multi-threading;suspicious,MAINTAINABILITY:MEDIUM,Constant/Issue: 30min,,rule.adoc,/Users/brywoodruff/Projects/Vibe/rspec/rules/S3366/metadata.json
S3367,,,,,,java,,,Unknown,,rule.adoc,/Users/brywoodruff/Projects/Vibe/rspec/rules/S3367/metadata.json
S3368,,,,,,java,,,Unknown,,rule.adoc,/Users/brywoodruff/Projects/Vibe/rspec/rules/S3368/metadata.json
S3369,,,,,,java,,,Unknown,,rule.adoc,/Users/brywoodruff/Projects/Vibe/rspec/rules/S3369/metadata.json
S3371,,,,,,java,,,Unknown,,rule.adoc,/Users/brywoodruff/Projects/Vibe/rspec/rules/S3371/metadata.json
S3372,,,,,,java,,,Unknown,,rule.adoc,/Users/brywoodruff/Projects/Vibe/rspec/rules/S3372/metadata.json
S3398,"""private"" methods called only by inner classes should be moved to those classes",CODE_SMELL,Minor,ready,All,java;csharp,confusing,MAINTAINABILITY:LOW,Constant/Issue: 5min,Sonar way,rule.adoc,/Users/brywoodruff/Projects/Vibe/rspec/rules/S3398/metadata.json
S3399,Super class fields should not be assigned from constructors,CODE_SMELL,Major,closed,Main,java;swift;csharp;cfamily,suspicious,,Constant/Issue: 5min,,rule.adoc,/Users/brywoodruff/Projects/Vibe/rspec/rules/S3399/metadata.json
S3400,Methods should not return constants,CODE_SMELL,Minor,ready,Main,java;swift;csharp;cfamily,confusing,MAINTAINABILITY:LOW,Constant/Issue: 5min,Sonar way,rule.adoc,/Users/brywoodruff/Projects/Vibe/rspec/rules/S3400/metadata.json
S3414,Tests should be contained in a separate project,CODE_SMELL,Major,ready,Main,java,tests;suspicious,MAINTAINABILITY:MEDIUM,Constant/Issue: 5min,,rule.adoc,/Users/brywoodruff/Projects/Vibe/rspec/rules/S3414/metadata.json
S3415,Assertion arguments should be passed in the correct order,CODE_SMELL,Major,ready,Tests,java;php;csharp;javascript,tests;suspicious,MAINTAINABILITY:MEDIUM,Constant/Issue: 2min,Sonar way,rule.adoc,/Users/brywoodruff/Projects/Vibe/rspec/rules/S3415/metadata.json
S3416,Loggers should be named for their enclosing classes,CODE_SMELL,Minor,ready,Main,java;csharp,confusing;logging,MAINTAINABILITY:LOW,Constant/Issue: 5min,Sonar way,rule.adoc,/Users/brywoodruff/Projects/Vibe/rspec/rules/S3416/metadata.json
S3418,,,,,,java,,,Unknown,,rule.adoc,/Users/brywoodruff/Projects/Vibe/rspec/rules/S3418/metadata.json
S3424,Skipped unit tests should be either removed or fixed,CODE_SMELL,Minor,closed,Tests,python;rpg;java;vbnet;abap;php;pli;swift;csharp;plsql;javascript;cobol;flex;cfamily,,,Linear,,rule.adoc,/Users/brywoodruff/Projects/Vibe/rspec/rules/S3424/metadata.json
S3434,Child class members should not shadow parent class members,BUG,Minor,ready,Main,java;csharp,api-design;pitfall,,Constant/Issue: 10min,Sonar way,rule.adoc,/Users/brywoodruff/Projects/Vibe/rspec/rules/S3434/metadata.json
S3436,,,,,,java,,,Unknown,,rule.adoc,/Users/brywoodruff/Projects/Vibe/rspec/rules/S3436/metadata.json
S3437,,,,,,java,,,Unknown,,rule.adoc,/Users/brywoodruff/Projects/Vibe/rspec/rules/S3437/metadata.json
S3457,Format strings should be used correctly,CODE_SMELL,Major,ready,All,python;java;csharp;cfamily,confusing,MAINTAINABILITY:MEDIUM,Constant/Issue: 1min,Sonar way,rule.adoc,/Users/brywoodruff/Projects/Vibe/rspec/rules/S3457/metadata.json
S3472,,,,,,java,,,Unknown,,rule.adoc,/Users/brywoodruff/Projects/Vibe/rspec/rules/S3472/metadata.json
S3474,,,,,,java,,,Unknown,,rule.adoc,/Users/brywoodruff/Projects/Vibe/rspec/rules/S3474/metadata.json
S3475,,,,,,java,,,Unknown,,rule.adoc,/Users/brywoodruff/Projects/Vibe/rspec/rules/S3475/metadata.json
S3476,,,,,,java,,,Unknown,,rule.adoc,/Users/brywoodruff/Projects/Vibe/rspec/rules/S3476/metadata.json
S3477,"Tests should not catch ""RuntimeException""",CODE_SMELL,Major,closed,Main,java;php;csharp,tests,,Constant/Issue: 2min,Sonar way,rule.adoc,/Users/brywoodruff/Projects/Vibe/rspec/rules/S3477/metadata.json
S3502,Methods in the same class should not have the same body,CODE_SMELL,Major,closed,Main,python;css;vb6;java;vbnet;php;swift;csharp;javascript;flex;cfamily,design;suspicious,,Constant/Issue: 5min,Sonar way,rule.adoc,/Users/brywoodruff/Projects/Vibe/rspec/rules/S3502/metadata.json
S3505,,,,,,java,,,Unknown,,rule.adoc,/Users/brywoodruff/Projects/Vibe/rspec/rules/S3505/metadata.json
S3506,,,,,,java,,,Unknown,,rule.adoc,/Users/brywoodruff/Projects/Vibe/rspec/rules/S3506/metadata.json
S3510,,,,,,java,,,Unknown,,rule.adoc,/Users/brywoodruff/Projects/Vibe/rspec/rules/S3510/metadata.json
S3516,Methods returns should not be invariant,CODE_SMELL,Blocker,ready,Main,python;java;javascript;cfamily,,MAINTAINABILITY:BLOCKER,Linear,Sonar way,rule.adoc,/Users/brywoodruff/Projects/Vibe/rspec/rules/S3516/metadata.json
S3518,Zero should not be a possible denominator,BUG,Critical,ready,All,python;java;cfamily,cwe;denial-of-service,RELIABILITY:HIGH,Constant/Issue: 5 min,Sonar way,rule.adoc,/Users/brywoodruff/Projects/Vibe/rspec/rules/S3518/metadata.json
S3543,Standard groupings should be used with digit separators,CODE_SMELL,Critical,ready,Main,java;cfamily,pitfall,MAINTAINABILITY:HIGH,Constant/Issue: 5min,,rule.adoc,/Users/brywoodruff/Projects/Vibe/rspec/rules/S3543/metadata.json
S3546,,,,,,java,,,Unknown,,rule.adoc,/Users/brywoodruff/Projects/Vibe/rspec/rules/S3546/metadata.json
S3551,,,,,,java,,,Unknown,,rule.adoc,/Users/brywoodruff/Projects/Vibe/rspec/rules/S3551/metadata.json
S3552,,,,,,java,,,Unknown,,rule.adoc,/Users/brywoodruff/Projects/Vibe/rspec/rules/S3552/metadata.json
S3553,,,,,,java,,,Unknown,,rule.adoc,/Users/brywoodruff/Projects/Vibe/rspec/rules/S3553/metadata.json
S3554,Loop stop conditions should allow more than one iteration,BUG,Major,closed,Main,python;vb6;java;vbnet;php;swift;csharp;javascript;flex;cfamily,,,Constant/Issue: 10min,,rule.adoc,/Users/brywoodruff/Projects/Vibe/rspec/rules/S3554/metadata.json
S3577,Test classes should comply with a naming convention,CODE_SMELL,Minor,ready,Tests,java;csharp,convention;tests,MAINTAINABILITY:LOW,Constant/Issue: 5min,,rule.adoc,/Users/brywoodruff/Projects/Vibe/rspec/rules/S3577/metadata.json
S3578,,,,,,java,,,Unknown,,rule.adoc,/Users/brywoodruff/Projects/Vibe/rspec/rules/S3578/metadata.json
S3599,,,,,,java,,,Unknown,,rule.adoc,/Users/brywoodruff/Projects/Vibe/rspec/rules/S3599/metadata.json
S3626,Jump statements should not be redundant,CODE_SMELL,Minor,ready,All,python;tsql;java;abap;php;swift;csharp;plsql;javascript;cfamily,redundant;clumsy,MAINTAINABILITY:LOW,Constant/Issue: 1min,Sonar way,rule.adoc,/Users/brywoodruff/Projects/Vibe/rspec/rules/S3626/metadata.json
S3631,,,,,,java,,,Unknown,,rule.adoc,/Users/brywoodruff/Projects/Vibe/rspec/rules/S3631/metadata.json
S3649,Database queries should not be vulnerable to injection attacks,VULNERABILITY,Blocker,ready,Main,go;python;java;vbnet;kotlin;php;common;csharp;javascript,cwe;sql,SECURITY:BLOCKER,Constant/Issue: 30min,Sonar way,rule.adoc,/Users/brywoodruff/Projects/Vibe/rspec/rules/S3649/metadata.json
S3655,Empty nullable value should not be accessed,BUG,Major,ready,All,java;vbnet;csharp,cwe;symbolic-execution,RELIABILITY:MEDIUM,Constant/Issue: 10min,Sonar way,rule.adoc,/Users/brywoodruff/Projects/Vibe/rspec/rules/S3655/metadata.json
S3658,,,,,,java,,,Unknown,,rule.adoc,/Users/brywoodruff/Projects/Vibe/rspec/rules/S3658/metadata.json
S3673,,,,,,java,,,Unknown,,rule.adoc,/Users/brywoodruff/Projects/Vibe/rspec/rules/S3673/metadata.json
S3675,,,,,,java,,,Unknown,,rule.adoc,/Users/brywoodruff/Projects/Vibe/rspec/rules/S3675/metadata.json
S3676,,,,,,java,,,Unknown,,rule.adoc,/Users/brywoodruff/Projects/Vibe/rspec/rules/S3676/metadata.json
S3677,,,,,,java,,,Unknown,,rule.adoc,/Users/brywoodruff/Projects/Vibe/rspec/rules/S3677/metadata.json
S3681,,,,,,java,,,Unknown,,rule.adoc,/Users/brywoodruff/Projects/Vibe/rspec/rules/S3681/metadata.json
S3688,Track uses of disallowed classes,CODE_SMELL,Info,ready,All,jcl;java;csharp;cobol,,MAINTAINABILITY:INFO,Constant/Issue: 0min,,rule.adoc,/Users/brywoodruff/Projects/Vibe/rspec/rules/S3688/metadata.json
S3706,,,,,,java,,,Unknown,,rule.adoc,/Users/brywoodruff/Projects/Vibe/rspec/rules/S3706/metadata.json
S3725,,,,,,java,,,Unknown,,rule.adoc,/Users/brywoodruff/Projects/Vibe/rspec/rules/S3725/metadata.json
S3740,,,,,,java,,,Unknown,,rule.adoc,/Users/brywoodruff/Projects/Vibe/rspec/rules/S3740/metadata.json
S3741,,,,,,java,,,Unknown,,rule.adoc,/Users/brywoodruff/Projects/Vibe/rspec/rules/S3741/metadata.json
S3749,,,,,,java,,,Unknown,,rule.adoc,/Users/brywoodruff/Projects/Vibe/rspec/rules/S3749/metadata.json
S3750,,,,,,java,,,Unknown,,rule.adoc,/Users/brywoodruff/Projects/Vibe/rspec/rules/S3750/metadata.json
S3751,,,,,,java,,,Unknown,,rule.adoc,/Users/brywoodruff/Projects/Vibe/rspec/rules/S3751/metadata.json
S3752,Allowing both safe and unsafe HTTP methods is security-sensitive,SECURITY_HOTSPOT,Minor,ready,Main,python;java,cwe,SECURITY:LOW,Constant/Issue: 5min,Sonar way,rule.adoc,/Users/brywoodruff/Projects/Vibe/rspec/rules/S3752/metadata.json
S3753,,,,,,java,,,Unknown,,rule.adoc,/Users/brywoodruff/Projects/Vibe/rspec/rules/S3753/metadata.json
S3756,,,,,,java,,,Unknown,,rule.adoc,/Users/brywoodruff/Projects/Vibe/rspec/rules/S3756/metadata.json
S3776,Cognitive Complexity of functions should not be too high,CODE_SMELL,Critical,ready,All,apex;go;python;dart;rust;java;vbnet;abap;kotlin;php;scala;swift;csharp;javascript;ruby;cfamily,brain-overload,MAINTAINABILITY:HIGH,Linear with offset,Sonar way,rule.adoc,/Users/brywoodruff/Projects/Vibe/rspec/rules/S3776/metadata.json
S3777,,,,,,java,,,Unknown,,rule.adoc,/Users/brywoodruff/Projects/Vibe/rspec/rules/S3777/metadata.json
S3815,,,,,,java,,,Unknown,,rule.adoc,/Users/brywoodruff/Projects/Vibe/rspec/rules/S3815/metadata.json
S3823,,,,,,java,,,Unknown,,rule.adoc,/Users/brywoodruff/Projects/Vibe/rspec/rules/S3823/metadata.json
S3824,,,,,,java,,,Unknown,,rule.adoc,/Users/brywoodruff/Projects/Vibe/rspec/rules/S3824/metadata.json
S3864,,,,,,java,,,Unknown,,rule.adoc,/Users/brywoodruff/Projects/Vibe/rspec/rules/S3864/metadata.json
S3878,Arrays should not be created for varargs parameters,CODE_SMELL,Minor,ready,All,java;vbnet;csharp,clumsy,MAINTAINABILITY:LOW,Constant/Issue: 2min,Sonar way,rule.adoc,/Users/brywoodruff/Projects/Vibe/rspec/rules/S3878/metadata.json
S3923,All branches in a conditional structure should not have exactly the same implementation,BUG,Major,ready,All,apex;go;jcl;python;tsql;java;vbnet;abap;kotlin;php;common;scala;swift;csharp;plsql;javascript;cobol;flex;ruby;cfamily,,RELIABILITY:MEDIUM,Constant/Issue: 15min,Sonar way,rule.adoc,/Users/brywoodruff/Projects/Vibe/rspec/rules/S3923/metadata.json
S3937,Number patterns should be regular,CODE_SMELL,Critical,ready,All,java;csharp,suspicious,MAINTAINABILITY:HIGH,Constant/Issue: 10min,,rule.adoc,/Users/brywoodruff/Projects/Vibe/rspec/rules/S3937/metadata.json
S3941,Printf-style format strings should be used correctly,CODE_SMELL,Major,closed,All,python;java;csharp;cfamily,,,Constant/Issue: 10min,Sonar way,rule.adoc,/Users/brywoodruff/Projects/Vibe/rspec/rules/S3941/metadata.json
S3955,"""if"" and ""while"" statements should not lead to the execution of empty statements",BUG,Major,closed,All,java;php;csharp;plsql;javascript;cfamily,,,Constant/Issue: 2min,Sonar way,rule.adoc,/Users/brywoodruff/Projects/Vibe/rspec/rules/S3955/metadata.json
S3958,,BUG,Major,ready,All,java;kotlin,,RELIABILITY:MEDIUM,Constant/Issue: 10min,Sonar way,rule.adoc,/Users/brywoodruff/Projects/Vibe/rspec/rules/S3958/metadata.json
S3959,,,,,,java,,,Unknown,,rule.adoc,/Users/brywoodruff/Projects/Vibe/rspec/rules/S3959/metadata.json
S3972,Conditionals should start on new lines,CODE_SMELL,Critical,ready,All,tsql;java;php;csharp;javascript;cfamily,suspicious,MAINTAINABILITY:HIGH,Constant/Issue: 10min,Sonar way,compliant-code-exclusive.adoc;compliant-code-unrelated.adoc;noncompliant-code.adoc;rule.adoc,/Users/brywoodruff/Projects/Vibe/rspec/rules/S3972/metadata.json
S3973,A conditionally executed single line should be denoted by indentation,CODE_SMELL,Critical,ready,All,tsql;java;php;csharp;javascript;cfamily,confusing;suspicious,MAINTAINABILITY:HIGH,Constant/Issue: 10min,Sonar way,rule.adoc,/Users/brywoodruff/Projects/Vibe/rspec/rules/S3973/metadata.json
S3974,,,,,,java,,,Unknown,,rule.adoc,/Users/brywoodruff/Projects/Vibe/rspec/rules/S3974/metadata.json
S3981,Collection sizes and array length comparisons should make sense,BUG,Major,ready,All,go;python;java;vbnet;kotlin;php;swift;csharp;javascript,confusing,RELIABILITY:MEDIUM,Constant/Issue: 2min,Sonar way,rule.adoc,/Users/brywoodruff/Projects/Vibe/rspec/rules/S3981/metadata.json
S3984,Exceptions should not be created without being thrown,BUG,Major,ready,All,python;java;vbnet;php;csharp;javascript,error-handling,RELIABILITY:MEDIUM,Constant/Issue: 2min,Sonar way,rule.adoc,/Users/brywoodruff/Projects/Vibe/rspec/rules/S3984/metadata.json
S3985,"Unused ""private"" classes should be removed",CODE_SMELL,Major,ready,All,python;java,unused,MAINTAINABILITY:MEDIUM,Constant/Issue: 2min,Sonar way,rule.adoc,/Users/brywoodruff/Projects/Vibe/rspec/rules/S3985/metadata.json
S3986,,,,,,java,,,Unknown,,rule.adoc,/Users/brywoodruff/Projects/Vibe/rspec/rules/S3986/metadata.json
S4011,,,,,,java,,,Unknown,,rule.adoc,/Users/brywoodruff/Projects/Vibe/rspec/rules/S4011/metadata.json
S4029,,,,,,java,,,Unknown,,rule.adoc,/Users/brywoodruff/Projects/Vibe/rspec/rules/S4029/metadata.json
S4030,Collection contents should be used,CODE_SMELL,Major,ready,All,java;javascript,unused;suspicious,MAINTAINABILITY:MEDIUM,Constant/Issue: 2min,Sonar way,rule.adoc,/Users/brywoodruff/Projects/Vibe/rspec/rules/S4030/metadata.json
S4032,,,,,,java,,,Unknown,,rule.adoc,/Users/brywoodruff/Projects/Vibe/rspec/rules/S4032/metadata.json
S4034,,,,,,java,,,Unknown,,rule.adoc,/Users/brywoodruff/Projects/Vibe/rspec/rules/S4034/metadata.json
S4036,Searching OS commands in PATH is security-sensitive,SECURITY_HOTSPOT,Minor,ready,Main,go;python;java;vbnet;php;csharp;javascript,cwe,SECURITY:LOW,Constant/Issue: 15min,Sonar way,rule.adoc,/Users/brywoodruff/Projects/Vibe/rspec/rules/S4036/metadata.json
S4042,,,,,,java,,,Unknown,,rule.adoc,/Users/brywoodruff/Projects/Vibe/rspec/rules/S4042/metadata.json
S4064,,,,,,java,,,Unknown,,rule.adoc,/Users/brywoodruff/Projects/Vibe/rspec/rules/S4064/metadata.json
S4065,,,,,,java,,,Unknown,,rule.adoc,/Users/brywoodruff/Projects/Vibe/rspec/rules/S4065/metadata.json
S4066,,,,,,java,,,Unknown,,rule.adoc,/Users/brywoodruff/Projects/Vibe/rspec/rules/S4066/metadata.json
S4087,,,,,,java,,,Unknown,,rule.adoc,/Users/brywoodruff/Projects/Vibe/rspec/rules/S4087/metadata.json
S4142,Duplicate values should not be passed as arguments,CODE_SMELL,Major,deprecated,Main,tsql;java;vbnet;php;swift;csharp,,,Constant/Issue: 5min,,rule.adoc,/Users/brywoodruff/Projects/Vibe/rspec/rules/S4142/metadata.json
S4143,Map values should not be replaced unconditionally,BUG,Major,ready,All,go;python;java;vbnet;php;swift;csharp;javascript;cfamily,suspicious,RELIABILITY:MEDIUM,Constant/Issue: 5min,Sonar way,rule.adoc,/Users/brywoodruff/Projects/Vibe/rspec/rules/S4143/metadata.json
S4144,Methods should not have identical implementations,CODE_SMELL,Major,ready,All,apex;go;python;java;vbnet;kotlin;php;scala;swift;csharp;javascript;ruby;cfamily,confusing;duplicate;suspicious,MAINTAINABILITY:MEDIUM,Constant/Issue: 15min,Sonar way,rule.adoc,/Users/brywoodruff/Projects/Vibe/rspec/rules/S4144/metadata.json
S4165,Assignments should not be redundant,CODE_SMELL,Major,ready,All,java;javascript,redundant,MAINTAINABILITY:MEDIUM,Constant/Issue: 5min,Sonar way,rule.adoc,/Users/brywoodruff/Projects/Vibe/rspec/rules/S4165/metadata.json
S4174,,,,,,java,,,Unknown,,rule.adoc,/Users/brywoodruff/Projects/Vibe/rspec/rules/S4174/metadata.json
S4197,,,,,,java,,,Unknown,,rule.adoc,/Users/brywoodruff/Projects/Vibe/rspec/rules/S4197/metadata.json
S4201,"Null checks should not be used with ""instanceof""",CODE_SMELL,Minor,ready,All,java;vbnet;csharp,redundant,MAINTAINABILITY:LOW,Constant/Issue: 5min,Sonar way,rule.adoc,/Users/brywoodruff/Projects/Vibe/rspec/rules/S4201/metadata.json
S4248,,,,,,java,,,Unknown,,rule.adoc,/Users/brywoodruff/Projects/Vibe/rspec/rules/S4248/metadata.json
S4265,,,,,,java,,,Unknown,,rule.adoc,/Users/brywoodruff/Projects/Vibe/rspec/rules/S4265/metadata.json
S4266,,,,,,java,,,Unknown,,rule.adoc,/Users/brywoodruff/Projects/Vibe/rspec/rules/S4266/metadata.json
S4274,Asserts should not be used to check the parameters of a public method,CODE_SMELL,Major,ready,Main,python;java,pitfall,MAINTAINABILITY:MEDIUM,Constant/Issue: 5min,Sonar way,rule.adoc,/Users/brywoodruff/Projects/Vibe/rspec/rules/S4274/metadata.json
S4275,Getters and setters should access the expected fields,BUG,Critical,ready,All,rust;java;vbnet;csharp;javascript,pitfall,RELIABILITY:HIGH,Constant/Issue: 5min,Sonar way,rule.adoc,/Users/brywoodruff/Projects/Vibe/rspec/rules/S4275/metadata.json
S4276,,,,,,java,,,Unknown,,rule.adoc,/Users/brywoodruff/Projects/Vibe/rspec/rules/S4276/metadata.json
S4288,,,,,,java,,,Unknown,,rule.adoc,/Users/brywoodruff/Projects/Vibe/rspec/rules/S4288/metadata.json
S4290,,,,,,java,,,Unknown,,rule.adoc,/Users/brywoodruff/Projects/Vibe/rspec/rules/S4290/metadata.json
S4309,,,,,,java,,,Unknown,,rule.adoc,/Users/brywoodruff/Projects/Vibe/rspec/rules/S4309/metadata.json
S4347,Secure random number generators should not output predictable values,VULNERABILITY,Critical,ready,Main,java;kotlin;common;csharp,cwe;cert;pitfall,SECURITY:HIGH,Constant/Issue: 2min,Sonar way,rule.adoc,/Users/brywoodruff/Projects/Vibe/rspec/rules/S4347/metadata.json
S4348,,,,,,java,,,Unknown,,rule.adoc,/Users/brywoodruff/Projects/Vibe/rspec/rules/S4348/metadata.json
S4349,,,,,,java,,,Unknown,,rule.adoc,/Users/brywoodruff/Projects/Vibe/rspec/rules/S4349/metadata.json
S4351,,,,,,java,,,Unknown,,rule.adoc,/Users/brywoodruff/Projects/Vibe/rspec/rules/S4351/metadata.json
S4423,Weak SSL/TLS protocols should not be used,VULNERABILITY,Critical,ready,Main,terraform;docker;go;python;shell;azureresourcemanager;java;vbnet;kotlin;php;common;githubactions;swift;csharp;javascript;cloudformation;ruby;cfamily,cwe;privacy,SECURITY:HIGH,Constant/Issue: 2min,Sonar way,rule.adoc,/Users/brywoodruff/Projects/Vibe/rspec/rules/S4423/metadata.json
S4424,,,,,,java,,,Unknown,,rule.adoc,/Users/brywoodruff/Projects/Vibe/rspec/rules/S4424/metadata.json
S4425,,,,,,java,,,Unknown,,rule.adoc,/Users/brywoodruff/Projects/Vibe/rspec/rules/S4425/metadata.json
S4426,Cryptographic keys should be robust,VULNERABILITY,Critical,ready,Main,go;python;java;kotlin;php;common;swift;csharp;javascript;cfamily,cwe;privacy,SECURITY:HIGH,Constant/Issue: 2min,Sonar way,rule.adoc,/Users/brywoodruff/Projects/Vibe/rspec/rules/S4426/metadata.json
S4432,AES encryption algorithm should be used with secured mode,VULNERABILITY,Critical,deprecated,Main,java;csharp,,,Constant/Issue: 2min,,rule.adoc,/Users/brywoodruff/Projects/Vibe/rspec/rules/S4432/metadata.json
S4433,LDAP connections should be authenticated,VULNERABILITY,Critical,ready,Main,python;java;php;common;csharp,cwe,SECURITY:HIGH,Constant/Issue: 15min,Sonar way,rule.adoc,/Users/brywoodruff/Projects/Vibe/rspec/rules/S4433/metadata.json
S4434,,,,,,java,,,Unknown,,rule.adoc,/Users/brywoodruff/Projects/Vibe/rspec/rules/S4434/metadata.json
S4435,,,,,,java,,,Unknown,,rule.adoc,/Users/brywoodruff/Projects/Vibe/rspec/rules/S4435/metadata.json
S4449,,,,,,java,,,Unknown,,rule.adoc,/Users/brywoodruff/Projects/Vibe/rspec/rules/S4449/metadata.json
S4454,,,,,,java,,,Unknown,,rule.adoc,/Users/brywoodruff/Projects/Vibe/rspec/rules/S4454/metadata.json
S4458,,,,,,java,,,Unknown,,rule.adoc,/Users/brywoodruff/Projects/Vibe/rspec/rules/S4458/metadata.json
S4487,"Unread ""private"" fields should be removed",CODE_SMELL,Critical,ready,All,python;java;csharp,cwe;unused,MAINTAINABILITY:HIGH,Constant/Issue: 5min,Sonar way,rule.adoc,/Users/brywoodruff/Projects/Vibe/rspec/rules/S4487/metadata.json
S4488,,,,,,java,,,Unknown,,rule.adoc,/Users/brywoodruff/Projects/Vibe/rspec/rules/S4488/metadata.json
S4499,,,,,,java,,,Unknown,,rule.adoc,/Users/brywoodruff/Projects/Vibe/rspec/rules/S4499/metadata.json
S4502,Disabling CSRF protections is security-sensitive,SECURITY_HOTSPOT,Critical,ready,Main,python;java;php;csharp;javascript;ruby,cwe,SECURITY:HIGH,Constant/Issue: 5min,Sonar way,rule.adoc,/Users/brywoodruff/Projects/Vibe/rspec/rules/S4502/metadata.json
S4507,Delivering code in production with debug features activated is security-sensitive,SECURITY_HOTSPOT,Minor,ready,Main,docker;go;python;azureresourcemanager;rpg;java;vbnet;kotlin;php;xml;swift;csharp;javascript;cobol;flex,cwe;error-handling;debug;user-experience,SECURITY:LOW,Constant/Issue: 1min,Sonar way,rule.adoc,/Users/brywoodruff/Projects/Vibe/rspec/rules/S4507/metadata.json
S4508,Deserializing objects from an untrusted source is security-sensitive,SECURITY_HOTSPOT,Critical,deprecated,Main,python;java;php,,SECURITY:HIGH,Constant/Issue: 15min,,rule.adoc,/Users/brywoodruff/Projects/Vibe/rspec/rules/S4508/metadata.json
S4510,,,,,,java,,,Unknown,,rule.adoc,/Users/brywoodruff/Projects/Vibe/rspec/rules/S4510/metadata.json
S4512,,,,,,java,,,Unknown,,rule.adoc,/Users/brywoodruff/Projects/Vibe/rspec/rules/S4512/metadata.json
S4517,,,,,,java,,,Unknown,,rule.adoc,/Users/brywoodruff/Projects/Vibe/rspec/rules/S4517/metadata.json
S4524,"""default"" clauses should be first or last",CODE_SMELL,Critical,ready,All,java;abap;php;csharp;javascript;flex;cfamily,,MAINTAINABILITY:HIGH,Constant/Issue: 5min,Sonar way,rule.adoc,/Users/brywoodruff/Projects/Vibe/rspec/rules/S4524/metadata.json
S4529,Exposing HTTP endpoints is security-sensitive,SECURITY_HOTSPOT,Critical,deprecated,Main,python;java;vbnet;php;csharp;javascript,,,Constant/Issue: 15min,,rule.adoc,/Users/brywoodruff/Projects/Vibe/rspec/rules/S4529/metadata.json
S4530,,,,,,java,,,Unknown,,rule.adoc,/Users/brywoodruff/Projects/Vibe/rspec/rules/S4530/metadata.json
S4531,,,,,,java,,,Unknown,,rule.adoc,/Users/brywoodruff/Projects/Vibe/rspec/rules/S4531/metadata.json
S4544,,,,,,java,,,Unknown,,rule.adoc,/Users/brywoodruff/Projects/Vibe/rspec/rules/S4544/metadata.json
S4551,,,,,,java,,,Unknown,,rule.adoc,/Users/brywoodruff/Projects/Vibe/rspec/rules/S4551/metadata.json
S4601,,,,,,java,,,Unknown,,rule.adoc,/Users/brywoodruff/Projects/Vibe/rspec/rules/S4601/metadata.json
S4602,,,,,,java,,,Unknown,,rule.adoc,/Users/brywoodruff/Projects/Vibe/rspec/rules/S4602/metadata.json
S4603,,,,,,java,,,Unknown,,rule.adoc,/Users/brywoodruff/Projects/Vibe/rspec/rules/S4603/metadata.json
S4604,,,,,,java,,,Unknown,,rule.adoc,/Users/brywoodruff/Projects/Vibe/rspec/rules/S4604/metadata.json
S4605,,,,,,java,,,Unknown,,rule.adoc,/Users/brywoodruff/Projects/Vibe/rspec/rules/S4605/metadata.json
S4635,String offset-based methods should be preferred for finding substrings from offsets,CODE_SMELL,Critical,ready,All,java;csharp,performance,MAINTAINABILITY:HIGH,Constant/Issue: 5min,Sonar way,rule.adoc,/Users/brywoodruff/Projects/Vibe/rspec/rules/S4635/metadata.json
S4639,Zip function calls should not be vulnerable to path traversal attacks,VULNERABILITY,Critical,ready,Main,java;csharp,cwe,SECURITY:HIGH,Constant/Issue: 30min,,rule.adoc,/Users/brywoodruff/Projects/Vibe/rspec/rules/S4639/metadata.json
S4682,,,,,,java,,,Unknown,,rule.adoc,/Users/brywoodruff/Projects/Vibe/rspec/rules/S4682/metadata.json
S4684,,,,,,java,,,Unknown,,rule.adoc,/Users/brywoodruff/Projects/Vibe/rspec/rules/S4684/metadata.json
S4719,,,,,,java,,,Unknown,,rule.adoc,/Users/brywoodruff/Projects/Vibe/rspec/rules/S4719/metadata.json
S4721,Using shell interpreter when executing OS commands is security-sensitive,SECURITY_HOTSPOT,Major,ready,Main,python;java;vbnet;abap;php;csharp;javascript,cwe,SECURITY:MEDIUM,Constant/Issue: 30min,Sonar way,rule.adoc,/Users/brywoodruff/Projects/Vibe/rspec/rules/S4721/metadata.json
S4738,Native features should be preferred to Guava,CODE_SMELL,Major,ready,Main,java;kotlin,guava,MAINTAINABILITY:MEDIUM,Constant/Issue: 10min,Sonar way,rule.adoc,/Users/brywoodruff/Projects/Vibe/rspec/rules/S4738/metadata.json
S4784,Using regular expressions is security-sensitive,SECURITY_HOTSPOT,Critical,deprecated,Main,python;java;vbnet;php;csharp;javascript,,,Unknown,,rule.adoc,/Users/brywoodruff/Projects/Vibe/rspec/rules/S4784/metadata.json
S4787,Encrypting data is security-sensitive,SECURITY_HOTSPOT,Critical,deprecated,Main,python;java;vbnet;php;csharp;javascript,,SECURITY:HIGH,Unknown,,rule.adoc,/Users/brywoodruff/Projects/Vibe/rspec/rules/S4787/metadata.json
S4790,Using weak hashing algorithms is security-sensitive,SECURITY_HOTSPOT,Critical,ready,Main,docker;go;python;dart;shell;tsql;java;vbnet;abap;kotlin;php;githubactions;swift;csharp;plsql;javascript;cfamily,cwe,SECURITY:HIGH,Unknown,Sonar way,rule.adoc,/Users/brywoodruff/Projects/Vibe/rspec/rules/S4790/metadata.json
S4792,Configuring loggers is security-sensitive,SECURITY_HOTSPOT,Critical,deprecated,Main,python;java;vbnet;php;csharp,,SECURITY:HIGH,Unknown,,rule.adoc,/Users/brywoodruff/Projects/Vibe/rspec/rules/S4792/metadata.json
S4797,Handling files is security-sensitive,SECURITY_HOTSPOT,Critical,deprecated,Main,python;java;vbnet;php;csharp;javascript,,SECURITY:HIGH,Unknown,,rule.adoc,/Users/brywoodruff/Projects/Vibe/rspec/rules/S4797/metadata.json
S4817,Executing XPath expressions is security-sensitive,SECURITY_HOTSPOT,Critical,deprecated,Main,python;java;vbnet;php;csharp;javascript,,,Unknown,,rule.adoc,/Users/brywoodruff/Projects/Vibe/rspec/rules/S4817/metadata.json
S4818,Using Sockets is security-sensitive,SECURITY_HOTSPOT,Critical,deprecated,Main,python;java;vbnet;php;csharp;javascript,,,Unknown,,rule.adoc,/Users/brywoodruff/Projects/Vibe/rspec/rules/S4818/metadata.json
S4823,Using command line arguments is security-sensitive,SECURITY_HOTSPOT,Critical,deprecated,Main,python;java;vbnet;php;csharp;javascript,,,Unknown,,rule.adoc,/Users/brywoodruff/Projects/Vibe/rspec/rules/S4823/metadata.json
S4825,Sending HTTP requests is security-sensitive,SECURITY_HOTSPOT,Critical,deprecated,Main,python;java;vbnet;php;csharp;javascript,,,Unknown,,rule.adoc,/Users/brywoodruff/Projects/Vibe/rspec/rules/S4825/metadata.json
S4829,Reading the Standard Input is security-sensitive,SECURITY_HOTSPOT,Critical,deprecated,Main,python;java;vbnet;php;csharp;javascript,,,Unknown,,rule.adoc,/Users/brywoodruff/Projects/Vibe/rspec/rules/S4829/metadata.json
S4830,Server certificates should be verified during SSL/TLS connections,VULNERABILITY,Critical,ready,Main,docker;go;python;dart;shell;java;vbnet;kotlin;php;ansible;common;githubactions;swift;csharp;javascript;ruby;cfamily,cwe;privacy;ssl,SECURITY:HIGH,Constant/Issue: 5min,Sonar way,rule.adoc,/Users/brywoodruff/Projects/Vibe/rspec/rules/S4830/metadata.json
S4834,Controlling permissions is security-sensitive,SECURITY_HOTSPOT,Minor,deprecated,Main,python;java;vbnet;php;csharp,,,Unknown,,rule.adoc,/Users/brywoodruff/Projects/Vibe/rspec/rules/S4834/metadata.json
S4838,,,,,,java,,,Unknown,,rule.adoc,/Users/brywoodruff/Projects/Vibe/rspec/rules/S4838/metadata.json
S4925,,,,,,java,,,Unknown,,rule.adoc,/Users/brywoodruff/Projects/Vibe/rspec/rules/S4925/metadata.json
S4926,,,,,,java,,,Unknown,,rule.adoc,/Users/brywoodruff/Projects/Vibe/rspec/rules/S4926/metadata.json
S4929,,,,,,java,,,Unknown,,rule.adoc,/Users/brywoodruff/Projects/Vibe/rspec/rules/S4929/metadata.json
S4968,,,,,,java,,,Unknown,,rule.adoc,/Users/brywoodruff/Projects/Vibe/rspec/rules/S4968/metadata.json
S4970,Derived exceptions should not hide their parents' catch blocks,CODE_SMELL,Critical,ready,All,java,,MAINTAINABILITY:HIGH,Constant/Issue: 5min,Sonar way,rule.adoc,/Users/brywoodruff/Projects/Vibe/rspec/rules/S4970/metadata.json
S4973,,,,,,java,,,Unknown,,rule.adoc,/Users/brywoodruff/Projects/Vibe/rspec/rules/S4973/metadata.json
S4977,Type parameters should not shadow other type parameters,CODE_SMELL,Minor,ready,All,dart;java,,MAINTAINABILITY:LOW,Constant/Issue: 5min,Sonar way,rule.adoc,/Users/brywoodruff/Projects/Vibe/rspec/rules/S4977/metadata.json
S4981,,,,,,java,,,Unknown,,rule.adoc,/Users/brywoodruff/Projects/Vibe/rspec/rules/S4981/metadata.json
S5042,Expanding archive files without controlling resource consumption is security-sensitive,SECURITY_HOTSPOT,Critical,ready,Main,python;java;vbnet;php;csharp;javascript;cfamily,cwe,SECURITY:HIGH,Constant/Issue: 10min,Sonar way,rule.adoc,/Users/brywoodruff/Projects/Vibe/rspec/rules/S5042/metadata.json
S5122,Having a permissive Cross-Origin Resource Sharing policy is security-sensitive,SECURITY_HOTSPOT,Minor,ready,Main,python;java;vbnet;php;xml;csharp;javascript,cwe,SECURITY:LOW,Unknown,Sonar way,rule.adoc,/Users/brywoodruff/Projects/Vibe/rspec/rules/S5122/metadata.json
S5128,,,,,,java,,,Unknown,,rule.adoc,/Users/brywoodruff/Projects/Vibe/rspec/rules/S5128/metadata.json
S5131,Endpoints should not be vulnerable to reflected cross-site scripting (XSS) attacks,VULNERABILITY,Blocker,ready,Main,python;java;vbnet;kotlin;php;common;csharp;javascript,cwe,SECURITY:BLOCKER,Constant/Issue: 30min,Sonar way,rule.adoc,/Users/brywoodruff/Projects/Vibe/rspec/rules/S5131/metadata.json
S5135,Deserialization should not be vulnerable to injection attacks,VULNERABILITY,Blocker,ready,Main,python;java;vbnet;kotlin;php;common;csharp,cwe,SECURITY:BLOCKER,Constant/Issue: 30min,Sonar way,rule.adoc,/Users/brywoodruff/Projects/Vibe/rspec/rules/S5135/metadata.json
S5139,,,,,,java,,,Unknown,,rule.adoc,/Users/brywoodruff/Projects/Vibe/rspec/rules/S5139/metadata.json
S5144,Server-side requests should not be vulnerable to forging attacks,VULNERABILITY,Major,ready,Main,go;python;java;vbnet;kotlin;php;common;csharp;javascript,cwe,SECURITY:MEDIUM,Constant/Issue: 30min,Sonar way,rule.adoc,/Users/brywoodruff/Projects/Vibe/rspec/rules/S5144/metadata.json
S5145,Logging should not be vulnerable to injection attacks,VULNERABILITY,Minor,ready,Main,go;python;java;vbnet;kotlin;php;common;csharp,cwe,SECURITY:LOW,Constant/Issue: 30min,Sonar way,rule.adoc,/Users/brywoodruff/Projects/Vibe/rspec/rules/S5145/metadata.json
S5146,HTTP request redirections should not be open to forging attacks,VULNERABILITY,Blocker,ready,Main,go;python;java;vbnet;kotlin;php;common;csharp;javascript,cwe,SECURITY:BLOCKER,Constant/Issue: 30min,Sonar way,rule.adoc,/Users/brywoodruff/Projects/Vibe/rspec/rules/S5146/metadata.json
S5147,NoSQL operations should not be vulnerable to injection attacks,VULNERABILITY,Blocker,ready,Main,python;java;vbnet;kotlin;common;csharp;javascript,cwe,SECURITY:BLOCKER,Constant/Issue: 30min,Sonar way,rule.adoc,/Users/brywoodruff/Projects/Vibe/rspec/rules/S5147/metadata.json
S5164,,,,,,java,,,Unknown,,rule.adoc,/Users/brywoodruff/Projects/Vibe/rspec/rules/S5164/metadata.json
S5167,HTTP response headers should not be vulnerable to injection attacks,VULNERABILITY,Critical,deprecated,Main,python;java;php;csharp,,,Constant/Issue: 30min,,rule.adoc,/Users/brywoodruff/Projects/Vibe/rspec/rules/S5167/metadata.json
S5194,,,,,,java,,,Unknown,,rule.adoc,/Users/brywoodruff/Projects/Vibe/rspec/rules/S5194/metadata.json
S5247,Disabling auto-escaping in template engines is security-sensitive,SECURITY_HOTSPOT,Major,ready,Main,python;java;html;php;xml;javascript,cwe,SECURITY:MEDIUM,Constant/Issue: 5min,Sonar way,rule.adoc,/Users/brywoodruff/Projects/Vibe/rspec/rules/S5247/metadata.json
S5261,"""else"" statements should be clearly matched with an ""if""",CODE_SMELL,Major,ready,Main,java;cfamily,confusing,MAINTAINABILITY:MEDIUM,Constant/Issue: 1min,Sonar way,rule.adoc,/Users/brywoodruff/Projects/Vibe/rspec/rules/S5261/metadata.json
S5300,Sending emails is security-sensitive,SECURITY_HOTSPOT,Critical,deprecated,Main,python;java,,,Unknown,,rule.adoc,/Users/brywoodruff/Projects/Vibe/rspec/rules/S5300/metadata.json
S5301,,,,,,java,,,Unknown,,rule.adoc,/Users/brywoodruff/Projects/Vibe/rspec/rules/S5301/metadata.json
S5304,,,,,,java,,,Unknown,,rule.adoc,/Users/brywoodruff/Projects/Vibe/rspec/rules/S5304/metadata.json
S5320,Broadcasting intents is security-sensitive,SECURITY_HOTSPOT,Critical,ready,Main,java;kotlin,cwe;android,SECURITY:HIGH,Unknown,Sonar way,rule.adoc,/Users/brywoodruff/Projects/Vibe/rspec/rules/S5320/metadata.json
S5322,Receiving intents is security-sensitive,SECURITY_HOTSPOT,Critical,ready,Main,java;kotlin;xml,cwe;android,SECURITY:HIGH,Unknown,Sonar way,rule.adoc,/Users/brywoodruff/Projects/Vibe/rspec/rules/S5322/metadata.json
S5324,Accessing Android external storage is security-sensitive,SECURITY_HOTSPOT,Critical,ready,Main,dart;java;kotlin,cwe;android,SECURITY:HIGH,Unknown,Sonar way,rule.adoc,/Users/brywoodruff/Projects/Vibe/rspec/rules/S5324/metadata.json
S5326,,,,,,java,,,Unknown,,rule.adoc,/Users/brywoodruff/Projects/Vibe/rspec/rules/S5326/metadata.json
S5329,,,,,,java,,,Unknown,,rule.adoc,/Users/brywoodruff/Projects/Vibe/rspec/rules/S5329/metadata.json
S5332,Using clear-text protocols is security-sensitive,SECURITY_HOTSPOT,Critical,ready,Main,terraform;docker;apex;go;python;dart;shell;azureresourcemanager;java;vbnet;kotlin;php;xml;ansible;common;githubactions;swift;csharp;javascript;kubernetes;cloudformation;cfamily,cwe,SECURITY:HIGH,Unknown,Sonar way,rule.adoc,/Users/brywoodruff/Projects/Vibe/rspec/rules/S5332/metadata.json
S5334,Dynamic code execution should not be vulnerable to injection attacks,VULNERABILITY,Blocker,ready,Main,python;java;vbnet;kotlin;php;common;csharp;javascript,cwe,SECURITY:BLOCKER,Constant/Issue: 30min,Sonar way,rule.adoc,/Users/brywoodruff/Projects/Vibe/rspec/rules/S5334/metadata.json
S5338,,,,,,java,,,Unknown,,rule.adoc,/Users/brywoodruff/Projects/Vibe/rspec/rules/S5338/metadata.json
S5344,Passwords should not be stored in plaintext or with a fast hashing algorithm,VULNERABILITY,Critical,ready,Main,go;python;java;kotlin;xml;common;csharp,cwe;spring,SECURITY:HIGH,Constant/Issue: 30min,Sonar way,rule.adoc,/Users/brywoodruff/Projects/Vibe/rspec/rules/S5344/metadata.json
S5361,,CODE_SMELL,Critical,ready,All,python;java;php,regex;performance,MAINTAINABILITY:HIGH,Constant/Issue: 2min,Sonar way,rule.adoc,/Users/brywoodruff/Projects/Vibe/rspec/rules/S5361/metadata.json
S5411,,,,,,java,,,Unknown,,rule.adoc,/Users/brywoodruff/Projects/Vibe/rspec/rules/S5411/metadata.json
S5413,,,,,,java,,,Unknown,,rule.adoc,/Users/brywoodruff/Projects/Vibe/rspec/rules/S5413/metadata.json
S5443,Using publicly writable directories is security-sensitive,SECURITY_HOTSPOT,Critical,ready,Main,go;python;java;vbnet;csharp;javascript;cfamily,cwe,SECURITY:HIGH,Unknown,Sonar way,rule.adoc,/Users/brywoodruff/Projects/Vibe/rspec/rules/S5443/metadata.json
S5445,Insecure temporary file creation methods should not be used,VULNERABILITY,Critical,ready,Main,go;python;java;vbnet;common;csharp,cwe,SECURITY:HIGH,Constant/Issue: 10min,Sonar way,rule.adoc,/Users/brywoodruff/Projects/Vibe/rspec/rules/S5445/metadata.json
S5496,Server-side templates should not be vulnerable to injection attacks,VULNERABILITY,Blocker,ready,Main,python;java;kotlin,cwe;python3,SECURITY:BLOCKER,Constant/Issue: 30min,Sonar way,rule.adoc,/Users/brywoodruff/Projects/Vibe/rspec/rules/S5496/metadata.json
S5527,Server hostnames should be verified during SSL/TLS connections,VULNERABILITY,Critical,ready,Main,go;python;java;kotlin;php;common;javascript;ruby;cfamily,cwe;privacy;ssl,SECURITY:HIGH,Constant/Issue: 5min,Sonar way,rule.adoc,/Users/brywoodruff/Projects/Vibe/rspec/rules/S5527/metadata.json
S5542,Encryption algorithms should be used with secure mode and padding scheme,VULNERABILITY,Critical,ready,Main,go;python;dart;java;vbnet;kotlin;php;common;swift;csharp;javascript;cfamily,cwe;privacy,SECURITY:HIGH,Constant/Issue: 20min,Sonar way,rule.adoc,/Users/brywoodruff/Projects/Vibe/rspec/rules/S5542/metadata.json
S5547,Cipher algorithms should be robust,VULNERABILITY,Critical,ready,Main,go;python;dart;java;vbnet;kotlin;php;common;swift;csharp;plsql;javascript;cfamily,cwe;privacy,SECURITY:HIGH,Constant/Issue: 15min,Sonar way,rule.adoc,/Users/brywoodruff/Projects/Vibe/rspec/rules/S5547/metadata.json
S5612,,,,,,java;kotlin,,,Unknown,,rule.adoc,/Users/brywoodruff/Projects/Vibe/rspec/rules/S5612/metadata.json
S5659,JWT should be signed and verified with strong cipher algorithms,VULNERABILITY,Critical,ready,Main,go;python;java;vbnet;common;csharp;javascript,cwe;privacy,SECURITY:HIGH,Constant/Issue: 30min,Sonar way,rule.adoc,/Users/brywoodruff/Projects/Vibe/rspec/rules/S5659/metadata.json
S5663,,,,,,java,,,Unknown,,rule.adoc,/Users/brywoodruff/Projects/Vibe/rspec/rules/S5663/metadata.json
S5664,,,,,,java,,,Unknown,,rule.adoc,/Users/brywoodruff/Projects/Vibe/rspec/rules/S5664/metadata.json
S5665,,,,,,java,,,Unknown,,rule.adoc,/Users/brywoodruff/Projects/Vibe/rspec/rules/S5665/metadata.json
S5669,,,,,,java,,,Unknown,,rule.adoc,/Users/brywoodruff/Projects/Vibe/rspec/rules/S5669/metadata.json
S5673,,,,,,java,,,Unknown,,rule.adoc,/Users/brywoodruff/Projects/Vibe/rspec/rules/S5673/metadata.json
S5679,OpenSAML2 should be configured to prevent authentication bypass,VULNERABILITY,Major,ready,Main,java,spring,SECURITY:MEDIUM,Constant/Issue: 10min,Sonar way,rule.adoc,/Users/brywoodruff/Projects/Vibe/rspec/rules/S5679/metadata.json
S5689,Disclosing fingerprints from web application technologies is security-sensitive,SECURITY_HOTSPOT,Minor,ready,All,java;javascript,cwe,SECURITY:LOW,Constant/Issue: 5min,Sonar way,rule.adoc,/Users/brywoodruff/Projects/Vibe/rspec/rules/S5689/metadata.json
S5693,Allowing requests with excessive content length is security-sensitive,SECURITY_HOTSPOT,Major,ready,All,java;vbnet;php;csharp;javascript,cwe,SECURITY:MEDIUM,Constant/Issue: 5min,Sonar way,rule.adoc,/Users/brywoodruff/Projects/Vibe/rspec/rules/S5693/metadata.json
S5728,Disabling content security policy fetch directives is security-sensitive,SECURITY_HOTSPOT,Minor,ready,Main,java;javascript,,SECURITY:LOW,Constant/Issue: 60min,Sonar way,rule.adoc,/Users/brywoodruff/Projects/Vibe/rspec/rules/S5728/metadata.json
S5738,,,,,,java,,,Unknown,,rule.adoc,/Users/brywoodruff/Projects/Vibe/rspec/rules/S5738/metadata.json
S5764,,,,,,java,,,Unknown,,rule.adoc,/Users/brywoodruff/Projects/Vibe/rspec/rules/S5764/metadata.json
S5776,,,,,,java,,,Unknown,,rule.adoc,/Users/brywoodruff/Projects/Vibe/rspec/rules/S5776/metadata.json
S5777,,,,,,java,,,Unknown,,rule.adoc,/Users/brywoodruff/Projects/Vibe/rspec/rules/S5777/metadata.json
S5778,,,,,,java,,,Unknown,,rule.adoc,/Users/brywoodruff/Projects/Vibe/rspec/rules/S5778/metadata.json
S5779,Assertion methods should not be used within the try block of a try-catch catching an Error,BUG,Critical,ready,Tests,java;php,tests,RELIABILITY:HIGH,Constant/Issue: 5min,Sonar way,rule.adoc,/Users/brywoodruff/Projects/Vibe/rspec/rules/S5779/metadata.json
S5783,Only one method invocation is expected when testing checked exceptions,BUG,Critical,ready,Tests,java;php,tests,RELIABILITY:HIGH,Constant/Issue: 5min,,rule.adoc,/Users/brywoodruff/Projects/Vibe/rspec/rules/S5783/metadata.json
S5785,JUnit assertTrue/assertFalse should be simplified to the corresponding dedicated assertion,CODE_SMELL,Major,ready,Tests,java;php,tests,MAINTAINABILITY:MEDIUM,Constant/Issue: 2min,Sonar way,rule.adoc,/Users/brywoodruff/Projects/Vibe/rspec/rules/S5785/metadata.json
S5786,,,,,,java,,,Unknown,,rule.adoc,/Users/brywoodruff/Projects/Vibe/rspec/rules/S5786/metadata.json
S5790,,,,,,java,,,Unknown,,rule.adoc,/Users/brywoodruff/Projects/Vibe/rspec/rules/S5790/metadata.json
S5793,,,,,,java,,,Unknown,,rule.adoc,/Users/brywoodruff/Projects/Vibe/rspec/rules/S5793/metadata.json
S5803,,,,,,java,,,Unknown,,rule.adoc,/Users/brywoodruff/Projects/Vibe/rspec/rules/S5803/metadata.json
S5804,Allowing user enumeration is security-sensitive,SECURITY_HOTSPOT,Major,ready,All,java,cwe,SECURITY:MEDIUM,Constant/Issue: 10min,Sonar way,rule.adoc,/Users/brywoodruff/Projects/Vibe/rspec/rules/S5804/metadata.json
S5808,Authorizations should be based on strong decisions,VULNERABILITY,Major,ready,Main,java;php;common,cwe,SECURITY:MEDIUM,Constant/Issue: 30min,Sonar way,rule.adoc,/Users/brywoodruff/Projects/Vibe/rspec/rules/S5808/metadata.json
S5810,,,,,,java,,,Unknown,,rule.adoc,/Users/brywoodruff/Projects/Vibe/rspec/rules/S5810/metadata.json
S5826,,,,,,java,,,Unknown,,rule.adoc,/Users/brywoodruff/Projects/Vibe/rspec/rules/S5826/metadata.json
S5831,,,,,,java,,,Unknown,,rule.adoc,/Users/brywoodruff/Projects/Vibe/rspec/rules/S5831/metadata.json
S5833,,,,,,java,,,Unknown,,rule.adoc,/Users/brywoodruff/Projects/Vibe/rspec/rules/S5833/metadata.json
S5838,,,,,,java,,,Unknown,,rule.adoc,/Users/brywoodruff/Projects/Vibe/rspec/rules/S5838/metadata.json
S5840,,,,,,java,,,Unknown,,rule.adoc,/Users/brywoodruff/Projects/Vibe/rspec/rules/S5840/metadata.json
S5841,,,,,,java,,,Unknown,,rule.adoc,/Users/brywoodruff/Projects/Vibe/rspec/rules/S5841/metadata.json
S5842,Repeated patterns in regular expressions should not match the empty string,BUG,Minor,ready,All,python;java;kotlin;php;javascript,regex,RELIABILITY:LOW,Constant/Issue: 5min,Sonar way,rule.adoc,/Users/brywoodruff/Projects/Vibe/rspec/rules/S5842/metadata.json
S5843,Regular expressions should not be too complicated,CODE_SMELL,Major,ready,All,python;java;kotlin;php;javascript,regex,MAINTAINABILITY:MEDIUM,Linear with offset,Sonar way,rule.adoc,/Users/brywoodruff/Projects/Vibe/rspec/rules/S5843/metadata.json
S5845,Assertions comparing incompatible types should not be made,BUG,Critical,ready,Tests,python;java;javascript,tests,RELIABILITY:HIGH,Constant/Issue: 5min,Sonar way,rule.adoc,/Users/brywoodruff/Projects/Vibe/rspec/rules/S5845/metadata.json
S5846,Empty lines should not be tested with regex MULTILINE flag,CODE_SMELL,Critical,ready,All,java;kotlin,regex,MAINTAINABILITY:HIGH,Constant/Issue: 15min,Sonar way,rule.adoc,/Users/brywoodruff/Projects/Vibe/rspec/rules/S5846/metadata.json
S5850,Alternatives in regular expressions should be grouped when used with anchors,BUG,Major,ready,All,python;java;kotlin;php;javascript,regex,RELIABILITY:MEDIUM,Constant/Issue: 10min,Sonar way,rule.adoc,/Users/brywoodruff/Projects/Vibe/rspec/rules/S5850/metadata.json
S5852,Using slow regular expressions is security-sensitive,SECURITY_HOTSPOT,Critical,ready,All,python;java;javascript,cwe;regex,SECURITY:HIGH,Constant/Issue: 30min,Sonar way,rule.adoc,/Users/brywoodruff/Projects/Vibe/rspec/rules/S5852/metadata.json
S5853,,,,,,java,,,Unknown,,rule.adoc,/Users/brywoodruff/Projects/Vibe/rspec/rules/S5853/metadata.json
S5854,,,,,,java,,,Unknown,,rule.adoc,/Users/brywoodruff/Projects/Vibe/rspec/rules/S5854/metadata.json
S5855,Regex alternatives should not be redundant,BUG,Major,ready,All,python;java;php,regex,RELIABILITY:MEDIUM,Constant/Issue: 5min,Sonar way,rule.adoc,/Users/brywoodruff/Projects/Vibe/rspec/rules/S5855/metadata.json
S5856,Regular expressions should be syntactically valid,BUG,Critical,ready,All,python;dart;rust;java;vbnet;kotlin;php;csharp;javascript,regex,RELIABILITY:HIGH,Constant/Issue: 15min,Sonar way,rule.adoc,/Users/brywoodruff/Projects/Vibe/rspec/rules/S5856/metadata.json
S5857,Character classes should be preferred over reluctant quantifiers in regular expressions,CODE_SMELL,Minor,ready,All,python;java;kotlin;php,regex,MAINTAINABILITY:LOW,Constant/Issue: 3min,Sonar way,rule.adoc,/Users/brywoodruff/Projects/Vibe/rspec/rules/S5857/metadata.json
S5860,Names of regular expressions named groups should be used,CODE_SMELL,Major,ready,All,python;java;javascript,regex,MAINTAINABILITY:MEDIUM,Constant/Issue: 10min,Sonar way,rule.adoc,/Users/brywoodruff/Projects/Vibe/rspec/rules/S5860/metadata.json
S5863,Assertions should not be given twice the same argument,BUG,Major,ready,Tests,java;php;javascript,tests,RELIABILITY:MEDIUM,Constant/Issue: 5min,Sonar way,rule.adoc,/Users/brywoodruff/Projects/Vibe/rspec/rules/S5863/metadata.json
S5866,,,,,,java,,,Unknown,,rule.adoc,/Users/brywoodruff/Projects/Vibe/rspec/rules/S5866/metadata.json
S5867,Unicode-aware versions of character classes should be preferred,CODE_SMELL,Minor,ready,All,java;kotlin;php;javascript,regex,MAINTAINABILITY:LOW,Constant/Issue: 5min,,rule.adoc,/Users/brywoodruff/Projects/Vibe/rspec/rules/S5867/metadata.json
S5868,Unicode Grapheme Clusters should be avoided inside regex character classes,BUG,Major,ready,All,python;java;kotlin;php;javascript,regex,RELIABILITY:MEDIUM,Constant/Issue: 5min,Sonar way,rule.adoc,/Users/brywoodruff/Projects/Vibe/rspec/rules/S5868/metadata.json
S5869,Character classes in regular expressions should not contain the same character twice,CODE_SMELL,Major,ready,All,python;java;kotlin;php;javascript,regex,MAINTAINABILITY:MEDIUM,Constant/Issue: 5min,Sonar way,rule.adoc,/Users/brywoodruff/Projects/Vibe/rspec/rules/S5869/metadata.json
S5876,A new session should be created during user authentication,VULNERABILITY,Critical,ready,Main,java;php;common;javascript,cwe,SECURITY:HIGH,Constant/Issue: 5min,Sonar way,rule.adoc,/Users/brywoodruff/Projects/Vibe/rspec/rules/S5876/metadata.json
S5883,OS commands should not be vulnerable to argument injection attacks,VULNERABILITY,Minor,ready,Main,java;vbnet;kotlin;php;common;csharp;javascript,cwe,SECURITY:LOW,Constant/Issue: 30min,Sonar way,rule.adoc,/Users/brywoodruff/Projects/Vibe/rspec/rules/S5883/metadata.json
S5917,,,,,,java,,,Unknown,,rule.adoc,/Users/brywoodruff/Projects/Vibe/rspec/rules/S5917/metadata.json
S5958,Tests should check which exception is thrown,CODE_SMELL,Major,ready,Tests,java;javascript,tests,MAINTAINABILITY:MEDIUM,Constant/Issue: 5min,Sonar way,rule.adoc,/Users/brywoodruff/Projects/Vibe/rspec/rules/S5958/metadata.json
S5960,,,,,,java,,,Unknown,,rule.adoc,/Users/brywoodruff/Projects/Vibe/rspec/rules/S5960/metadata.json
S5961,,,,,,java,,,Unknown,,rule.adoc,/Users/brywoodruff/Projects/Vibe/rspec/rules/S5961/metadata.json
S5967,,,,,,java,,,Unknown,,rule.adoc,/Users/brywoodruff/Projects/Vibe/rspec/rules/S5967/metadata.json
S5969,,,,,,java,,,Unknown,,rule.adoc,/Users/brywoodruff/Projects/Vibe/rspec/rules/S5969/metadata.json
S5970,,,,,,java,,,Unknown,,rule.adoc,/Users/brywoodruff/Projects/Vibe/rspec/rules/S5970/metadata.json
S5973,Tests should be stable,CODE_SMELL,Major,ready,Tests,java;common;javascript,tests;design;unpredictable,MAINTAINABILITY:MEDIUM;RELIABILITY:MEDIUM,Constant/Issue: 20min,Sonar way,rule.adoc,/Users/brywoodruff/Projects/Vibe/rspec/rules/S5973/metadata.json
S5976,,,,,,java,,,Unknown,,rule.adoc,/Users/brywoodruff/Projects/Vibe/rspec/rules/S5976/metadata.json
S5977,,,,,,java,,,Unknown,,rule.adoc,/Users/brywoodruff/Projects/Vibe/rspec/rules/S5977/metadata.json
S5979,,,,,,java,,,Unknown,,rule.adoc,/Users/brywoodruff/Projects/Vibe/rspec/rules/S5979/metadata.json
S5993,,,,,,java,,,Unknown,,rule.adoc,/Users/brywoodruff/Projects/Vibe/rspec/rules/S5993/metadata.json
S5994,Regex patterns following a possessive quantifier should not always fail,BUG,Critical,ready,All,python;java;php,regex,RELIABILITY:HIGH,Constant/Issue: 15min,Sonar way,rule.adoc,/Users/brywoodruff/Projects/Vibe/rspec/rules/S5994/metadata.json
S5996,Regex boundaries should not be used in a way that can never be matched,BUG,Critical,ready,Main,python;java;php,regex,RELIABILITY:HIGH,Constant/Issue: 10min,Sonar way,rule.adoc,/Users/brywoodruff/Projects/Vibe/rspec/rules/S5996/metadata.json
S5998,,,,,,java,,,Unknown,,rule.adoc,/Users/brywoodruff/Projects/Vibe/rspec/rules/S5998/metadata.json
S6001,Back references in regular expressions should only refer to capturing groups that are matched before the reference,BUG,Critical,ready,All,python;java;php,regex,RELIABILITY:HIGH,Constant/Issue: 10min,Sonar way,rule.adoc,/Users/brywoodruff/Projects/Vibe/rspec/rules/S6001/metadata.json
S6002,Regex lookahead assertions should not be contradictory,BUG,Critical,ready,All,python;java;php,regex,RELIABILITY:HIGH,Constant/Issue: 20min,Sonar way,lookahead.adoc;rule.adoc,/Users/brywoodruff/Projects/Vibe/rspec/rules/S6002/metadata.json
S6019,Reluctant quantifiers in regular expressions should be followed by an expression that can't match the empty string,CODE_SMELL,Major,ready,All,python;java;php;javascript,regex,MAINTAINABILITY:MEDIUM,Constant/Issue: 10min,Sonar way,rule.adoc,/Users/brywoodruff/Projects/Vibe/rspec/rules/S6019/metadata.json
S6035,Single-character alternations in regular expressions should be replaced with character classes,CODE_SMELL,Major,ready,All,python;java;php;javascript,regex,MAINTAINABILITY:MEDIUM,Constant/Issue: 5min,Sonar way,rule.adoc,/Users/brywoodruff/Projects/Vibe/rspec/rules/S6035/metadata.json
S6068,,,,,,java,,,Unknown,,rule.adoc,/Users/brywoodruff/Projects/Vibe/rspec/rules/S6068/metadata.json
S6070,,,,,,java,,,Unknown,,rule.adoc,/Users/brywoodruff/Projects/Vibe/rspec/rules/S6070/metadata.json
S6073,,,,,,java,,,Unknown,,rule.adoc,/Users/brywoodruff/Projects/Vibe/rspec/rules/S6073/metadata.json
S6096,Extracting archives should not lead to zip slip vulnerabilities,VULNERABILITY,Blocker,ready,Main,go;java;vbnet;kotlin;common;csharp;javascript,cwe,SECURITY:BLOCKER,Constant/Issue: 30min,Sonar way,rule.adoc,/Users/brywoodruff/Projects/Vibe/rspec/rules/S6096/metadata.json
S6103,,,,,,java,,,Unknown,,rule.adoc,/Users/brywoodruff/Projects/Vibe/rspec/rules/S6103/metadata.json
S6104,,,,,,java,,,Unknown,,rule.adoc,/Users/brywoodruff/Projects/Vibe/rspec/rules/S6104/metadata.json
S6126,,,,,,java,,,Unknown,,rule.adoc,/Users/brywoodruff/Projects/Vibe/rspec/rules/S6126/metadata.json
S6173,Reflection should not be vulnerable to injection attacks,VULNERABILITY,Major,ready,Main,java;vbnet;kotlin;php;common;csharp,cwe,SECURITY:MEDIUM,Constant/Issue: 30min,Sonar way,rule.adoc,/Users/brywoodruff/Projects/Vibe/rspec/rules/S6173/metadata.json
S6201,,,,,,java,,,Unknown,,rule.adoc,/Users/brywoodruff/Projects/Vibe/rspec/rules/S6201/metadata.json
S6202,"Type comparison operator should be used instead of ""isInstance()""",CODE_SMELL,Major,ready,Main,java;kotlin,,MAINTAINABILITY:MEDIUM,Constant/Issue: 5min,Sonar way,rule.adoc,/Users/brywoodruff/Projects/Vibe/rspec/rules/S6202/metadata.json
S6203,,CODE_SMELL,Minor,ready,Main,java;kotlin,,MAINTAINABILITY:LOW,Constant/Issue: 5min,Sonar way,rule.adoc,/Users/brywoodruff/Projects/Vibe/rspec/rules/S6203/metadata.json
S6204,,,,,,java,,,Unknown,,rule.adoc,/Users/brywoodruff/Projects/Vibe/rspec/rules/S6204/metadata.json
S6205,,,,,,java,,,Unknown,,rule.adoc,/Users/brywoodruff/Projects/Vibe/rspec/rules/S6205/metadata.json
S6206,,,,,,java,,,Unknown,,rule.adoc,/Users/brywoodruff/Projects/Vibe/rspec/rules/S6206/metadata.json
S6207,,CODE_SMELL,Major,ready,Main,dart;java;kotlin,,MAINTAINABILITY:MEDIUM,Constant/Issue: 5min,Sonar way,rule.adoc,/Users/brywoodruff/Projects/Vibe/rspec/rules/S6207/metadata.json
S6208,,,,,,java,,,Unknown,,rule.adoc,/Users/brywoodruff/Projects/Vibe/rspec/rules/S6208/metadata.json
S6209,,,,,,java,,,Unknown,,rule.adoc,/Users/brywoodruff/Projects/Vibe/rspec/rules/S6209/metadata.json
S6210,,,,,,java,,,Unknown,,rule.adoc,/Users/brywoodruff/Projects/Vibe/rspec/rules/S6210/metadata.json
S6211,,,,,,java,,,Unknown,,rule.adoc,/Users/brywoodruff/Projects/Vibe/rspec/rules/S6211/metadata.json
S6212,,,,,,java,,,Unknown,,rule.adoc,/Users/brywoodruff/Projects/Vibe/rspec/rules/S6212/metadata.json
S6213,,,,,,java,,,Unknown,,rule.adoc,/Users/brywoodruff/Projects/Vibe/rspec/rules/S6213/metadata.json
S6215,,,,,,java,,,Unknown,,rule.adoc,/Users/brywoodruff/Projects/Vibe/rspec/rules/S6215/metadata.json
S6216,,,,,,java,,,Unknown,,rule.adoc,/Users/brywoodruff/Projects/Vibe/rspec/rules/S6216/metadata.json
S6217,,,,,,java,,,Unknown,,rule.adoc,/Users/brywoodruff/Projects/Vibe/rspec/rules/S6217/metadata.json
S6218,,BUG,Major,ready,Main,java;kotlin,,RELIABILITY:MEDIUM,Constant/Issue: 5min,Sonar way,rule.adoc,/Users/brywoodruff/Projects/Vibe/rspec/rules/S6218/metadata.json
S6219,,,,,,java,,,Unknown,,rule.adoc,/Users/brywoodruff/Projects/Vibe/rspec/rules/S6219/metadata.json
S6220,,,,,,java,,,Unknown,,rule.adoc,/Users/brywoodruff/Projects/Vibe/rspec/rules/S6220/metadata.json
S6241,,,,,,java,,,Unknown,,rule.adoc,/Users/brywoodruff/Projects/Vibe/rspec/rules/S6241/metadata.json
S6242,,,,,,java,,,Unknown,,rule.adoc,/Users/brywoodruff/Projects/Vibe/rspec/rules/S6242/metadata.json
S6243,Reusable resources should be initialized at construction time of Lambda functions,CODE_SMELL,Major,ready,Main,python;java,aws,MAINTAINABILITY:MEDIUM,Constant/Issue: 20min,Sonar way,rule.adoc,/Users/brywoodruff/Projects/Vibe/rspec/rules/S6243/metadata.json
S6244,,,,,,java,,,Unknown,,rule.adoc,/Users/brywoodruff/Projects/Vibe/rspec/rules/S6244/metadata.json
S6246,Lambdas should not invoke other lambdas synchronously,CODE_SMELL,Minor,ready,Main,python;java,aws,MAINTAINABILITY:LOW,Constant/Issue: 3h,Sonar way,rule.adoc,/Users/brywoodruff/Projects/Vibe/rspec/rules/S6246/metadata.json
S6262,AWS region should not be set with a hardcoded String,CODE_SMELL,Minor,ready,Main,python;java,aws,MAINTAINABILITY:LOW,Constant/Issue: 5min,Sonar way,rule.adoc,/Users/brywoodruff/Projects/Vibe/rspec/rules/S6262/metadata.json
S6263,,,,,,java,,,Unknown,,rule.adoc,/Users/brywoodruff/Projects/Vibe/rspec/rules/S6263/metadata.json
S6287,Applications should not create session cookies from untrusted input,VULNERABILITY,Major,ready,Main,python;java;vbnet;kotlin;php;common;csharp;javascript,cwe,SECURITY:MEDIUM,Constant/Issue: 30min,Sonar way,rule.adoc,/Users/brywoodruff/Projects/Vibe/rspec/rules/S6287/metadata.json
S6288,Authorizing non-authenticated users to use keys in the Android KeyStore is security-sensitive,SECURITY_HOTSPOT,Major,ready,Main,java;kotlin;swift,cwe;android,SECURITY:MEDIUM,Constant/Issue: 5min,Sonar way,rule.adoc,/Users/brywoodruff/Projects/Vibe/rspec/rules/S6288/metadata.json
S6291,Using unencrypted databases in mobile applications is security-sensitive,SECURITY_HOTSPOT,Major,deprecated,Main,java;kotlin,,SECURITY:MEDIUM,Constant/Issue: 10min,,rule.adoc,/Users/brywoodruff/Projects/Vibe/rspec/rules/S6291/metadata.json
S6293,Using biometric authentication without a cryptographic solution is security-sensitive,SECURITY_HOTSPOT,Major,ready,Main,java;kotlin,cwe;android,SECURITY:MEDIUM,Constant/Issue: 5min,Sonar way,rule.adoc,/Users/brywoodruff/Projects/Vibe/rspec/rules/S6293/metadata.json
S6300,Using unencrypted files in mobile applications is security-sensitive,SECURITY_HOTSPOT,Major,deprecated,Main,java;kotlin,,SECURITY:MEDIUM,Constant/Issue: 10min,,rule.adoc,/Users/brywoodruff/Projects/Vibe/rspec/rules/S6300/metadata.json
S6301,Mobile database encryption keys should not be disclosed,VULNERABILITY,Major,ready,All,java;kotlin;common,cwe;android,SECURITY:MEDIUM,Constant/Issue: 10min,Sonar way,rule.adoc,/Users/brywoodruff/Projects/Vibe/rspec/rules/S6301/metadata.json
S6320,,,,,,java,,,Unknown,,rule.adoc,/Users/brywoodruff/Projects/Vibe/rspec/rules/S6320/metadata.json
S6322,,,,,,java,,,Unknown,,rule.adoc,/Users/brywoodruff/Projects/Vibe/rspec/rules/S6322/metadata.json
S6326,Regular expressions should not contain multiple spaces,CODE_SMELL,Major,ready,Main,python;java;php;javascript,regex,MAINTAINABILITY:MEDIUM,Constant/Issue: 5min,Sonar way,rule.adoc,/Users/brywoodruff/Projects/Vibe/rspec/rules/S6326/metadata.json
S6331,Regular expressions should not contain empty groups,CODE_SMELL,Major,ready,Main,python;java;php;javascript,regex,MAINTAINABILITY:MEDIUM,Constant/Issue: 5min,Sonar way,rule.adoc,/Users/brywoodruff/Projects/Vibe/rspec/rules/S6331/metadata.json
S6350,Constructing arguments of system commands from user input is security-sensitive,SECURITY_HOTSPOT,Major,ready,Main,go;python;java;vbnet;kotlin;php;csharp;javascript,cwe,SECURITY:MEDIUM,Constant/Issue: 30min,Sonar way,rule.adoc,/Users/brywoodruff/Projects/Vibe/rspec/rules/S6350/metadata.json
S6353,Regular expression quantifiers and character classes should be used concisely,CODE_SMELL,Minor,ready,Main,python;java;php;javascript,regex,MAINTAINABILITY:LOW,Constant/Issue: 5min,Sonar way,rule.adoc,/Users/brywoodruff/Projects/Vibe/rspec/rules/S6353/metadata.json
S6355,,,,,,java,,,Unknown,,rule.adoc,/Users/brywoodruff/Projects/Vibe/rspec/rules/S6355/metadata.json
S6362,Enabling JavaScript support for WebViews is security-sensitive,SECURITY_HOTSPOT,Major,ready,All,dart;java;kotlin,cwe;android,SECURITY:MEDIUM,Constant/Issue: 5min,Sonar way,rule.adoc,/Users/brywoodruff/Projects/Vibe/rspec/rules/S6362/metadata.json
S6363,Enabling file access for WebViews is security-sensitive,SECURITY_HOTSPOT,Major,ready,All,java;kotlin;swift,cwe;android,SECURITY:MEDIUM,Constant/Issue: 5min,Sonar way,rule.adoc,/Users/brywoodruff/Projects/Vibe/rspec/rules/S6363/metadata.json
S6373,XML parsers should not allow inclusion of arbitrary files,VULNERABILITY,Blocker,ready,Main,java,,SECURITY:BLOCKER,Constant/Issue: 15min,Sonar way,rule.adoc,/Users/brywoodruff/Projects/Vibe/rspec/rules/S6373/metadata.json
S6374,XML parsers should not load external schemas,VULNERABILITY,Major,deprecated,Main,java,,SECURITY:MEDIUM,Constant/Issue: 15min,,rule.adoc,/Users/brywoodruff/Projects/Vibe/rspec/rules/S6374/metadata.json
S6376,XML parsers should not be vulnerable to Denial of Service attacks,VULNERABILITY,Major,ready,Main,java,,SECURITY:MEDIUM,Constant/Issue: 15min,Sonar way,rule.adoc,/Users/brywoodruff/Projects/Vibe/rspec/rules/S6376/metadata.json
S6377,XML signatures should be validated securely,VULNERABILITY,Major,ready,Main,python;java;common;csharp,,SECURITY:MEDIUM,Constant/Issue: 15min,Sonar way,rule.adoc,/Users/brywoodruff/Projects/Vibe/rspec/rules/S6377/metadata.json
S6384,Components should not be vulnerable to intent redirection,VULNERABILITY,Blocker,ready,Main,java;kotlin;common,android,SECURITY:BLOCKER,Constant/Issue: 15min,Sonar way,rule.adoc,/Users/brywoodruff/Projects/Vibe/rspec/rules/S6384/metadata.json
S6390,Thread suspensions should not be vulnerable to Denial of Service attacks,VULNERABILITY,Critical,ready,All,java;kotlin;common,cwe;denial-of-service,SECURITY:HIGH,Constant/Issue: 30min,Sonar way,rule.adoc,/Users/brywoodruff/Projects/Vibe/rspec/rules/S6390/metadata.json
S6395,Non-capturing groups without quantifier should not be used,CODE_SMELL,Major,ready,All,python;java;php,regex,MAINTAINABILITY:MEDIUM,Constant/Issue: 5min,Sonar way,rule.adoc,/Users/brywoodruff/Projects/Vibe/rspec/rules/S6395/metadata.json
S6396,Superfluous curly brace quantifiers should be avoided,CODE_SMELL,Major,ready,All,python;java;php,regex,MAINTAINABILITY:MEDIUM,Constant/Issue: 5min,Sonar way,rule.adoc,/Users/brywoodruff/Projects/Vibe/rspec/rules/S6396/metadata.json
S6397,Character classes in regular expressions should not contain only one character,CODE_SMELL,Major,ready,All,python;java;php;javascript,regex,MAINTAINABILITY:MEDIUM,Constant/Issue: 5min,Sonar way,rule.adoc,/Users/brywoodruff/Projects/Vibe/rspec/rules/S6397/metadata.json
S6398,JSON operations should not be vulnerable to injection attacks,VULNERABILITY,Major,ready,All,java;kotlin;common,cwe,SECURITY:MEDIUM,Constant/Issue: 20min,Sonar way,rule.adoc,/Users/brywoodruff/Projects/Vibe/rspec/rules/S6398/metadata.json
S6399,XML operations should not be vulnerable to injection attacks,VULNERABILITY,Major,ready,All,java;vbnet;kotlin;common;csharp,cwe,SECURITY:MEDIUM,Constant/Issue: 20min,Sonar way,rule.adoc,/Users/brywoodruff/Projects/Vibe/rspec/rules/S6399/metadata.json
S6411,,,,,,java,,,Unknown,,rule.adoc,/Users/brywoodruff/Projects/Vibe/rspec/rules/S6411/metadata.json
S6416,,,,,,java,,,Unknown,,rule.adoc,/Users/brywoodruff/Projects/Vibe/rspec/rules/S6416/metadata.json
S6417,Collections should not be modified while they are iterated,BUG,Major,ready,All,python;java,,RELIABILITY:MEDIUM,Constant/Issue: 15min,Sonar way,rule.adoc,/Users/brywoodruff/Projects/Vibe/rspec/rules/S6417/metadata.json
S6418,Hard-coded secrets are security-sensitive,SECURITY_HOTSPOT,Blocker,ready,Main,go;python;secrets;java;vbnet;kotlin;php;json;swift;yaml;csharp;javascript;kubernetes;cfamily,cwe,SECURITY:BLOCKER,Constant/Issue: 30min,Sonar way,rule.adoc,/Users/brywoodruff/Projects/Vibe/rspec/rules/S6418/metadata.json
S6432,Counter Mode initialization vectors should not be reused,VULNERABILITY,Critical,ready,Main,python;java;kotlin;common;csharp,cwe,SECURITY:HIGH,Constant/Issue: 15min,Sonar way,highlighting.adoc;rule.adoc,/Users/brywoodruff/Projects/Vibe/rspec/rules/S6432/metadata.json
S6437,Credentials should not be hard-coded,VULNERABILITY,Blocker,ready,Main,docker;go;python;azureresourcemanager;java;php;ansible;common;javascript,cwe,SECURITY:BLOCKER,Constant/Issue: 60min,Sonar way,rule.adoc,/Users/brywoodruff/Projects/Vibe/rspec/rules/S6437/metadata.json
S6466,,,,,,python;rust;java,,,Unknown,,rule.adoc,/Users/brywoodruff/Projects/Vibe/rspec/rules/S6466/metadata.json
S6485,,,,,,java,,,Unknown,,rule.adoc,/Users/brywoodruff/Projects/Vibe/rspec/rules/S6485/metadata.json
S6539,,,,,,java,,,Unknown,,rule.adoc,/Users/brywoodruff/Projects/Vibe/rspec/rules/S6539/metadata.json
S6541,,,,,,java,,,Unknown,,rule.adoc,/Users/brywoodruff/Projects/Vibe/rspec/rules/S6541/metadata.json
S6547,Environment variables should not be defined from untrusted input,VULNERABILITY,Major,ready,Main,java;vbnet;kotlin;common;csharp,cwe;sans-top25-insecure,SECURITY:MEDIUM,Constant/Issue: 30min,Sonar way,rule.adoc,/Users/brywoodruff/Projects/Vibe/rspec/rules/S6547/metadata.json
S6548,,,,,,java,,,Unknown,,rule.adoc,/Users/brywoodruff/Projects/Vibe/rspec/rules/S6548/metadata.json
S6549,Accessing files should not lead to filesystem oracle attacks,VULNERABILITY,Major,ready,All,java;vbnet;kotlin;common;csharp,cwe,SECURITY:MEDIUM,Constant/Issue: 30min,Sonar way,rule.adoc,/Users/brywoodruff/Projects/Vibe/rspec/rules/S6549/metadata.json
S6620,This is a rule showcasing which features are available in Asciidoc when writing a rule description,CODE_SMELL,Major,ready,All,java;cfamily,rspec-showcase,MAINTAINABILITY:MEDIUM,Constant/Issue: 5min,Sonar way,rule.adoc,/Users/brywoodruff/Projects/Vibe/rspec/rules/S6620/metadata.json
S6646,,,,,,java,,,Unknown,,description-common.adoc;highlighting.adoc;how-to-fix-it.adoc;introduction.adoc;message.adoc;rule.adoc;see.adoc;what-is-the-potential-impact.adoc;why-is-this-an-issue.adoc,/Users/brywoodruff/Projects/Vibe/rspec/rules/S6646/metadata.json
S6651,,,,,,java,,,Unknown,,rule.adoc,/Users/brywoodruff/Projects/Vibe/rspec/rules/S6651/metadata.json
S6707,,,,,,java,,,Unknown,,rule.adoc,/Users/brywoodruff/Projects/Vibe/rspec/rules/S6707/metadata.json
S6745,,,,,,java,,,Unknown,,rule.adoc,/Users/brywoodruff/Projects/Vibe/rspec/rules/S6745/metadata.json
S6778,,,,,,java,,,Unknown,,rule.adoc,/Users/brywoodruff/Projects/Vibe/rspec/rules/S6778/metadata.json
S6780,,,,,,java,,,Unknown,,rule.adoc,/Users/brywoodruff/Projects/Vibe/rspec/rules/S6780/metadata.json
S6804,,,,,,java,,,Unknown,,rule.adoc,/Users/brywoodruff/Projects/Vibe/rspec/rules/S6804/metadata.json
S6806,,,,,,java,,,Unknown,,rule.adoc,/Users/brywoodruff/Projects/Vibe/rspec/rules/S6806/metadata.json
S6809,,,,,,java,,,Unknown,,rule.adoc,/Users/brywoodruff/Projects/Vibe/rspec/rules/S6809/metadata.json
S6810,,,,,,java,,,Unknown,,rule.adoc,/Users/brywoodruff/Projects/Vibe/rspec/rules/S6810/metadata.json
S6813,,,,,,java,,,Unknown,,rule.adoc,/Users/brywoodruff/Projects/Vibe/rspec/rules/S6813/metadata.json
S6814,,,,,,java,,,Unknown,,rule.adoc,/Users/brywoodruff/Projects/Vibe/rspec/rules/S6814/metadata.json
S6816,,,,,,java,,,Unknown,,rule.adoc,/Users/brywoodruff/Projects/Vibe/rspec/rules/S6816/metadata.json
S6817,,,,,,java,,,Unknown,,rule.adoc,/Users/brywoodruff/Projects/Vibe/rspec/rules/S6817/metadata.json
S6818,,,,,,java,,,Unknown,,rule.adoc,/Users/brywoodruff/Projects/Vibe/rspec/rules/S6818/metadata.json
S6826,,,,,,java,,,Unknown,,asciidocs.adoc;lorem.adoc;rule.adoc,/Users/brywoodruff/Projects/Vibe/rspec/rules/S6826/metadata.json
S6829,,,,,,java,,,Unknown,,rule.adoc,/Users/brywoodruff/Projects/Vibe/rspec/rules/S6829/metadata.json
S6830,,,,,,java,,,Unknown,,rule.adoc,/Users/brywoodruff/Projects/Vibe/rspec/rules/S6830/metadata.json
S6831,,,,,,java,,,Unknown,,rule.adoc,/Users/brywoodruff/Projects/Vibe/rspec/rules/S6831/metadata.json
S6832,,,,,,java,,,Unknown,,rule.adoc,/Users/brywoodruff/Projects/Vibe/rspec/rules/S6832/metadata.json
S6833,,,,,,java,,,Unknown,,rule.adoc,/Users/brywoodruff/Projects/Vibe/rspec/rules/S6833/metadata.json
S6837,,,,,,java,,,Unknown,,rule.adoc,/Users/brywoodruff/Projects/Vibe/rspec/rules/S6837/metadata.json
S6838,,,,,,java,,,Unknown,,rule.adoc,/Users/brywoodruff/Projects/Vibe/rspec/rules/S6838/metadata.json
S6856,,,,,,java,,,Unknown,,rule.adoc,/Users/brywoodruff/Projects/Vibe/rspec/rules/S6856/metadata.json
S6857,,,,,,java,,,Unknown,,rule.adoc,/Users/brywoodruff/Projects/Vibe/rspec/rules/S6857/metadata.json
S6862,,,,,,java,,,Unknown,,rule.adoc,/Users/brywoodruff/Projects/Vibe/rspec/rules/S6862/metadata.json
S6863,,,,,,java,,,Unknown,,rule.adoc,/Users/brywoodruff/Projects/Vibe/rspec/rules/S6863/metadata.json
S6875,,,,,,java,,,Unknown,,rule.adoc,/Users/brywoodruff/Projects/Vibe/rspec/rules/S6875/metadata.json
S6876,,,,,,java,,,Unknown,,rule.adoc,/Users/brywoodruff/Projects/Vibe/rspec/rules/S6876/metadata.json
S6877,,,,,,java,,,Unknown,,rule.adoc,/Users/brywoodruff/Projects/Vibe/rspec/rules/S6877/metadata.json
S6878,,,,,,java,,,Unknown,,rule.adoc,/Users/brywoodruff/Projects/Vibe/rspec/rules/S6878/metadata.json
S6879,,,,,,java,,,Unknown,,rule.adoc,/Users/brywoodruff/Projects/Vibe/rspec/rules/S6879/metadata.json
S6880,,,,,,java,,,Unknown,,rule.adoc,/Users/brywoodruff/Projects/Vibe/rspec/rules/S6880/metadata.json
S6881,,,,,,java,,,Unknown,,rule.adoc,/Users/brywoodruff/Projects/Vibe/rspec/rules/S6881/metadata.json
S6885,,,,,,java,,,Unknown,,rule.adoc,/Users/brywoodruff/Projects/Vibe/rspec/rules/S6885/metadata.json
S6888,,,,,,java,,,Unknown,,rule.adoc,/Users/brywoodruff/Projects/Vibe/rspec/rules/S6888/metadata.json
S6889,,,,,,java,,,Unknown,,rule.adoc,/Users/brywoodruff/Projects/Vibe/rspec/rules/S6889/metadata.json
S6891,,,,,,java,,,Unknown,,rule.adoc,/Users/brywoodruff/Projects/Vibe/rspec/rules/S6891/metadata.json
S6896,,,,,,java,,,Unknown,,rule.adoc,/Users/brywoodruff/Projects/Vibe/rspec/rules/S6896/metadata.json
S6898,,,,,,java,,,Unknown,,rule.adoc,/Users/brywoodruff/Projects/Vibe/rspec/rules/S6898/metadata.json
S6901,,,,,,java,,,Unknown,,rule.adoc,/Users/brywoodruff/Projects/Vibe/rspec/rules/S6901/metadata.json
S6902,,,,,,java,,,Unknown,,rule.adoc,/Users/brywoodruff/Projects/Vibe/rspec/rules/S6902/metadata.json
S6904,,,,,,java,,,Unknown,,rule.adoc,/Users/brywoodruff/Projects/Vibe/rspec/rules/S6904/metadata.json
S6905,,,,,,java,,,Unknown,,rule.adoc,/Users/brywoodruff/Projects/Vibe/rspec/rules/S6905/metadata.json
S6906,,,,,,java,,,Unknown,,rule.adoc,/Users/brywoodruff/Projects/Vibe/rspec/rules/S6906/metadata.json
S6909,,,,,,java,,,Unknown,,rule.adoc,/Users/brywoodruff/Projects/Vibe/rspec/rules/S6909/metadata.json
S6912,,,,,,java,,,Unknown,,rule.adoc,/Users/brywoodruff/Projects/Vibe/rspec/rules/S6912/metadata.json
S6913,"""Math.clamp"" should be used with correct ranges",BUG,Major,ready,Main,rust;java,java21,RELIABILITY:MEDIUM,Constant/Issue: 5min,Sonar way,rule.adoc,/Users/brywoodruff/Projects/Vibe/rspec/rules/S6913/metadata.json
S6914,,,,,,java,,,Unknown,,rule.adoc,/Users/brywoodruff/Projects/Vibe/rspec/rules/S6914/metadata.json
S6915,,,,,,java,,,Unknown,,rule.adoc,/Users/brywoodruff/Projects/Vibe/rspec/rules/S6915/metadata.json
S6916,,,,,,java,,,Unknown,,rule.adoc,/Users/brywoodruff/Projects/Vibe/rspec/rules/S6916/metadata.json
S6923,,,,,,java,,,Unknown,,rule.adoc,/Users/brywoodruff/Projects/Vibe/rspec/rules/S6923/metadata.json
S6926,,,,,,java,,,Unknown,,rule.adoc,/Users/brywoodruff/Projects/Vibe/rspec/rules/S6926/metadata.json
S6976,,,,,,java,,,Unknown,,rule.adoc,/Users/brywoodruff/Projects/Vibe/rspec/rules/S6976/metadata.json
S7027,,,,,,java,,,Unknown,,rule.adoc,/Users/brywoodruff/Projects/Vibe/rspec/rules/S7027/metadata.json
S7044,Server-side requests should not be vulnerable to traversing attacks,VULNERABILITY,Major,ready,Main,python;java;vbnet;kotlin;php;common;csharp;javascript,cwe,SECURITY:MEDIUM,Constant/Issue: 30min,Sonar way,rule.adoc,/Users/brywoodruff/Projects/Vibe/rspec/rules/S7044/metadata.json
S7091,,,,,,java,,,Unknown,,rule.adoc,/Users/brywoodruff/Projects/Vibe/rspec/rules/S7091/metadata.json
S7134,Architectural constraints should not be violated,CODE_SMELL,Critical,deprecated,All,java;javascript,,MAINTAINABILITY:HIGH,Constant/Issue: 0min,,rule.adoc,/Users/brywoodruff/Projects/Vibe/rspec/rules/S7134/metadata.json
S7158,,,,,,java,,,Unknown,,rule.adoc,/Users/brywoodruff/Projects/Vibe/rspec/rules/S7158/metadata.json
S7177,,,,,,java,,,Unknown,,rule.adoc,/Users/brywoodruff/Projects/Vibe/rspec/rules/S7177/metadata.json
S7178,,,,,,java,,,Unknown,,rule.adoc,/Users/brywoodruff/Projects/Vibe/rspec/rules/S7178/metadata.json
S7179,,,,,,java,,,Unknown,,rule.adoc,/Users/brywoodruff/Projects/Vibe/rspec/rules/S7179/metadata.json
S7180,,,,,,java,,,Unknown,,rule.adoc,/Users/brywoodruff/Projects/Vibe/rspec/rules/S7180/metadata.json
S7183,,,,,,java,,,Unknown,,rule.adoc,/Users/brywoodruff/Projects/Vibe/rspec/rules/S7183/metadata.json
S7184,,,,,,java,,,Unknown,,rule.adoc,/Users/brywoodruff/Projects/Vibe/rspec/rules/S7184/metadata.json
S7185,,,,,,java,,,Unknown,,rule.adoc,/Users/brywoodruff/Projects/Vibe/rspec/rules/S7185/metadata.json
S7186,,,,,,java,,,Unknown,,rule.adoc,/Users/brywoodruff/Projects/Vibe/rspec/rules/S7186/metadata.json
S7190,,,,,,java,,,Unknown,,rule.adoc,/Users/brywoodruff/Projects/Vibe/rspec/rules/S7190/metadata.json
S7198,,,,,,java,,,Unknown,,rule.adoc,/Users/brywoodruff/Projects/Vibe/rspec/rules/S7198/metadata.json
S7409,Exposing native code through JavaScript interfaces is security-sensitive,SECURITY_HOTSPOT,Major,ready,All,dart;java;kotlin,cwe;android,SECURITY:MEDIUM,Constant/Issue: 30min,Sonar way,rule.adoc,/Users/brywoodruff/Projects/Vibe/rspec/rules/S7409/metadata.json
S7435,Processing persistent unique identifiers is security-sensitive,SECURITY_HOTSPOT,Minor,ready,All,dart;java;kotlin;swift,android,SECURITY:LOW,Constant/Issue: 5min,Sonar way,rule.adoc,/Users/brywoodruff/Projects/Vibe/rspec/rules/S7435/metadata.json
S7465,,,,,,java,,,Unknown,,rule.adoc,/Users/brywoodruff/Projects/Vibe/rspec/rules/S7465/metadata.json
S7466,,,,,,java,,,Unknown,,rule.adoc,/Users/brywoodruff/Projects/Vibe/rspec/rules/S7466/metadata.json
S7467,,,,,,java,,,Unknown,,rule.adoc,/Users/brywoodruff/Projects/Vibe/rspec/rules/S7467/metadata.json
S7474,,,,,,java,,,Unknown,,rule.adoc,/Users/brywoodruff/Projects/Vibe/rspec/rules/S7474/metadata.json
S7475,,,,,,java,,,Unknown,,rule.adoc,/Users/brywoodruff/Projects/Vibe/rspec/rules/S7475/metadata.json
S7476,,,,,,java,,,Unknown,,rule.adoc,/Users/brywoodruff/Projects/Vibe/rspec/rules/S7476/metadata.json
S7477,,,,,,java,,,Unknown,,rule.adoc,/Users/brywoodruff/Projects/Vibe/rspec/rules/S7477/metadata.json
S7478,,,,,,java,,,Unknown,,rule.adoc,/Users/brywoodruff/Projects/Vibe/rspec/rules/S7478/metadata.json
S7479,,,,,,java,,,Unknown,,rule.adoc,/Users/brywoodruff/Projects/Vibe/rspec/rules/S7479/metadata.json
S7481,,,,,,java,,,Unknown,,rule.adoc,/Users/brywoodruff/Projects/Vibe/rspec/rules/S7481/metadata.json
S7482,,,,,,java,,,Unknown,,rule.adoc,/Users/brywoodruff/Projects/Vibe/rspec/rules/S7482/metadata.json
S7518,Privileged prompts should not be vulnerable to injection attacks,VULNERABILITY,Minor,beta,Main,python;java;common,,SECURITY:LOW,Constant/Issue: 30min,Sonar way,rule.adoc,/Users/brywoodruff/Projects/Vibe/rspec/rules/S7518/metadata.json
S7606,WebViews should not be vulnerable to cross-app scripting attacks,VULNERABILITY,Blocker,ready,Main,java;kotlin;common,cwe,SECURITY:BLOCKER,Constant/Issue: 30min,Sonar way,rule.adoc,/Users/brywoodruff/Projects/Vibe/rspec/rules/S7606/metadata.json
S7607,,,,,,java,,,Unknown,,rule.adoc,/Users/brywoodruff/Projects/Vibe/rspec/rules/S7607/metadata.json
S7610,Sensitive information should not be logged in production builds,VULNERABILITY,Major,ready,All,java;kotlin;common,,SECURITY:LOW,Constant/Issue: 15min,Sonar way,rule.adoc,/Users/brywoodruff/Projects/Vibe/rspec/rules/S7610/metadata.json
S7611,,,,,,java,,,Unknown,,rule.adoc,/Users/brywoodruff/Projects/Vibe/rspec/rules/S7611/metadata.json
S7629,,,,,,java,,,Unknown,,rule.adoc,/Users/brywoodruff/Projects/Vibe/rspec/rules/S7629/metadata.json
S7788,,,,,,python;java;csharp;javascript,,,Unknown,,rule.adoc,/Users/brywoodruff/Projects/Vibe/rspec/rules/S7788/metadata.json
S7789,,,,,,python;java;csharp;javascript,,,Unknown,,rule.adoc,/Users/brywoodruff/Projects/Vibe/rspec/rules/S7789/metadata.json
S800,Identifiers should be typographically unambiguous,CODE_SMELL,Critical,closed,Main,python;rpg;vb6;java;vbnet;abap;php;pli;csharp;plsql;javascript;cobol;flex;cfamily,pitfall,MAINTAINABILITY:HIGH,Constant/Issue: 5min,,rule.adoc,/Users/brywoodruff/Projects/Vibe/rspec/rules/S800/metadata.json
S8134,FIXME,CODE_SMELL,Major,ready,All,python;java;csharp;javascript,,MAINTAINABILITY:HIGH;RELIABILITY:MEDIUM;SECURITY:LOW,Constant/Issue: 5min,Sonar way,rule.adoc,/Users/brywoodruff/Projects/Vibe/rspec/rules/S8134/metadata.json
S815,,,,,,java,,,Unknown,,rule.adoc,/Users/brywoodruff/Projects/Vibe/rspec/rules/S815/metadata.json
S818,Literal suffixes should be upper case,CODE_SMELL,Minor,ready,All,java;csharp;cfamily,convention;pitfall,MAINTAINABILITY:LOW,Constant/Issue: 2min,Sonar way,rule.adoc,/Users/brywoodruff/Projects/Vibe/rspec/rules/S818/metadata.json
S8346,,,,,,java,,,Unknown,,rule.adoc,/Users/brywoodruff/Projects/Vibe/rspec/rules/S8346/metadata.json
S864,Limited dependence should be placed on operator precedence,CODE_SMELL,Major,ready,All,java;cobol;cfamily,cwe,MAINTAINABILITY:MEDIUM,Constant/Issue: 2min,,rule.adoc,/Users/brywoodruff/Projects/Vibe/rspec/rules/S864/metadata.json
S881,Increment (++) and decrement (--) operators should not be used in a method call or mixed with other operators in an expression,CODE_SMELL,Major,ready,All,java;php;swift;csharp;javascript;cfamily,,MAINTAINABILITY:MEDIUM,Constant/Issue: 5min,,rule.adoc,/Users/brywoodruff/Projects/Vibe/rspec/rules/S881/metadata.json
S888,"Equality operators should not be used in ""for"" loop termination conditions",CODE_SMELL,Critical,ready,All,java;javascript,cwe;suspicious,MAINTAINABILITY:HIGH,Constant/Issue: 2min,,rule.adoc,/Users/brywoodruff/Projects/Vibe/rspec/rules/S888/metadata.json
S899,Return values should not be ignored when they contain the operation status code,BUG,Minor,ready,Main,java;kotlin,cwe;error-handling,RELIABILITY:LOW,Constant/Issue: 15min,Sonar way,rule.adoc,/Users/brywoodruff/Projects/Vibe/rspec/rules/S899/metadata.json
S901,Dead code should be removed,CODE_SMELL,Minor,closed,Main,java;cfamily,misra;unused;cert,,Constant/Issue: 10min,,rule.adoc,/Users/brywoodruff/Projects/Vibe/rspec/rules/S901/metadata.json
S903,Parameters of non-virtual functions should be used (MISRA C++ 0-1-11),CODE_SMELL,Major,closed,Main,java;csharp;javascript;cfamily,,,Linear,,rule.adoc,/Users/brywoodruff/Projects/Vibe/rspec/rules/S903/metadata.json
S923,Functions should not be defined with a variable number of arguments,CODE_SMELL,Critical,ready,All,java;cfamily,pitfall;cert,MAINTAINABILITY:HIGH,Constant/Issue: 30min,Sonar way,rule.adoc,/Users/brywoodruff/Projects/Vibe/rspec/rules/S923/metadata.json
S979,"The names of standard library macros, objects and functions should not be reused",CODE_SMELL,Critical,ready,Main,java,pitfall;cert,MAINTAINABILITY:HIGH,Constant/Issue: 10min,,rule.adoc,/Users/brywoodruff/Projects/Vibe/rspec/rules/S979/metadata.json
