rule_id,title,type,severity,status,scope,languages,tags,impacts,remediation_cost,default_quality_profiles,language_specific_docs,metadata_path
S100,Function names should comply with a naming convention,CODE_SMELL,Minor,ready,All,apex;go;jcl;python;shell;rpg;java;abap;kotlin;php;scala;swift;csharp;javascript;flex;ruby;cfamily,convention,MAINTAINABILITY:LOW,Constant/Issue: 5min,Sonar way,rule.adoc,/Users/brywoodruff/Projects/Vibe/rspec/rules/S100/metadata.json
S1006,"Parameters in an overriding virtual function shall either use the same default arguments as the function they override, or else shall not specify any default arguments",CODE_SMELL,Critical,ready,All,csharp;cfamily,pitfall,MAINTAINABILITY:HIGH,Constant/Issue: 10min,,rule.adoc,/Users/brywoodruff/Projects/Vibe/rspec/rules/S1006/metadata.json
S101,Class names should comply with a naming convention,CODE_SMELL,Minor,ready,All,apex;go;python;dart;java;vbnet;abap;kotlin;php;scala;swift;csharp;javascript;flex;ruby;cfamily,convention,MAINTAINABILITY:LOW,Constant/Issue: 5min,Sonar way,rule.adoc,/Users/brywoodruff/Projects/Vibe/rspec/rules/S101/metadata.json
S103,Lines should not be too long,CODE_SMELL,Major,ready,All,apex;go;python;tsql;vb6;java;html;vbnet;abap;kotlin;php;xml;pli;scala;swift;csharp;plsql;javascript;flex;ruby;cfamily,convention,MAINTAINABILITY:MEDIUM,Constant/Issue: 1min,,rule.adoc,/Users/brywoodruff/Projects/Vibe/rspec/rules/S103/metadata.json
S104,Files should not have too many lines of code,CODE_SMELL,Major,ready,All,apex;go;python;rpg;tsql;vb6;java;html;vbnet;abap;kotlin;php;scala;swift;csharp;plsql;javascript;ruby;cfamily,brain-overload,MAINTAINABILITY:MEDIUM,Constant/Issue: 1h,,rule.adoc,/Users/brywoodruff/Projects/Vibe/rspec/rules/S104/metadata.json
S1048,Destructors should not throw exceptions,BUG,Critical,ready,Main,vbnet;csharp;cfamily,,RELIABILITY:HIGH,Constant/Issue: 30min,Sonar way,compliant-code.adoc;noncompliant-code.adoc;rule.adoc,/Users/brywoodruff/Projects/Vibe/rspec/rules/S1048/metadata.json
S105,Tabulation characters should not be used,CODE_SMELL,Minor,ready,All,apex;tsql;vb6;java;html;vbnet;abap;kotlin;php;xml;scala;swift;csharp;javascript;cobol;ruby;cfamily,convention,MAINTAINABILITY:LOW,Constant/Issue: 2min,,rule.adoc,/Users/brywoodruff/Projects/Vibe/rspec/rules/S105/metadata.json
S106,Standard outputs should not be used directly to log anything,CODE_SMELL,Major,ready,Main,dart;rust;java;csharp;javascript;cfamily,bad-practice,MAINTAINABILITY:MEDIUM,Constant/Issue: 10min,Sonar way,rule.adoc,/Users/brywoodruff/Projects/Vibe/rspec/rules/S106/metadata.json
S1066,"Mergeable ""if"" statements should be combined",CODE_SMELL,Major,ready,All,apex;go;python;shell;tsql;vb6;java;vbnet;abap;kotlin;php;scala;swift;csharp;plsql;javascript;cobol;flex;ruby;cfamily,clumsy,MAINTAINABILITY:MEDIUM,Constant/Issue: 5min,Sonar way,rule.adoc,/Users/brywoodruff/Projects/Vibe/rspec/rules/S1066/metadata.json
S1067,Expressions should not be too complex,CODE_SMELL,Critical,ready,All,apex;go;rpg;tsql;vb6;java;vbnet;abap;kotlin;php;scala;swift;csharp;javascript;cobol;ruby;cfamily,brain-overload,MAINTAINABILITY:HIGH,Linear with offset,,rule.adoc,/Users/brywoodruff/Projects/Vibe/rspec/rules/S1067/metadata.json
S107,Functions should not have too many parameters,CODE_SMELL,Major,ready,All,apex;go;python;dart;rust;tsql;vb6;java;vbnet;kotlin;php;pli;scala;swift;csharp;plsql;javascript;flex;ruby;cfamily,brain-overload,MAINTAINABILITY:MEDIUM,Constant/Issue: 20min,Sonar way,noncompliant.adoc;rule.adoc;split-example.adoc;struct-example.adoc,/Users/brywoodruff/Projects/Vibe/rspec/rules/S107/metadata.json
S1075,URIs should not be hardcoded,CODE_SMELL,Minor,ready,Main,go;java;vbnet;php;swift;csharp,,MAINTAINABILITY:LOW,Constant/Issue: 20min,Sonar way,rule.adoc,/Users/brywoodruff/Projects/Vibe/rspec/rules/S1075/metadata.json
S108,Nested blocks of code should not be left empty,CODE_SMELL,Major,ready,All,apex;go;python;rpg;vb6;java;vbnet;abap;kotlin;php;scala;swift;csharp;javascript;flex;ruby;cfamily,suspicious,MAINTAINABILITY:MEDIUM,Constant/Issue: 5min,Sonar way,rule.adoc,/Users/brywoodruff/Projects/Vibe/rspec/rules/S108/metadata.json
S109,Magic numbers should not be used,CODE_SMELL,Major,ready,Main,vb6;java;abap;csharp;plsql;javascript;cobol;cfamily,brain-overload,MAINTAINABILITY:MEDIUM,Constant/Issue: 5min,,rule.adoc,/Users/brywoodruff/Projects/Vibe/rspec/rules/S109/metadata.json
S110,Inheritance tree of classes should not be too deep,CODE_SMELL,Major,ready,All,java;php;csharp;cfamily,,MAINTAINABILITY:MEDIUM,Linear with offset,Sonar way,rule.adoc,/Users/brywoodruff/Projects/Vibe/rspec/rules/S110/metadata.json
S1104,Class variable fields should not have public accessibility,CODE_SMELL,Minor,ready,Main,java;csharp,cwe,MAINTAINABILITY:LOW,Constant/Issue: 10min,Sonar way,rule.adoc,/Users/brywoodruff/Projects/Vibe/rspec/rules/S1104/metadata.json
S1109,A close curly brace should be located at the beginning of a line,CODE_SMELL,Minor,ready,All,java;php;swift;csharp,convention,MAINTAINABILITY:LOW,Constant/Issue: 1min,,rule.adoc,/Users/brywoodruff/Projects/Vibe/rspec/rules/S1109/metadata.json
S1110,Redundant pairs of parentheses should be removed,CODE_SMELL,Major,ready,All,apex;go;python;tsql;java;vbnet;abap;kotlin;php;scala;swift;csharp;plsql;javascript;cobol;ruby;cfamily,confusing,MAINTAINABILITY:MEDIUM,Constant/Issue: 1min,Sonar way,rule.adoc,/Users/brywoodruff/Projects/Vibe/rspec/rules/S1110/metadata.json
S1116,Empty statements should be removed,CODE_SMELL,Minor,ready,All,go;css;dart;rust;tsql;vb6;java;php;csharp;javascript;flex;cfamily,unused,MAINTAINABILITY:LOW,Constant/Issue: 2min,Sonar way,rule.adoc,/Users/brywoodruff/Projects/Vibe/rspec/rules/S1116/metadata.json
S1117,,CODE_SMELL,Major,ready,All,java;php;swift;csharp;plsql;javascript;flex;cfamily,suspicious;pitfall,MAINTAINABILITY:MEDIUM,Constant/Issue: 5min,Sonar way,rule.adoc,/Users/brywoodruff/Projects/Vibe/rspec/rules/S1117/metadata.json
S1118,Utility classes should not have public constructors,CODE_SMELL,Major,ready,All,dart;java;csharp,design,MAINTAINABILITY:MEDIUM,Constant/Issue: 5min,Sonar way,rule.adoc,/Users/brywoodruff/Projects/Vibe/rspec/rules/S1118/metadata.json
S112,Generic exceptions should never be thrown,CODE_SMELL,Major,ready,Main,python;java;vbnet;php;csharp;cfamily,cwe;error-handling,MAINTAINABILITY:MEDIUM,Constant/Issue: 20min,Sonar way,rule.adoc,/Users/brywoodruff/Projects/Vibe/rspec/rules/S112/metadata.json
S1121,Assignments should not be made from within sub-expressions,CODE_SMELL,Major,ready,All,java;php;csharp;javascript;cfamily,cwe;suspicious,MAINTAINABILITY:MEDIUM,Constant/Issue: 5min,Sonar way,rule.adoc,/Users/brywoodruff/Projects/Vibe/rspec/rules/S1121/metadata.json
S1123,Deprecated elements should have both the annotation and the Javadoc tag,CODE_SMELL,Major,ready,All,dart;java;vbnet;csharp;cfamily,obsolete;bad-practice,MAINTAINABILITY:MEDIUM,Constant/Issue: 5min,Sonar way,rule.adoc,/Users/brywoodruff/Projects/Vibe/rspec/rules/S1123/metadata.json
S1125,Boolean literals should not be redundant,CODE_SMELL,Minor,ready,All,apex;go;vb6;java;vbnet;kotlin;php;scala;swift;csharp;plsql;javascript;flex,clumsy,MAINTAINABILITY:LOW,Constant/Issue: 5min,Sonar way,rule.adoc,/Users/brywoodruff/Projects/Vibe/rspec/rules/S1125/metadata.json
S1128,Unnecessary imports should be removed,CODE_SMELL,Minor,ready,All,python;css;dart;java;kotlin;csharp;javascript,unused,MAINTAINABILITY:LOW,Constant/Issue: 1min,Sonar way,rule.adoc,/Users/brywoodruff/Projects/Vibe/rspec/rules/S1128/metadata.json
S113,Files should end with a newline,CODE_SMELL,Minor,ready,All,python;dart;java;php;swift;csharp;javascript;cfamily,convention,MAINTAINABILITY:LOW,Constant/Issue: 1min,,rule.adoc,/Users/brywoodruff/Projects/Vibe/rspec/rules/S113/metadata.json
S1133,Deprecated code should be removed,CODE_SMELL,Info,ready,All,dart;java;vbnet;kotlin;swift;csharp;cfamily,obsolete,MAINTAINABILITY:INFO,Constant/Issue: 10min,Sonar way,rule.adoc,/Users/brywoodruff/Projects/Vibe/rspec/rules/S1133/metadata.json
S1134,"Track uses of ""FIXME"" tags",CODE_SMELL,Major,ready,All,apex;go;python;dart;tsql;vb6;java;html;vbnet;kotlin;php;xml;scala;swift;csharp;plsql;javascript;cobol;ruby;cfamily,cwe,MAINTAINABILITY:MEDIUM,Constant/Issue: 0min,Sonar way,non-compliant-example.adoc;rule.adoc,/Users/brywoodruff/Projects/Vibe/rspec/rules/S1134/metadata.json
S1135,"Track uses of ""TODO"" tags",CODE_SMELL,Info,ready,All,terraform;docker;apex;go;python;dart;shell;azureresourcemanager;tsql;vb6;java;html;vbnet;kotlin;php;xml;ansible;githubactions;scala;swift;csharp;plsql;javascript;kubernetes;cloudformation;cobol;ruby;cfamily,cwe,MAINTAINABILITY:INFO,Constant/Issue: 0min,Sonar way,rule.adoc,/Users/brywoodruff/Projects/Vibe/rspec/rules/S1135/metadata.json
S1144,"Unused ""private"" methods should be removed",CODE_SMELL,Major,ready,All,apex;python;java;kotlin;php;scala;swift;csharp;flex;cfamily,unused,MAINTAINABILITY:MEDIUM,Constant/Issue: 2min,Sonar way,rspecator.adoc;rule.adoc,/Users/brywoodruff/Projects/Vibe/rspec/rules/S1144/metadata.json
S1145,"Useless ""if(true) {...}"" and ""if(false){...}"" blocks should be removed",BUG,Major,superseded,All,apex;go;python;rpg;vb6;java;vbnet;abap;kotlin;php;pli;scala;swift;csharp;plsql;javascript;flex;ruby;cfamily,cwe,,Constant/Issue: 2min,,rule.adoc,/Users/brywoodruff/Projects/Vibe/rspec/rules/S1145/metadata.json
S1147,Exit methods should not be called,CODE_SMELL,Blocker,ready,Main,java;vbnet;pli;csharp,cwe;suspicious,MAINTAINABILITY:BLOCKER,Constant/Issue: 30min,,rule.adoc,/Users/brywoodruff/Projects/Vibe/rspec/rules/S1147/metadata.json
S1151,"""switch case"" clauses should not have too many lines of code",CODE_SMELL,Major,ready,Main,apex;go;shell;rpg;tsql;vb6;java;vbnet;abap;kotlin;php;scala;swift;csharp;plsql;flex;ruby;cfamily,brain-overload,MAINTAINABILITY:MEDIUM,Constant/Issue: 5min,,rule.adoc,/Users/brywoodruff/Projects/Vibe/rspec/rules/S1151/metadata.json
S1155,"""Collection.isEmpty()"" should be used to test for emptiness",CODE_SMELL,Minor,ready,All,dart;java;vbnet;php;swift;csharp;cfamily,clumsy,MAINTAINABILITY:LOW,Constant/Issue: 2min,Sonar way,rule.adoc,/Users/brywoodruff/Projects/Vibe/rspec/rules/S1155/metadata.json
S116,Field names should comply with a naming convention,CODE_SMELL,Minor,ready,All,python;java;php;swift;csharp;flex;cfamily,convention,MAINTAINABILITY:LOW,Constant/Issue: 2min,Sonar way,rule.adoc,/Users/brywoodruff/Projects/Vibe/rspec/rules/S116/metadata.json
S1163,Exceptions should not be thrown in finally blocks,CODE_SMELL,Critical,ready,Main,java;vbnet;csharp;cfamily,error-handling;suspicious,MAINTAINABILITY:HIGH,Constant/Issue: 30min,Sonar way,rule.adoc,/Users/brywoodruff/Projects/Vibe/rspec/rules/S1163/metadata.json
S1164,Exceptions should not be caught and immediately rethrown,CODE_SMELL,Major,closed,Main,java;csharp,,,Constant/Issue: 2min,Sonar way,rule.adoc,/Users/brywoodruff/Projects/Vibe/rspec/rules/S1164/metadata.json
S1168,Empty arrays and collections should be returned instead of null,CODE_SMELL,Major,ready,Main,java;csharp,,MAINTAINABILITY:MEDIUM,Constant/Issue: 30min,Sonar way,rule.adoc,/Users/brywoodruff/Projects/Vibe/rspec/rules/S1168/metadata.json
S1172,Unused function parameters should be removed,CODE_SMELL,Major,ready,All,apex;go;jcl;python;tsql;java;vbnet;kotlin;php;scala;swift;csharp;plsql;javascript;flex;ruby;cfamily,unused,MAINTAINABILITY:MEDIUM,Constant/Issue: 5min,Sonar way,rule.adoc,/Users/brywoodruff/Projects/Vibe/rspec/rules/S1172/metadata.json
S1185,Overriding methods should do more than simply call the same method in the super class ,CODE_SMELL,Minor,ready,All,dart;java;php;csharp;flex;cfamily,redundant;clumsy,MAINTAINABILITY:LOW,Constant/Issue: 2min,Sonar way,rule.adoc,/Users/brywoodruff/Projects/Vibe/rspec/rules/S1185/metadata.json
S1186,Methods should not be empty,CODE_SMELL,Critical,ready,All,apex;go;jcl;python;vb6;java;vbnet;kotlin;php;scala;swift;csharp;javascript;flex;ruby;cfamily,suspicious,MAINTAINABILITY:HIGH,Constant/Issue: 5min,Sonar way,rule.adoc,/Users/brywoodruff/Projects/Vibe/rspec/rules/S1186/metadata.json
S1188,Anonymous classes should not have too many lines,CODE_SMELL,Major,ready,Main,java;swift;csharp;cfamily,,MAINTAINABILITY:MEDIUM,Constant/Issue: 20min,,rule.adoc,/Users/brywoodruff/Projects/Vibe/rspec/rules/S1188/metadata.json
S1192,String literals should not be duplicated,CODE_SMELL,Critical,ready,Main,apex;go;python;dart;shell;azureresourcemanager;rpg;tsql;java;vbnet;abap;kotlin;php;scala;swift;csharp;plsql;javascript;cobol;ruby,design,MAINTAINABILITY:HIGH,Linear with offset,Sonar way,rule.adoc,/Users/brywoodruff/Projects/Vibe/rspec/rules/S1192/metadata.json
S1199,Nested code blocks should not be used,CODE_SMELL,Minor,ready,All,java;csharp;javascript;cfamily,bad-practice,MAINTAINABILITY:LOW,Constant/Issue: 10min,Sonar way,rule.adoc,/Users/brywoodruff/Projects/Vibe/rspec/rules/S1199/metadata.json
S1200,Classes should not be coupled to too many other classes,CODE_SMELL,Major,ready,Main,java;vbnet;php;csharp,brain-overload,MAINTAINABILITY:MEDIUM,Constant/Issue: 2h,,rule.adoc,/Users/brywoodruff/Projects/Vibe/rspec/rules/S1200/metadata.json
S1206,"""equals(Object obj)"" and ""hashCode()"" should be overridden in pairs",BUG,Minor,ready,Main,dart;java;kotlin;csharp,cwe,RELIABILITY:LOW,Constant/Issue: 15min,Sonar way,rule.adoc,/Users/brywoodruff/Projects/Vibe/rspec/rules/S1206/metadata.json
S121,Control structures should use curly braces,CODE_SMELL,Critical,ready,All,dart;tsql;java;kotlin;php;common;pli;csharp;javascript;cfamily,pitfall,MAINTAINABILITY:HIGH,Constant/Issue: 2min,,compliant.adoc;noncompliant.adoc;rule.adoc,/Users/brywoodruff/Projects/Vibe/rspec/rules/S121/metadata.json
S1210,"""equals(Object obj)"" should be overridden along with the ""compareTo(T obj)"" method",CODE_SMELL,Minor,ready,Main,java;csharp,,MAINTAINABILITY:LOW,Constant/Issue: 15min,Sonar way,rule.adoc,/Users/brywoodruff/Projects/Vibe/rspec/rules/S1210/metadata.json
S1215,Execution of the Garbage Collector should be triggered only by the JVM,CODE_SMELL,Critical,ready,All,java;csharp,unpredictable;bad-practice,MAINTAINABILITY:HIGH,Constant/Issue: 30min,Sonar way,rspecator.adoc;rule.adoc,/Users/brywoodruff/Projects/Vibe/rspec/rules/S1215/metadata.json
S122,Statements should be on separate lines,CODE_SMELL,Major,ready,All,apex;go;python;tsql;vb6;java;vbnet;abap;kotlin;php;common;pli;scala;swift;csharp;plsql;javascript;cobol;flex;ruby;cfamily,convention,MAINTAINABILITY:MEDIUM,Constant/Issue: 1min,,compliant.adoc;noncompliant.adoc;rule.adoc,/Users/brywoodruff/Projects/Vibe/rspec/rules/S122/metadata.json
S1224,Field names should not match any method names,CODE_SMELL,Major,closed,Main,java;vbnet;csharp;flex;cfamily,,,Linear,,rule.adoc,/Users/brywoodruff/Projects/Vibe/rspec/rules/S1224/metadata.json
S1226,"Method parameters, caught exceptions and foreach variables' initial values should not be ignored",BUG,Minor,ready,All,python;java;vbnet;php;csharp;javascript;cfamily,,RELIABILITY:LOW,Constant/Issue: 5min,Sonar way,rule.adoc,/Users/brywoodruff/Projects/Vibe/rspec/rules/S1226/metadata.json
S1227,break statements should not be used except for switch cases,CODE_SMELL,Minor,deprecated,All,csharp;cfamily,,MAINTAINABILITY:LOW,Constant/Issue: 10min,,rule.adoc,/Users/brywoodruff/Projects/Vibe/rspec/rules/S1227/metadata.json
S1244,Floating point numbers should not be tested for equality,BUG,Major,ready,All,python;java;swift;csharp;javascript;cfamily,,RELIABILITY:MEDIUM,Constant/Issue: 5min,,rule.adoc,/Users/brywoodruff/Projects/Vibe/rspec/rules/S1244/metadata.json
S125,Sections of code should not be commented out,CODE_SMELL,Major,ready,All,apex;python;css;rpg;tsql;java;html;abap;kotlin;php;xml;scala;swift;csharp;plsql;javascript;cobol;flex;cfamily,unused,MAINTAINABILITY:MEDIUM,Constant/Issue: 5min,Sonar way,rule.adoc,/Users/brywoodruff/Projects/Vibe/rspec/rules/S125/metadata.json
S126,"""if ... else if"" constructs should end with ""else"" clauses",CODE_SMELL,Critical,ready,All,apex;go;shell;rpg;rust;tsql;java;vbnet;abap;kotlin;php;scala;swift;csharp;plsql;javascript;ruby;cfamily,,MAINTAINABILITY:HIGH,Constant/Issue: 5min,,rule.adoc,/Users/brywoodruff/Projects/Vibe/rspec/rules/S126/metadata.json
S1264,"A ""while"" loop should be used instead of a ""for"" loop",CODE_SMELL,Minor,ready,All,java;php;csharp;javascript;cfamily,clumsy,MAINTAINABILITY:LOW,Constant/Issue: 5min,Sonar way,rule.adoc,/Users/brywoodruff/Projects/Vibe/rspec/rules/S1264/metadata.json
S127,"""for"" loop stop conditions should be invariant",CODE_SMELL,Major,ready,All,java;php;csharp;javascript;flex;cfamily,pitfall,MAINTAINABILITY:MEDIUM,Constant/Issue: 10min,Sonar way,rule.adoc,/Users/brywoodruff/Projects/Vibe/rspec/rules/S127/metadata.json
S1301,"""switch"" statements should have at least 3 ""case"" clauses",CODE_SMELL,Minor,ready,All,vb6;java;vbnet;abap;php;swift;csharp;javascript;flex;cfamily,bad-practice,MAINTAINABILITY:LOW,Constant/Issue: 5min,Sonar way,rule.adoc,/Users/brywoodruff/Projects/Vibe/rspec/rules/S1301/metadata.json
S1309,"Track uses of ""@SuppressWarnings"" annotations",CODE_SMELL,Info,ready,All,python;java;csharp,,MAINTAINABILITY:INFO,Constant/Issue: 10min,,rule.adoc,/Users/brywoodruff/Projects/Vibe/rspec/rules/S1309/metadata.json
S131,"""switch"" statements should have ""default"" clauses",CODE_SMELL,Critical,ready,All,apex;go;shell;tsql;vb6;java;vbnet;abap;kotlin;php;pli;scala;csharp;plsql;javascript;cobol;flex;ruby;cfamily,cwe,MAINTAINABILITY:HIGH,Constant/Issue: 5min,Sonar way,rule.adoc,/Users/brywoodruff/Projects/Vibe/rspec/rules/S131/metadata.json
S1312,"Loggers should be ""private static final"" and should share a naming convention",CODE_SMELL,Minor,ready,Main,java;csharp;flex,convention;logging,MAINTAINABILITY:LOW,Constant/Issue: 5min,,compliant.adoc;noncompliant.adoc;resources.adoc;rule.adoc,/Users/brywoodruff/Projects/Vibe/rspec/rules/S1312/metadata.json
S1313,Using hardcoded IP addresses is security-sensitive,SECURITY_HOTSPOT,Minor,ready,Main,apex;go;python;tsql;vb6;java;vbnet;abap;kotlin;php;scala;swift;csharp;javascript;ruby;cfamily,,SECURITY:LOW,Constant/Issue: 30min,Sonar way,rule.adoc,/Users/brywoodruff/Projects/Vibe/rspec/rules/S1313/metadata.json
S134,"Control flow statements ""if"", ""for"", ""while"", ""switch"" and ""try"" should not be nested too deeply",CODE_SMELL,Critical,ready,All,apex;go;python;rpg;tsql;java;vbnet;abap;kotlin;php;pli;scala;swift;csharp;plsql;javascript;cobol;flex;ruby;cfamily,brain-overload,MAINTAINABILITY:HIGH,Constant/Issue: 10min,,rule.adoc,/Users/brywoodruff/Projects/Vibe/rspec/rules/S134/metadata.json
S138,Functions should not have too many lines of code,CODE_SMELL,Major,ready,Main,apex;go;python;shell;rpg;tsql;vb6;java;vbnet;kotlin;php;scala;swift;csharp;javascript;flex;ruby;cfamily,brain-overload,MAINTAINABILITY:MEDIUM,Constant/Issue: 20min,,rule.adoc,/Users/brywoodruff/Projects/Vibe/rspec/rules/S138/metadata.json
S1444,"""public static"" fields should be constant",CODE_SMELL,Minor,ready,Main,java;csharp;javascript;flex,cwe,MAINTAINABILITY:LOW,Constant/Issue: 20min,Sonar way,rule.adoc,/Users/brywoodruff/Projects/Vibe/rspec/rules/S1444/metadata.json
S1449,String operations should not rely on the default system locale,CODE_SMELL,Minor,ready,Main,java;csharp,unpredictable,MAINTAINABILITY:LOW,Constant/Issue: 5min,,rule.adoc,/Users/brywoodruff/Projects/Vibe/rspec/rules/S1449/metadata.json
S1450,Private fields only used as local variables in methods should become local variables,CODE_SMELL,Minor,ready,Main,java;csharp,pitfall,MAINTAINABILITY:LOW,Constant/Issue: 5min,Sonar way,rule.adoc,/Users/brywoodruff/Projects/Vibe/rspec/rules/S1450/metadata.json
S1451,Track lack of copyright and license headers,CODE_SMELL,Blocker,ready,All,apex;go;python;rpg;tsql;java;html;vbnet;kotlin;php;scala;swift;csharp;plsql;javascript;cobol;flex;ruby;cfamily,convention,MAINTAINABILITY:BLOCKER,Constant/Issue: 5min,,rule.adoc,/Users/brywoodruff/Projects/Vibe/rspec/rules/S1451/metadata.json
S1477,Source files should not have any duplicated blocks,CODE_SMELL,Critical,closed,Main,python;rpg;vb6;java;vbnet;abap;php;pli;swift;csharp;plsql;javascript;cobol;flex;cfamily,pitfall,,Linear with offset,Sonar way,rule.adoc,/Users/brywoodruff/Projects/Vibe/rspec/rules/S1477/metadata.json
S1479,"""switch"" statements should not have too many ""case"" clauses",CODE_SMELL,Major,ready,All,apex;go;tsql;vb6;java;vbnet;kotlin;php;scala;swift;csharp;plsql;javascript;cobol;ruby;cfamily,brain-overload,MAINTAINABILITY:MEDIUM,Constant/Issue: 30min,Sonar way,rule.adoc,/Users/brywoodruff/Projects/Vibe/rspec/rules/S1479/metadata.json
S1481,Unused local variables should be removed,CODE_SMELL,Minor,ready,All,apex;python;dart;shell;azureresourcemanager;tsql;java;vbnet;abap;kotlin;php;scala;swift;csharp;plsql;javascript;flex;ruby;cfamily,unused,MAINTAINABILITY:LOW,Constant/Issue: 5min,Sonar way,rule.adoc,/Users/brywoodruff/Projects/Vibe/rspec/rules/S1481/metadata.json
S1482,Branches should have sufficient coverage by unit tests,CODE_SMELL,Critical,closed,Main,python;rpg;vb6;java;vbnet;abap;php;pli;swift;csharp;plsql;javascript;cobol;flex;cfamily,bad-practice,,Linear,,rule.adoc,/Users/brywoodruff/Projects/Vibe/rspec/rules/S1482/metadata.json
S1483,Lines should have sufficient coverage by unit tests,CODE_SMELL,Critical,closed,Main,python;rpg;vb6;java;vbnet;abap;php;pli;swift;csharp;plsql;javascript;cobol;flex;cfamily,bad-practice,,Linear,,rule.adoc,/Users/brywoodruff/Projects/Vibe/rspec/rules/S1483/metadata.json
S1484,Track instances of below-threshold comment line density,CODE_SMELL,Minor,closed,Main,python;rpg;tsql;vb6;java;html;vbnet;abap;php;xml;pli;swift;csharp;plsql;javascript;cobol;flex;cfamily,convention,,Linear,,rule.adoc,/Users/brywoodruff/Projects/Vibe/rspec/rules/S1484/metadata.json
S1488,Local variables should not be declared and then immediately returned or thrown,CODE_SMELL,Minor,ready,All,rust;java;php;csharp;javascript,clumsy,MAINTAINABILITY:LOW,Constant/Issue: 2min,Sonar way,rule.adoc,/Users/brywoodruff/Projects/Vibe/rspec/rules/S1488/metadata.json
S1523,Dynamically executing code is security-sensitive,SECURITY_HOTSPOT,Critical,ready,Main,python;tsql;java;vbnet;abap;php;swift;csharp;plsql;javascript,cwe,MAINTAINABILITY:LOW;SECURITY:HIGH,Constant/Issue: 30min,Sonar way,rule.adoc,/Users/brywoodruff/Projects/Vibe/rspec/rules/S1523/metadata.json
S1541,Cyclomatic Complexity of functions should not be too high,CODE_SMELL,Critical,ready,Main,python;dart;rpg;vb6;java;vbnet;abap;php;swift;csharp;plsql;javascript;flex;cfamily,brain-overload,MAINTAINABILITY:HIGH,Linear with offset,,rule.adoc,/Users/brywoodruff/Projects/Vibe/rspec/rules/S1541/metadata.json
S1606,Failed unit tests should be fixed,CODE_SMELL,Blocker,closed,Tests,python;rpg;vb6;java;vbnet;abap;php;pli;swift;csharp;plsql;javascript;cobol;flex;cfamily,tests,,Linear,,rule.adoc,/Users/brywoodruff/Projects/Vibe/rspec/rules/S1606/metadata.json
S1607,Tests should not be ignored,CODE_SMELL,Major,ready,Tests,python;java;php;csharp;javascript,tests;bad-practice;confusing,MAINTAINABILITY:MEDIUM,Constant/Issue: 10min,Sonar way,rule.adoc,/Users/brywoodruff/Projects/Vibe/rspec/rules/S1607/metadata.json
S1643,Strings should not be concatenated using '+' in a loop,CODE_SMELL,Minor,ready,Main,java;vbnet;csharp,performance,MAINTAINABILITY:LOW,Constant/Issue: 10min,Sonar way,rule.adoc,/Users/brywoodruff/Projects/Vibe/rspec/rules/S1643/metadata.json
S1656,Variables should not be self-assigned,BUG,Major,ready,All,apex;go;python;shell;rpg;rust;tsql;java;vbnet;abap;kotlin;php;scala;csharp;plsql;javascript;cobol;ruby;cfamily,,RELIABILITY:MEDIUM,Constant/Issue: 3min,Sonar way,rule.adoc,/Users/brywoodruff/Projects/Vibe/rspec/rules/S1656/metadata.json
S1659,Multiple variables should not be declared on the same line,CODE_SMELL,Minor,ready,All,go;tsql;vb6;java;vbnet;swift;csharp;cfamily,convention,MAINTAINABILITY:LOW,Constant/Issue: 2min,Sonar way,rule.adoc,/Users/brywoodruff/Projects/Vibe/rspec/rules/S1659/metadata.json
S1669,Keywords should not be used as variable names,CODE_SMELL,Blocker,ready,Main,abap;pli;csharp;cfamily,pitfall,MAINTAINABILITY:BLOCKER,Constant/Issue: 10min,Sonar way,rule.adoc,/Users/brywoodruff/Projects/Vibe/rspec/rules/S1669/metadata.json
S1677,Comment indentation should match code indentation,CODE_SMELL,Minor,closed,Main,python;vb6;java;html;vbnet;abap;php;xml;csharp;javascript;flex;cfamily,convention,,Constant/Issue: 5min,Sonar way,rule.adoc,/Users/brywoodruff/Projects/Vibe/rspec/rules/S1677/metadata.json
S1694,An abstract class should have both abstract and concrete methods,CODE_SMELL,Minor,ready,Main,java;csharp,convention,MAINTAINABILITY:LOW,Constant/Issue: 5min,,rule.adoc,/Users/brywoodruff/Projects/Vibe/rspec/rules/S1694/metadata.json
S1696,"""NullPointerException"" should not be caught",CODE_SMELL,Major,ready,Main,java;csharp,cwe;error-handling,MAINTAINABILITY:MEDIUM,Constant/Issue: 5min,Sonar way,rule.adoc,/Users/brywoodruff/Projects/Vibe/rspec/rules/S1696/metadata.json
S1697,Short-circuit logic should be used to prevent null pointer dereferences in conditionals,BUG,Major,superseded,All,java;php;csharp;javascript,,,Constant/Issue: 2min,,rule.adoc,/Users/brywoodruff/Projects/Vibe/rspec/rules/S1697/metadata.json
S1698,"""=="" and ""!="" should not be used when ""equals"" is overridden",CODE_SMELL,Minor,ready,Main,java;csharp,cwe;suspicious,MAINTAINABILITY:LOW,Constant/Issue: 2min,,rule.adoc,/Users/brywoodruff/Projects/Vibe/rspec/rules/S1698/metadata.json
S1699,Constructors should only call non-overridable methods,CODE_SMELL,Critical,ready,Main,java;csharp;cfamily,pitfall,MAINTAINABILITY:HIGH,Constant/Issue: 10min,,rule.adoc,/Users/brywoodruff/Projects/Vibe/rspec/rules/S1699/metadata.json
S1700,A field should not duplicate the name of its containing class,CODE_SMELL,Major,ready,All,python;java;vbnet;php;swift;csharp;cfamily,brain-overload,MAINTAINABILITY:MEDIUM,Constant/Issue: 10min,Sonar way,rule.adoc,/Users/brywoodruff/Projects/Vibe/rspec/rules/S1700/metadata.json
S1751,Loops with at most one iteration should be refactored,BUG,Major,ready,All,go;python;rust;tsql;java;vbnet;abap;php;swift;csharp;plsql;javascript;cfamily,confusing;bad-practice,RELIABILITY:MEDIUM,Constant/Issue: 5min,Sonar way,rule.adoc,/Users/brywoodruff/Projects/Vibe/rspec/rules/S1751/metadata.json
S1764,Identical expressions should not be used on both sides of a binary operator,BUG,Major,ready,All,apex;go;python;shell;rpg;rust;tsql;java;vbnet;abap;kotlin;php;scala;swift;csharp;plsql;javascript;cobol;ruby;cfamily,suspicious,RELIABILITY:MEDIUM,Constant/Issue: 2min,Sonar way,rule.adoc,/Users/brywoodruff/Projects/Vibe/rspec/rules/S1764/metadata.json
S1788,Method arguments with default values should be last,CODE_SMELL,Major,ready,Main,php;csharp;javascript,,MAINTAINABILITY:MEDIUM,Constant/Issue: 20min,Sonar way,rule.adoc,/Users/brywoodruff/Projects/Vibe/rspec/rules/S1788/metadata.json
S1821,"""switch"" statements should not be nested",CODE_SMELL,Critical,ready,All,apex;go;vb6;java;vbnet;kotlin;php;scala;swift;csharp;javascript;flex;ruby;cfamily,pitfall,MAINTAINABILITY:HIGH,Constant/Issue: 10min,,rule.adoc,/Users/brywoodruff/Projects/Vibe/rspec/rules/S1821/metadata.json
S1848,Objects should not be created to be dropped immediately without being used,BUG,Major,ready,Main,java;php;csharp;javascript,,RELIABILITY:MEDIUM,Constant/Issue: 5min,,rule.adoc,/Users/brywoodruff/Projects/Vibe/rspec/rules/S1848/metadata.json
S1854,Unused assignments should be removed,CODE_SMELL,Major,ready,All,python;dart;java;php;swift;csharp;plsql;javascript;cfamily,cwe;unused,MAINTAINABILITY:MEDIUM,Constant/Issue: 1min,Sonar way,rule.adoc,/Users/brywoodruff/Projects/Vibe/rspec/rules/S1854/metadata.json
S1858,"""toString()"" should never be called on a String object",CODE_SMELL,Minor,ready,All,rust;java;csharp,finding;clumsy,MAINTAINABILITY:LOW,Constant/Issue: 2min,Sonar way,rule.adoc,/Users/brywoodruff/Projects/Vibe/rspec/rules/S1858/metadata.json
S1862,"Related ""if/else if"" statements should not have the same condition",BUG,Major,ready,All,apex;go;python;rpg;rust;tsql;java;vbnet;abap;kotlin;php;scala;swift;csharp;plsql;javascript;cobol;ruby;cfamily,unused;pitfall,RELIABILITY:MEDIUM,Constant/Issue: 10min,Sonar way,rule.adoc,/Users/brywoodruff/Projects/Vibe/rspec/rules/S1862/metadata.json
S1871,Two branches in a conditional structure should not have exactly the same implementation,CODE_SMELL,Major,ready,Main,apex;go;python;rpg;tsql;java;vbnet;abap;kotlin;php;common;scala;swift;csharp;plsql;javascript;cobol;flex;ruby;cfamily,design;suspicious,MAINTAINABILITY:MEDIUM,Constant/Issue: 10min,Sonar way,compliant.adoc;exceptions.adoc;noncompliant.adoc;rule.adoc,/Users/brywoodruff/Projects/Vibe/rspec/rules/S1871/metadata.json
S1905,Redundant casts should not be used,CODE_SMELL,Minor,ready,All,java;csharp;cfamily,redundant;clumsy,MAINTAINABILITY:LOW,Constant/Issue: 5min,Sonar way,rule.adoc,/Users/brywoodruff/Projects/Vibe/rspec/rules/S1905/metadata.json
S1909,"""goto"" statements should not be used to jump into blocks",CODE_SMELL,Blocker,ready,Main,csharp;cfamily,brain-overload;pitfall,MAINTAINABILITY:BLOCKER,Constant/Issue: 1h,Sonar way,rule.adoc,/Users/brywoodruff/Projects/Vibe/rspec/rules/S1909/metadata.json
S1939,Extends and implements list entries should not be redundant,CODE_SMELL,Minor,ready,All,java;csharp,clumsy,MAINTAINABILITY:LOW,Constant/Issue: 1min,,rule.adoc,/Users/brywoodruff/Projects/Vibe/rspec/rules/S1939/metadata.json
S1940,Boolean checks should not be inverted,CODE_SMELL,Minor,ready,All,apex;go;python;tsql;java;vbnet;kotlin;php;scala;swift;csharp;plsql;javascript;ruby,pitfall,MAINTAINABILITY:LOW,Constant/Issue: 2min,Sonar way,rule.adoc,/Users/brywoodruff/Projects/Vibe/rspec/rules/S1940/metadata.json
S1944,Inappropriate casts should not be made,CODE_SMELL,Major,ready,All,java;vbnet;csharp,cwe;suspicious,MAINTAINABILITY:MEDIUM,Constant/Issue: 20min,Sonar way,rule.adoc,/Users/brywoodruff/Projects/Vibe/rspec/rules/S1944/metadata.json
S1974,Files should have sufficient line coverage by integration tests,CODE_SMELL,Major,closed,Main,java;csharp;cfamily,bad-practice,,Linear,,rule.adoc,/Users/brywoodruff/Projects/Vibe/rspec/rules/S1974/metadata.json
S1994,"""for"" loop increment clauses should modify the loops' counters",CODE_SMELL,Critical,ready,All,go;java;csharp;javascript,confusing,MAINTAINABILITY:HIGH,Constant/Issue: 20min,Sonar way,rule.adoc,/Users/brywoodruff/Projects/Vibe/rspec/rules/S1994/metadata.json
S2053,Password hashing functions should use an unpredictable salt,VULNERABILITY,Critical,ready,Main,go;python;java;vbnet;kotlin;php;common;csharp,cwe,SECURITY:HIGH,Constant/Issue: 30min,Sonar way,rule.adoc,/Users/brywoodruff/Projects/Vibe/rspec/rules/S2053/metadata.json
S2068,Hard-coded credentials are security-sensitive,SECURITY_HOTSPOT,Blocker,ready,Main,apex;go;python;secrets;tsql;java;vbnet;abap;kotlin;php;xml;json;scala;swift;yaml;csharp;javascript;kubernetes;cobol;ruby;cfamily,cwe,SECURITY:BLOCKER,Constant/Issue: 30min,Sonar way,rule.adoc,/Users/brywoodruff/Projects/Vibe/rspec/rules/S2068/metadata.json
S2070,SHA-1 and Message-Digest hash algorithms should not be used in secure contexts,VULNERABILITY,Critical,deprecated,Main,python;tsql;java;php;swift;csharp;plsql;javascript;cfamily,,,Constant/Issue: 30min,,rule.adoc,/Users/brywoodruff/Projects/Vibe/rspec/rules/S2070/metadata.json
S2073,RSA encryption should be used with Optimal Asymmetric Encryption Padding,CODE_SMELL,Critical,closed,Main,python;java;html;vbnet;php;csharp;cfamily,cwe;security,,Constant/Issue: 15min,Sonar way,rule.adoc,/Users/brywoodruff/Projects/Vibe/rspec/rules/S2073/metadata.json
S2076,OS commands should not be vulnerable to command injection attacks,VULNERABILITY,Blocker,ready,Main,go;python;java;vbnet;kotlin;php;common;csharp;javascript,cwe,SECURITY:BLOCKER,Constant/Issue: 30min,Sonar way,rule.adoc,/Users/brywoodruff/Projects/Vibe/rspec/rules/S2076/metadata.json
S2077,Formatting SQL queries is security-sensitive,SECURITY_HOTSPOT,Major,ready,Main,go;python;java;vbnet;php;csharp;javascript;ruby,cwe;bad-practice;sql,MAINTAINABILITY:LOW;SECURITY:MEDIUM,Constant/Issue: 20min,Sonar way,rule.adoc,/Users/brywoodruff/Projects/Vibe/rspec/rules/S2077/metadata.json
S2078,LDAP queries should not be vulnerable to injection attacks,VULNERABILITY,Blocker,ready,Main,python;java;vbnet;kotlin;php;common;csharp,cwe,SECURITY:BLOCKER,Constant/Issue: 30min,Sonar way,rule.adoc,/Users/brywoodruff/Projects/Vibe/rspec/rules/S2078/metadata.json
S2083,I/O function calls should not be vulnerable to path injection attacks,VULNERABILITY,Blocker,ready,Main,go;python;java;vbnet;kotlin;php;common;csharp;javascript,cwe,SECURITY:BLOCKER,Constant/Issue: 30min,Sonar way,rule.adoc,/Users/brywoodruff/Projects/Vibe/rspec/rules/S2083/metadata.json
S2091,XPath expressions should not be vulnerable to injection attacks,VULNERABILITY,Blocker,ready,Main,go;python;java;vbnet;kotlin;php;common;csharp;javascript,cwe,SECURITY:BLOCKER,Constant/Issue: 30min,Sonar way,rule.adoc,/Users/brywoodruff/Projects/Vibe/rspec/rules/S2091/metadata.json
S2092,"Creating cookies without the ""secure"" flag is security-sensitive",SECURITY_HOTSPOT,Minor,ready,Main,go;python;java;kotlin;php;csharp;javascript;ruby,cwe;privacy,SECURITY:LOW,Constant/Issue: 5min,Sonar way,rule.adoc,/Users/brywoodruff/Projects/Vibe/rspec/rules/S2092/metadata.json
S2094,Classes should not be empty,CODE_SMELL,Minor,ready,All,java;vbnet;swift;csharp;javascript,clumsy,MAINTAINABILITY:LOW,Constant/Issue: 5min,Sonar way,rule.adoc,/Users/brywoodruff/Projects/Vibe/rspec/rules/S2094/metadata.json
S2096,"""main"" should not ""throw"" anything",CODE_SMELL,Blocker,ready,Main,java;csharp,error-handling,MAINTAINABILITY:BLOCKER,Constant/Issue: 15min,,rule.adoc,/Users/brywoodruff/Projects/Vibe/rspec/rules/S2096/metadata.json
S2114,Collections should not be passed as arguments to their own methods,BUG,Major,ready,All,java;kotlin;csharp,,RELIABILITY:MEDIUM,Constant/Issue: 15min,Sonar way,rule.adoc,/Users/brywoodruff/Projects/Vibe/rspec/rules/S2114/metadata.json
S2115,A secure password should be used when connecting to a database,VULNERABILITY,Blocker,ready,Main,python;java;php;common;csharp,cwe,SECURITY:BLOCKER,Constant/Issue: 45min,Sonar way,rule.adoc,/Users/brywoodruff/Projects/Vibe/rspec/rules/S2115/metadata.json
S2123,Values should not be uselessly incremented,BUG,Major,ready,All,java;kotlin;php;csharp;javascript;cfamily,unused,RELIABILITY:MEDIUM,Constant/Issue: 5min,Sonar way,rule.adoc,/Users/brywoodruff/Projects/Vibe/rspec/rules/S2123/metadata.json
S2126,"Assignments should not be made in ""return"" statements",CODE_SMELL,Critical,closed,Main,python;php;csharp;javascript;cfamily,,,Constant/Issue: 10min,,rule.adoc,/Users/brywoodruff/Projects/Vibe/rspec/rules/S2126/metadata.json
S2139,Exceptions should be either logged or rethrown but not both,CODE_SMELL,Major,ready,Main,java;csharp,logging;error-handling,MAINTAINABILITY:MEDIUM,Constant/Issue: 15min,Sonar way,compliant.adoc;noncompliant.adoc;rule.adoc,/Users/brywoodruff/Projects/Vibe/rspec/rules/S2139/metadata.json
S2148,Underscores should be used to make large numbers readable,CODE_SMELL,Minor,ready,All,rust;java;swift;csharp,convention,MAINTAINABILITY:LOW,Constant/Issue: 5min,,rule.adoc,/Users/brywoodruff/Projects/Vibe/rspec/rules/S2148/metadata.json
S2156,"""final"" classes should not have ""protected"" members",CODE_SMELL,Minor,ready,All,java;csharp;cfamily,confusing,MAINTAINABILITY:LOW,Constant/Issue: 5min,,rule.adoc,/Users/brywoodruff/Projects/Vibe/rspec/rules/S2156/metadata.json
S2166,"Classes named like ""Exception"" should extend ""Exception"" or a subclass",CODE_SMELL,Major,ready,Main,java;vbnet;php;csharp,convention;error-handling;pitfall,MAINTAINABILITY:MEDIUM,Constant/Issue: 5min,Sonar way,rule.adoc,/Users/brywoodruff/Projects/Vibe/rspec/rules/S2166/metadata.json
S2178,Short-circuit logic should be used in boolean contexts,CODE_SMELL,Blocker,ready,Main,java;vbnet;csharp;cfamily,,MAINTAINABILITY:BLOCKER,Constant/Issue: 5min,Sonar way,rule.adoc,/Users/brywoodruff/Projects/Vibe/rspec/rules/S2178/metadata.json
S2183,Ints and longs should not be shifted by zero or more than their number of bits-1,BUG,Minor,ready,All,java;csharp,,RELIABILITY:LOW,Constant/Issue: 5min,Sonar way,rule.adoc,/Users/brywoodruff/Projects/Vibe/rspec/rules/S2183/metadata.json
S2184,Math operands should be cast before assignment,BUG,Minor,ready,All,java;csharp;cfamily,cwe;overflow,RELIABILITY:LOW,Constant/Issue: 5min,Sonar way,rule.adoc,/Users/brywoodruff/Projects/Vibe/rspec/rules/S2184/metadata.json
S2187,TestCases should contain tests,CODE_SMELL,Blocker,ready,Tests,java;php;csharp;javascript,tests;unused;confusing,MAINTAINABILITY:BLOCKER,Constant/Issue: 5min,Sonar way,how-mstest.adoc;how-nunit.adoc;how.adoc;resources.adoc;rule.adoc,/Users/brywoodruff/Projects/Vibe/rspec/rules/S2187/metadata.json
S2190,Recursion should not be infinite,BUG,Blocker,ready,All,python;java;csharp;cfamily,suspicious,RELIABILITY:BLOCKER,Constant/Issue: 30min,Sonar way,rule.adoc,/Users/brywoodruff/Projects/Vibe/rspec/rules/S2190/metadata.json
S2197,Modulus results should not be checked for direct equality,CODE_SMELL,Critical,ready,All,java;swift;csharp;javascript,suspicious,MAINTAINABILITY:HIGH,Constant/Issue: 5min,,rule.adoc,/Users/brywoodruff/Projects/Vibe/rspec/rules/S2197/metadata.json
S2198,Unnecessary mathematical comparisons should not be made,CODE_SMELL,Critical,ready,Main,rust;csharp,suspicious,MAINTAINABILITY:HIGH,Constant/Issue: 15min,Sonar way,rule.adoc,/Users/brywoodruff/Projects/Vibe/rspec/rules/S2198/metadata.json
S2201,Return values from functions without side effects should not be ignored,BUG,Major,ready,Main,python;java;php;swift;csharp;javascript,suspicious;confusing,RELIABILITY:MEDIUM,Constant/Issue: 10min,Sonar way,rule.adoc,/Users/brywoodruff/Projects/Vibe/rspec/rules/S2201/metadata.json
S2214,Deprecated methods should not be overridden,CODE_SMELL,Major,ready,Main,java;csharp,obsolete,,Constant/Issue: 30min,Sonar way,rule.adoc,/Users/brywoodruff/Projects/Vibe/rspec/rules/S2214/metadata.json
S2219,"""Class.isAssignableFrom"" should not be used to check object type",CODE_SMELL,Minor,ready,All,java;csharp,clumsy,MAINTAINABILITY:LOW,Constant/Issue: 5min,Sonar way,rule.adoc,/Users/brywoodruff/Projects/Vibe/rspec/rules/S2219/metadata.json
S2220,"""Equals"" should test for null",CODE_SMELL,Critical,closed,Main,java;vbnet;csharp;cfamily,cwe;bug,,Constant/Issue: 5min,,rule.adoc,/Users/brywoodruff/Projects/Vibe/rspec/rules/S2220/metadata.json
S2221,"""Exception"" should not be caught when not required by called methods",CODE_SMELL,Minor,ready,Main,java;csharp;plsql,cwe;error-handling,MAINTAINABILITY:LOW,Constant/Issue: 15min,,rule.adoc,/Users/brywoodruff/Projects/Vibe/rspec/rules/S2221/metadata.json
S2222,Locks should be released on all paths,BUG,Critical,ready,All,java;vbnet;csharp,cwe;multi-threading;symbolic-execution,RELIABILITY:HIGH,Constant/Issue: 20min,Sonar way,rule.adoc,/Users/brywoodruff/Projects/Vibe/rspec/rules/S2222/metadata.json
S2223,Non-constant static fields should not be visible,CODE_SMELL,Critical,ready,Main,csharp,pitfall,MAINTAINABILITY:HIGH,Constant/Issue: 20min,Sonar way,rule.adoc,/Users/brywoodruff/Projects/Vibe/rspec/rules/S2223/metadata.json
S2224,Assignments should not be chained,CODE_SMELL,Major,closed,Main,python;java;html;php;csharp;javascript;flex;cfamily,confusing,,Constant/Issue: 5min,Sonar way,rule.adoc,/Users/brywoodruff/Projects/Vibe/rspec/rules/S2224/metadata.json
S2225,"""toString()"" and ""clone()"" methods should not return null",BUG,Major,ready,Main,java;vbnet;csharp,cwe,RELIABILITY:MEDIUM,Constant/Issue: 5min,Sonar way,rule.adoc,/Users/brywoodruff/Projects/Vibe/rspec/rules/S2225/metadata.json
S2228,Console logging should not be used,VULNERABILITY,Minor,deprecated,Main,csharp;javascript,,SECURITY:LOW,Constant/Issue: 5min,,rule.adoc,/Users/brywoodruff/Projects/Vibe/rspec/rules/S2228/metadata.json
S2234,Parameters should be passed in the correct order,CODE_SMELL,Major,ready,All,python;java;vbnet;php;csharp;javascript;cfamily,,MAINTAINABILITY:MEDIUM,Constant/Issue: 5min,Sonar way,compliantCode.adoc;noncompliantCode.adoc;rule.adoc,/Users/brywoodruff/Projects/Vibe/rspec/rules/S2234/metadata.json
S2245,Using pseudorandom number generators (PRNGs) is security-sensitive,SECURITY_HOTSPOT,Critical,ready,Main,go;python;dart;java;kotlin;php;csharp;javascript;cfamily,cwe,SECURITY:HIGH,Constant/Issue: 10min,Sonar way,rule.adoc,/Users/brywoodruff/Projects/Vibe/rspec/rules/S2245/metadata.json
S2251,"A ""for"" loop update clause should move the counter in the right direction",BUG,Major,ready,All,java;php;csharp;javascript,,RELIABILITY:MEDIUM,Constant/Issue: 5min,Sonar way,rule.adoc,/Users/brywoodruff/Projects/Vibe/rspec/rules/S2251/metadata.json
S2252,Loop conditions should be true at least once,BUG,Major,ready,All,java;vbnet;csharp,,RELIABILITY:MEDIUM,Constant/Issue: 10min,Sonar way,compliant-code.adoc;noncompliant-code.adoc;rule.adoc,/Users/brywoodruff/Projects/Vibe/rspec/rules/S2252/metadata.json
S2255,Writing cookies is security-sensitive,SECURITY_HOTSPOT,Minor,deprecated,Main,python;java;vbnet;php;csharp;javascript,,,Constant/Issue: 5min,,rule.adoc,/Users/brywoodruff/Projects/Vibe/rspec/rules/S2255/metadata.json
S2257,Using non-standard cryptographic algorithms is security-sensitive,SECURITY_HOTSPOT,Critical,ready,Main,python;java;vbnet;csharp,cwe,SECURITY:HIGH,Constant/Issue: 1d,Sonar way,rule.adoc,/Users/brywoodruff/Projects/Vibe/rspec/rules/S2257/metadata.json
S2259,Null pointers should not be dereferenced,BUG,Major,ready,Main,python;java;vbnet;csharp;javascript;cfamily,cwe,RELIABILITY:MEDIUM,Constant/Issue: 10min,Sonar way,compliant-code.adoc;exception-code-analysis-attr.adoc;exception-code-debug-assert.adoc;exception-code-extension-method.adoc;exception-code-rider-attr.adoc;exception-code-unreachable.adoc;noncompliant-code.adoc;rule.adoc,/Users/brywoodruff/Projects/Vibe/rspec/rules/S2259/metadata.json
S2260,Track parsing failures,CODE_SMELL,Major,ready,All,terraform;docker;apex;go;jcl;python;dart;shell;azureresourcemanager;rust;tsql;vb6;java;kotlin;php;xml;ansible;json;githubactions;pli;scala;swift;yaml;csharp;plsql;groovy;javascript;kubernetes;cloudformation;cobol;flex;ruby;cfamily,suspicious,,Constant/Issue: 30min,,rule.adoc,/Users/brywoodruff/Projects/Vibe/rspec/rules/S2260/metadata.json
S2275,Printf-style format strings should not lead to unexpected behavior at runtime,BUG,Blocker,ready,All,python;java;csharp;cfamily,,RELIABILITY:BLOCKER,Constant/Issue: 10min,Sonar way,rule.adoc,/Users/brywoodruff/Projects/Vibe/rspec/rules/S2275/metadata.json
S2278,Neither DES (Data Encryption Standard) nor DESede (3DES) should be used,VULNERABILITY,Blocker,superseded,Main,python;java;php;swift;csharp;plsql;cfamily,cwe,,Constant/Issue: 20min,,rule.adoc,/Users/brywoodruff/Projects/Vibe/rspec/rules/S2278/metadata.json
S2290,,,,,,csharp,,,Unknown,,rule.adoc,/Users/brywoodruff/Projects/Vibe/rspec/rules/S2290/metadata.json
S2291,,,,,,csharp,,,Unknown,,rule.adoc,/Users/brywoodruff/Projects/Vibe/rspec/rules/S2291/metadata.json
S2292,,,,,,csharp,,,Unknown,,rule.adoc,/Users/brywoodruff/Projects/Vibe/rspec/rules/S2292/metadata.json
S2302,"""nameof"" should be used",CODE_SMELL,Critical,ready,Main,vbnet;csharp,bad-practice,MAINTAINABILITY:HIGH,Constant/Issue: 5min,,rule.adoc,/Users/brywoodruff/Projects/Vibe/rspec/rules/S2302/metadata.json
S2306,,,,,,csharp,,,Unknown,,rule.adoc,/Users/brywoodruff/Projects/Vibe/rspec/rules/S2306/metadata.json
S2325,Methods and properties that don't access instance data should be static,CODE_SMELL,Minor,ready,All,python;java;csharp;javascript,pitfall,MAINTAINABILITY:LOW,Constant/Issue: 5min,,rule.adoc,/Users/brywoodruff/Projects/Vibe/rspec/rules/S2325/metadata.json
S2326,Unused type parameters should be removed,CODE_SMELL,Major,ready,All,java;csharp,unused,MAINTAINABILITY:MEDIUM,Constant/Issue: 5min,Sonar way,rule.adoc,/Users/brywoodruff/Projects/Vibe/rspec/rules/S2326/metadata.json
S2327,"""try"" statements with identical ""catch"" and/or ""finally"" blocks should be merged",CODE_SMELL,Major,ready,Main,rpg;csharp,clumsy,MAINTAINABILITY:MEDIUM,Constant/Issue: 20min,Sonar way,rule.adoc,/Users/brywoodruff/Projects/Vibe/rspec/rules/S2327/metadata.json
S2328,,,,,,csharp,,,Unknown,,rule.adoc,/Users/brywoodruff/Projects/Vibe/rspec/rules/S2328/metadata.json
S2329,,,,,,csharp,,,Unknown,,rule.adoc,/Users/brywoodruff/Projects/Vibe/rspec/rules/S2329/metadata.json
S2330,,,,,,csharp,,,Unknown,,rule.adoc,/Users/brywoodruff/Projects/Vibe/rspec/rules/S2330/metadata.json
S2332,,,,,,csharp,,,Unknown,,rule.adoc,/Users/brywoodruff/Projects/Vibe/rspec/rules/S2332/metadata.json
S2333,Redundant modifiers should not be used,CODE_SMELL,Minor,ready,All,java;csharp,finding;clumsy,MAINTAINABILITY:LOW,Constant/Issue: 2min,,rule.adoc,/Users/brywoodruff/Projects/Vibe/rspec/rules/S2333/metadata.json
S2339,Public constant members should not be used,CODE_SMELL,Critical,ready,All,vbnet;csharp,pitfall,MAINTAINABILITY:HIGH,Constant/Issue: 5min,,rule.adoc,/Users/brywoodruff/Projects/Vibe/rspec/rules/S2339/metadata.json
S2342,Enumeration types should comply with a naming convention,CODE_SMELL,Minor,ready,All,vbnet;swift;csharp;cfamily,convention,MAINTAINABILITY:LOW,Constant/Issue: 5min,,rule.adoc,/Users/brywoodruff/Projects/Vibe/rspec/rules/S2342/metadata.json
S2344,"Enumeration type names should not have ""Flags"" or ""Enum"" suffixes",CODE_SMELL,Minor,ready,All,vbnet;csharp,convention,MAINTAINABILITY:LOW,Constant/Issue: 5min,Sonar way,rule.adoc,/Users/brywoodruff/Projects/Vibe/rspec/rules/S2344/metadata.json
S2345,Flags enumerations should explicitly initialize all their members,BUG,Minor,ready,All,vbnet;csharp,,RELIABILITY:LOW,Constant/Issue: 5min,Sonar way,rule.adoc,/Users/brywoodruff/Projects/Vibe/rspec/rules/S2345/metadata.json
S2346,"Flags enumerations zero-value members should be named ""None""",CODE_SMELL,Critical,ready,All,vbnet;csharp,convention,MAINTAINABILITY:HIGH,Constant/Issue: 5min,Sonar way,rule.adoc,/Users/brywoodruff/Projects/Vibe/rspec/rules/S2346/metadata.json
S2357,Fields should be private,CODE_SMELL,Major,ready,Main,vbnet;csharp,pitfall,MAINTAINABILITY:MEDIUM,Constant/Issue: 30min,,rule.adoc,/Users/brywoodruff/Projects/Vibe/rspec/rules/S2357/metadata.json
S2360,Optional parameters should not be used,CODE_SMELL,Critical,ready,All,vbnet;csharp,pitfall,MAINTAINABILITY:HIGH,Constant/Issue: 5min,,rule.adoc,/Users/brywoodruff/Projects/Vibe/rspec/rules/S2360/metadata.json
S2365,Properties should not make collection or array copies,CODE_SMELL,Critical,ready,Main,vbnet;csharp,api-design;performance,MAINTAINABILITY:HIGH,Constant/Issue: 5min,Sonar way,rule.adoc,/Users/brywoodruff/Projects/Vibe/rspec/rules/S2365/metadata.json
S2368,Public methods should not have multidimensional array parameters,CODE_SMELL,Blocker,ready,Main,vbnet;csharp,pitfall,MAINTAINABILITY:BLOCKER,Constant/Issue: 1h,Sonar way,exception-code.adoc;intuitive-code.adoc;resources.adoc;rule.adoc;unintuitive-code.adoc,/Users/brywoodruff/Projects/Vibe/rspec/rules/S2368/metadata.json
S2372,Exceptions should not be thrown from property getters,CODE_SMELL,Major,ready,Main,vbnet;csharp,error-handling,MAINTAINABILITY:MEDIUM,Constant/Issue: 20min,Sonar way,rule.adoc,/Users/brywoodruff/Projects/Vibe/rspec/rules/S2372/metadata.json
S2376,Write-only properties should not be used,CODE_SMELL,Major,ready,All,vbnet;csharp;javascript,pitfall,MAINTAINABILITY:MEDIUM,Constant/Issue: 20min,Sonar way,rule.adoc,/Users/brywoodruff/Projects/Vibe/rspec/rules/S2376/metadata.json
S2384,Mutable members should not be stored or returned directly,CODE_SMELL,Minor,ready,Main,java;csharp,cwe;unpredictable,MAINTAINABILITY:LOW,Constant/Issue: 5min,,rule.adoc,/Users/brywoodruff/Projects/Vibe/rspec/rules/S2384/metadata.json
S2386,"Mutable fields should not be ""public static""",CODE_SMELL,Minor,ready,Main,java;csharp,cwe;unpredictable,MAINTAINABILITY:LOW,Constant/Issue: 15min,Sonar way,rule.adoc,/Users/brywoodruff/Projects/Vibe/rspec/rules/S2386/metadata.json
S2387,Child class fields should not shadow parent class fields,CODE_SMELL,Blocker,ready,Main,java;vbnet;csharp;cfamily,confusing,MAINTAINABILITY:BLOCKER,Constant/Issue: 5min,Sonar way,rule.adoc,/Users/brywoodruff/Projects/Vibe/rspec/rules/S2387/metadata.json
S2436,Types and methods should not have too many type parameters,CODE_SMELL,Major,ready,All,csharp,brain-overload,MAINTAINABILITY:MEDIUM,Constant/Issue: 20min,Sonar way,rule.adoc,/Users/brywoodruff/Projects/Vibe/rspec/rules/S2436/metadata.json
S2437,Unnecessary bit operations should not be performed,CODE_SMELL,Blocker,ready,All,rust;java;vbnet;csharp,suspicious,MAINTAINABILITY:BLOCKER,Constant/Issue: 5min,Sonar way,rule.adoc,/Users/brywoodruff/Projects/Vibe/rspec/rules/S2437/metadata.json
S2445,Blocks should be synchronized on read-only fields,BUG,Major,ready,All,java;csharp,cwe;multi-threading,RELIABILITY:MEDIUM,Constant/Issue: 15min,Sonar way,rule.adoc,/Users/brywoodruff/Projects/Vibe/rspec/rules/S2445/metadata.json
S2479,Whitespace and control characters in string literals should be explicit,CODE_SMELL,Critical,ready,Main,rust;java;csharp;plsql;cfamily,pitfall,MAINTAINABILITY:HIGH,Constant/Issue: 10min,Sonar way,rule.adoc,/Users/brywoodruff/Projects/Vibe/rspec/rules/S2479/metadata.json
S2486,Exceptions should not be ignored,CODE_SMELL,Minor,ready,Main,python;dart;rpg;java;csharp;plsql;javascript;cobol;cfamily,cwe;error-handling;suspicious,MAINTAINABILITY:LOW,Constant/Issue: 1h,Sonar way,rule.adoc,/Users/brywoodruff/Projects/Vibe/rspec/rules/S2486/metadata.json
S2495,Flag arguments should not be used,CODE_SMELL,Major,closed,Main,python;vb6;java;vbnet;php;swift;csharp;javascript;flex;cfamily,clumsy,,Constant/Issue: 20min,,rule.adoc,/Users/brywoodruff/Projects/Vibe/rspec/rules/S2495/metadata.json
S2551,Shared resources should not be used for locking,BUG,Critical,ready,All,vbnet;csharp,multi-threading,RELIABILITY:HIGH,Constant/Issue: 15min,Sonar way,rule.adoc,/Users/brywoodruff/Projects/Vibe/rspec/rules/S2551/metadata.json
S2552,,,,,,csharp,,,Unknown,,rule.adoc,/Users/brywoodruff/Projects/Vibe/rspec/rules/S2552/metadata.json
S2553,,,,,,csharp,,,Unknown,,rule.adoc,/Users/brywoodruff/Projects/Vibe/rspec/rules/S2553/metadata.json
S2575,"Untrusted data should be escaped before being saved into ""HTTP"" or ""JSP"" classes ",VULNERABILITY,Critical,closed,Main,python;java;vbnet;abap;php;swift;csharp;cobol;cfamily,cwe,,Constant/Issue: 30min,,rule.adoc,/Users/brywoodruff/Projects/Vibe/rspec/rules/S2575/metadata.json
S2583,Conditionally executed code should be reachable,BUG,Major,ready,All,python;java;vbnet;csharp;javascript;cobol;cfamily,cwe;unused;suspicious;pitfall,RELIABILITY:MEDIUM,Constant/Issue: 15min,Sonar way,rule.adoc,/Users/brywoodruff/Projects/Vibe/rspec/rules/S2583/metadata.json
S2589,Boolean expressions should not be gratuitous,CODE_SMELL,Major,ready,All,python;rust;java;vbnet;csharp;javascript;cobol;cfamily,cwe;suspicious;redundant,MAINTAINABILITY:MEDIUM,Constant/Issue: 10min,Sonar way,rule.adoc,/Users/brywoodruff/Projects/Vibe/rspec/rules/S2589/metadata.json
S2595,Branches should have sufficient coverage by integration tests,CODE_SMELL,Major,closed,Main,python;vb6;java;html;vbnet;php;swift;csharp;javascript;flex;cfamily,bad-practice,,Linear,,rule.adoc,/Users/brywoodruff/Projects/Vibe/rspec/rules/S2595/metadata.json
S2608,Cookies and form values should not be relied on to make security decisions,VULNERABILITY,Critical,superseded,Main,python;vb6;java;html;vbnet;php;swift;csharp;flex;cfamily,cwe,,Constant/Issue: 30min,,rule.adoc,/Users/brywoodruff/Projects/Vibe/rspec/rules/S2608/metadata.json
S2612,Setting loose POSIX file permissions is security-sensitive,SECURITY_HOTSPOT,Major,ready,Main,docker;go;python;shell;java;vbnet;php;ansible;githubactions;csharp;javascript;cfamily,cwe,SECURITY:MEDIUM,Constant/Issue: 5min,Sonar way,rule.adoc,/Users/brywoodruff/Projects/Vibe/rspec/rules/S2612/metadata.json
S2629,"""Preconditions"" and logging arguments should not require evaluation",CODE_SMELL,Major,ready,Main,java;csharp,performance;logging,MAINTAINABILITY:MEDIUM,Constant/Issue: 5min,Sonar way,rule.adoc,/Users/brywoodruff/Projects/Vibe/rspec/rules/S2629/metadata.json
S2630,Vulnerable regular expressions should not be used,BUG,Critical,closed,Main,python;vb6;java;vbnet;php;swift;csharp;javascript;flex;cfamily,denial-of-service,,Constant/Issue: 45min,Sonar way,rule.adoc,/Users/brywoodruff/Projects/Vibe/rspec/rules/S2630/metadata.json
S2631,Regular expressions should not be vulnerable to Denial of Service attacks,VULNERABILITY,Critical,ready,Main,python;java;vbnet;kotlin;php;common;csharp;javascript,cwe;denial-of-service,SECURITY:HIGH,Constant/Issue: 1h,Sonar way,rule.adoc,/Users/brywoodruff/Projects/Vibe/rspec/rules/S2631/metadata.json
S2662,Equality operators should be replaced by assignment operators when obviously used by mistake,CODE_SMELL,Blocker,closed,Main,vbnet;php;csharp;plsql;javascript;cfamily,bug,,Constant/Issue: 2min,,rule.adoc,/Users/brywoodruff/Projects/Vibe/rspec/rules/S2662/metadata.json
S2674,The value returned from a stream read should be checked,BUG,Minor,ready,Main,java;csharp,,RELIABILITY:LOW,Constant/Issue: 15min,Sonar way,rule.adoc,/Users/brywoodruff/Projects/Vibe/rspec/rules/S2674/metadata.json
S2681,Multiline blocks should be enclosed in curly braces,CODE_SMELL,Major,ready,All,tsql;java;php;common;csharp;javascript;cfamily,cwe,MAINTAINABILITY:MEDIUM,Constant/Issue: 5min,Sonar way,example.adoc;rule.adoc,/Users/brywoodruff/Projects/Vibe/rspec/rules/S2681/metadata.json
S2688,"""NaN"" should not be used in comparisons",BUG,Major,ready,All,csharp;javascript,,RELIABILITY:MEDIUM,Constant/Issue: 5min,Sonar way,rule.adoc,/Users/brywoodruff/Projects/Vibe/rspec/rules/S2688/metadata.json
S2692,"""indexOf"" checks should not be for positive numbers",CODE_SMELL,Critical,ready,All,java;vbnet;csharp;javascript,suspicious,MAINTAINABILITY:HIGH,Constant/Issue: 2min,Sonar way,rule.adoc,/Users/brywoodruff/Projects/Vibe/rspec/rules/S2692/metadata.json
S2696,"Instance methods should not write to ""static"" fields",CODE_SMELL,Critical,ready,Main,java;common;csharp,multi-threading,MAINTAINABILITY:HIGH,Constant/Issue: 20min,Sonar way,rule.adoc,/Users/brywoodruff/Projects/Vibe/rspec/rules/S2696/metadata.json
S2699,Tests should include assertions,CODE_SMELL,Blocker,ready,Tests,apex;java;php;csharp;javascript,tests,MAINTAINABILITY:BLOCKER,Constant/Issue: 10min,Sonar way,rule.adoc,/Users/brywoodruff/Projects/Vibe/rspec/rules/S2699/metadata.json
S2700,"""Test"" classes should include tests",CODE_SMELL,Major,closed,Main,java;csharp,junit,,Constant/Issue: 5min,,rule.adoc,/Users/brywoodruff/Projects/Vibe/rspec/rules/S2700/metadata.json
S2701,Literal boolean values should not be used in assertions,CODE_SMELL,Critical,ready,Tests,java;php;csharp;javascript,tests,MAINTAINABILITY:HIGH,Constant/Issue: 5min,,how-mstest.adoc;how-nunit.adoc;how-xunit.adoc;rule.adoc,/Users/brywoodruff/Projects/Vibe/rspec/rules/S2701/metadata.json
S2737,"""catch"" clauses should do more than rethrow",CODE_SMELL,Minor,ready,Main,python;tsql;java;vbnet;php;common;swift;csharp;plsql;javascript;cfamily,error-handling;unused;finding;clumsy,MAINTAINABILITY:LOW,Constant/Issue: 5min,Sonar way,rule.adoc,/Users/brywoodruff/Projects/Vibe/rspec/rules/S2737/metadata.json
S2738,"General ""catch"" clauses should not be used",CODE_SMELL,Minor,ready,Main,python;csharp;cfamily,error-handling,MAINTAINABILITY:LOW,Constant/Issue: 20min,,rule.adoc,/Users/brywoodruff/Projects/Vibe/rspec/rules/S2738/metadata.json
S2743,,,,,,csharp,,,Unknown,,rule.adoc,/Users/brywoodruff/Projects/Vibe/rspec/rules/S2743/metadata.json
S2744,,,,,,csharp,,,Unknown,,rule.adoc,/Users/brywoodruff/Projects/Vibe/rspec/rules/S2744/metadata.json
S2751,Conditions should not be immediately retested,CODE_SMELL,Major,closed,Main,python;rpg;vb6;java;vbnet;abap;php;swift;csharp;javascript;cobol;flex;cfamily,bug,,Constant/Issue: 5min,,rule.adoc,/Users/brywoodruff/Projects/Vibe/rspec/rules/S2751/metadata.json
S2755,XML parsers should not be vulnerable to XXE attacks,VULNERABILITY,Blocker,ready,Main,python;java;php;common;csharp;javascript;cfamily,cwe,SECURITY:BLOCKER,Constant/Issue: 15min,Sonar way,rule.adoc,/Users/brywoodruff/Projects/Vibe/rspec/rules/S2755/metadata.json
S2757,"Non-existent operators like ""=+"" should not be used",BUG,Major,ready,All,apex;go;python;java;vbnet;kotlin;php;common;csharp;javascript;ruby;cfamily,,RELIABILITY:MEDIUM,Constant/Issue: 2min,Sonar way,rule.adoc,/Users/brywoodruff/Projects/Vibe/rspec/rules/S2757/metadata.json
S2758,The ternary operator should not return the same value regardless of the condition,BUG,Major,deprecated,All,swift;csharp,,,Constant/Issue: 5min,,rule.adoc,/Users/brywoodruff/Projects/Vibe/rspec/rules/S2758/metadata.json
S2760,Sequential tests should not check the same condition,CODE_SMELL,Minor,ready,All,swift;csharp,suspicious;clumsy,MAINTAINABILITY:LOW,Constant/Issue: 5min,,rule.adoc,/Users/brywoodruff/Projects/Vibe/rspec/rules/S2760/metadata.json
S2761,"Doubled prefix operators ""!!"" and ""~~"" should not be used",BUG,Major,ready,All,go;python;tsql;java;vbnet;php;common;csharp;plsql;cfamily,,RELIABILITY:MEDIUM,Constant/Issue: 5min,Sonar way,rule.adoc,/Users/brywoodruff/Projects/Vibe/rspec/rules/S2761/metadata.json
S2857,SQL keywords should be delimited by whitespace,BUG,Blocker,ready,Main,csharp,sql,RELIABILITY:BLOCKER,Constant/Issue: 2min,Sonar way,rule.adoc,/Users/brywoodruff/Projects/Vibe/rspec/rules/S2857/metadata.json
S2925,"""Thread.Sleep"" should not be used in tests",CODE_SMELL,Major,ready,Tests,java;vbnet;csharp,tests;bad-practice,MAINTAINABILITY:MEDIUM,Constant/Issue: 20min,Sonar way,rule.adoc,/Users/brywoodruff/Projects/Vibe/rspec/rules/S2925/metadata.json
S2930,"""IDisposables"" should be disposed",BUG,Blocker,ready,All,csharp,cwe;denial-of-service,RELIABILITY:BLOCKER,Constant/Issue: 10min,Sonar way,rule.adoc,/Users/brywoodruff/Projects/Vibe/rspec/rules/S2930/metadata.json
S2931,"Classes with ""IDisposable"" members should implement ""IDisposable""",BUG,Blocker,ready,All,csharp,cwe;denial-of-service,RELIABILITY:BLOCKER,Constant/Issue: 10min,,rule.adoc,/Users/brywoodruff/Projects/Vibe/rspec/rules/S2931/metadata.json
S2933,"Fields that are only assigned in the constructor should be ""readonly""",CODE_SMELL,Major,ready,All,dart;csharp;javascript,confusing,MAINTAINABILITY:MEDIUM,Constant/Issue: 2min,Sonar way,rule.adoc,/Users/brywoodruff/Projects/Vibe/rspec/rules/S2933/metadata.json
S2934,,,,,,csharp,,,Unknown,,rule.adoc,/Users/brywoodruff/Projects/Vibe/rspec/rules/S2934/metadata.json
S2952,,,,,,csharp,,,Unknown,,rule.adoc,/Users/brywoodruff/Projects/Vibe/rspec/rules/S2952/metadata.json
S2953,"Methods named ""Dispose"" should implement ""IDisposable.Dispose""",CODE_SMELL,Blocker,ready,Main,csharp,pitfall,MAINTAINABILITY:BLOCKER,Constant/Issue: 10min,Sonar way,rule.adoc,/Users/brywoodruff/Projects/Vibe/rspec/rules/S2953/metadata.json
S2955,"Generic parameters not constrained to reference types should not be compared to ""null""",BUG,Minor,ready,All,csharp,,RELIABILITY:LOW,Constant/Issue: 10min,Sonar way,rule.adoc,/Users/brywoodruff/Projects/Vibe/rspec/rules/S2955/metadata.json
S2970,Assertions should be complete,CODE_SMELL,Blocker,ready,Tests,java;csharp;javascript,tests,MAINTAINABILITY:BLOCKER,Constant/Issue: 5min,Sonar way,rule.adoc,/Users/brywoodruff/Projects/Vibe/rspec/rules/S2970/metadata.json
S2971,,CODE_SMELL,Major,ready,All,dart;csharp,clumsy,MAINTAINABILITY:MEDIUM,Constant/Issue: 5min,Sonar way,rule.adoc,/Users/brywoodruff/Projects/Vibe/rspec/rules/S2971/metadata.json
S2977,,,,,,csharp,,,Unknown,,rule.adoc,/Users/brywoodruff/Projects/Vibe/rspec/rules/S2977/metadata.json
S2995,,,,,,csharp,,,Unknown,,rule.adoc,/Users/brywoodruff/Projects/Vibe/rspec/rules/S2995/metadata.json
S2996,,,,,,csharp,,,Unknown,,rule.adoc,/Users/brywoodruff/Projects/Vibe/rspec/rules/S2996/metadata.json
S2997,"""IDisposables"" created in a ""using"" statement should not be returned",BUG,Major,ready,All,csharp,,RELIABILITY:MEDIUM,Constant/Issue: 5min,Sonar way,rule.adoc,/Users/brywoodruff/Projects/Vibe/rspec/rules/S2997/metadata.json
S3005,,,,,,csharp,,,Unknown,,rule.adoc,/Users/brywoodruff/Projects/Vibe/rspec/rules/S3005/metadata.json
S3010,Static fields should not be updated in constructors,CODE_SMELL,Major,ready,Main,java;csharp,,MAINTAINABILITY:MEDIUM,Constant/Issue: 20min,Sonar way,rule.adoc,/Users/brywoodruff/Projects/Vibe/rspec/rules/S3010/metadata.json
S3011,"Reflection should not be used to increase accessibility of classes, methods, or fields",CODE_SMELL,Major,ready,Main,java;vbnet;php;csharp,,MAINTAINABILITY:MEDIUM,Constant/Issue: 30min,Sonar way,rule.adoc,/Users/brywoodruff/Projects/Vibe/rspec/rules/S3011/metadata.json
S3045,"""break"" should not be used with a label",CODE_SMELL,Minor,closed,Main,python;java;vbnet;php;swift;csharp;javascript;flex;cfamily,confusing,,Constant/Issue: 20min,,rule.adoc,/Users/brywoodruff/Projects/Vibe/rspec/rules/S3045/metadata.json
S3046,"""wait"" should not be called when multiple locks are held",BUG,Blocker,ready,Main,java;csharp,multi-threading;deadlock,RELIABILITY:BLOCKER,Constant/Issue: 30min,Sonar way,rule.adoc,/Users/brywoodruff/Projects/Vibe/rspec/rules/S3046/metadata.json
S3052,Fields should not be initialized to default values,CODE_SMELL,Minor,ready,All,java;csharp,convention;finding,MAINTAINABILITY:LOW,Constant/Issue: 2min,,rule.adoc,/Users/brywoodruff/Projects/Vibe/rspec/rules/S3052/metadata.json
S3055,"""synchronized"" methods should not be called in loops",CODE_SMELL,Major,ready,Main,java;csharp,multi-threading;performance,,Constant/Issue: 30min,Sonar way,rule.adoc,/Users/brywoodruff/Projects/Vibe/rspec/rules/S3055/metadata.json
S3059,Classes should not have members with visibility set higher than the class' own visibility,CODE_SMELL,Major,ready,Main,java;csharp,confusing,MAINTAINABILITY:MEDIUM,Constant/Issue: 15min,Sonar way,rule.adoc,/Users/brywoodruff/Projects/Vibe/rspec/rules/S3059/metadata.json
S3060,"""instanceof"" should not be used with ""this""",CODE_SMELL,Blocker,ready,Main,java;csharp,api-design;bad-practice,MAINTAINABILITY:BLOCKER,Constant/Issue: 30min,Sonar way,rule.adoc,/Users/brywoodruff/Projects/Vibe/rspec/rules/S3060/metadata.json
S3063,"""StringBuilder"" data should be used",CODE_SMELL,Major,ready,Main,java;vbnet;csharp,performance,MAINTAINABILITY:MEDIUM,Constant/Issue: 5min,Sonar way,rule.adoc,/Users/brywoodruff/Projects/Vibe/rspec/rules/S3063/metadata.json
S3072,"""wait"" should not be called when two locks are held",BUG,Blocker,closed,Main,java;csharp,multi-threading;bug;deadlock,,Constant/Issue: 1h,Sonar way,rule.adoc,/Users/brywoodruff/Projects/Vibe/rspec/rules/S3072/metadata.json
S3168,,,,,,csharp,,,Unknown,,rule.adoc,/Users/brywoodruff/Projects/Vibe/rspec/rules/S3168/metadata.json
S3169,,,,,,csharp,,,Unknown,,rule.adoc,/Users/brywoodruff/Projects/Vibe/rspec/rules/S3169/metadata.json
S3172,,,,,,csharp,,,Unknown,,rule.adoc,/Users/brywoodruff/Projects/Vibe/rspec/rules/S3172/metadata.json
S3215,"""interface"" instances should not be cast to concrete types",CODE_SMELL,Critical,ready,Main,java;csharp,design,MAINTAINABILITY:HIGH,Constant/Issue: 1h,,rule.adoc,/Users/brywoodruff/Projects/Vibe/rspec/rules/S3215/metadata.json
S3216,,,,,,csharp,,,Unknown,,rule.adoc,/Users/brywoodruff/Projects/Vibe/rspec/rules/S3216/metadata.json
S3217,,,,,,csharp,,,Unknown,,rule.adoc,/Users/brywoodruff/Projects/Vibe/rspec/rules/S3217/metadata.json
S3218,"Inner class members should not shadow outer class ""static"" or type members",CODE_SMELL,Critical,ready,All,java;csharp,design;pitfall,MAINTAINABILITY:HIGH,Constant/Issue: 10min,Sonar way,rule.adoc,/Users/brywoodruff/Projects/Vibe/rspec/rules/S3218/metadata.json
S3220,,,,,,csharp,,,Unknown,,rule.adoc,/Users/brywoodruff/Projects/Vibe/rspec/rules/S3220/metadata.json
S3221,Parallel collections should not be maintained,CODE_SMELL,Minor,closed,Main,java;swift;csharp;flex;cfamily,design,,Constant/Issue: 30min,,rule.adoc,/Users/brywoodruff/Projects/Vibe/rspec/rules/S3221/metadata.json
S3234,,,,,,csharp,,,Unknown,,rule.adoc,/Users/brywoodruff/Projects/Vibe/rspec/rules/S3234/metadata.json
S3235,Redundant parentheses should not be used,CODE_SMELL,Minor,ready,All,csharp,unused;finding,MAINTAINABILITY:LOW,Constant/Issue: 2min,,rule.adoc,/Users/brywoodruff/Projects/Vibe/rspec/rules/S3235/metadata.json
S3236,Caller information arguments should not be provided explicitly,CODE_SMELL,Minor,ready,All,csharp,suspicious,MAINTAINABILITY:LOW,Constant/Issue: 2min,Sonar way,rule.adoc,/Users/brywoodruff/Projects/Vibe/rspec/rules/S3236/metadata.json
S3237,,,,,,csharp,,,Unknown,,rule.adoc,/Users/brywoodruff/Projects/Vibe/rspec/rules/S3237/metadata.json
S3240,The simplest possible condition syntax should be used,CODE_SMELL,Minor,ready,All,dart;csharp,clumsy,MAINTAINABILITY:LOW,Constant/Issue: 2min,Sonar way,rule.adoc,/Users/brywoodruff/Projects/Vibe/rspec/rules/S3240/metadata.json
S3241,Methods should not return values that are never used,CODE_SMELL,Minor,ready,All,csharp,design;unused,MAINTAINABILITY:LOW,Constant/Issue: 2min,Sonar way,rule.adoc,/Users/brywoodruff/Projects/Vibe/rspec/rules/S3241/metadata.json
S3242,Method parameters should be declared with base types,CODE_SMELL,Minor,ready,All,java;csharp,api-design,MAINTAINABILITY:LOW,Constant/Issue: 5min,,rule.adoc,/Users/brywoodruff/Projects/Vibe/rspec/rules/S3242/metadata.json
S3243,,,,,,csharp,,,Unknown,,rule.adoc,/Users/brywoodruff/Projects/Vibe/rspec/rules/S3243/metadata.json
S3244,Anonymous delegates should not be used to unsubscribe from Events,BUG,Major,ready,All,csharp,,RELIABILITY:MEDIUM,Constant/Issue: 15min,Sonar way,rule.adoc,/Users/brywoodruff/Projects/Vibe/rspec/rules/S3244/metadata.json
S3246,,,,,,csharp,,,Unknown,,rule.adoc,/Users/brywoodruff/Projects/Vibe/rspec/rules/S3246/metadata.json
S3247,,,,,,csharp,,,Unknown,,rule.adoc,/Users/brywoodruff/Projects/Vibe/rspec/rules/S3247/metadata.json
S3249,"Classes directly extending ""object"" should not call ""base"" in ""GetHashCode"" or ""Equals""",BUG,Major,ready,All,csharp,,RELIABILITY:MEDIUM,Constant/Issue: 15min,Sonar way,rule.adoc,/Users/brywoodruff/Projects/Vibe/rspec/rules/S3249/metadata.json
S3251,,,,,,csharp,,,Unknown,,rule.adoc,/Users/brywoodruff/Projects/Vibe/rspec/rules/S3251/metadata.json
S3253,,,,,,csharp,,,Unknown,,rule.adoc,/Users/brywoodruff/Projects/Vibe/rspec/rules/S3253/metadata.json
S3254,Default parameter values should not be passed as arguments,CODE_SMELL,Minor,ready,Main,java;csharp,finding;clumsy,MAINTAINABILITY:LOW,Constant/Issue: 2min,,rule.adoc,/Users/brywoodruff/Projects/Vibe/rspec/rules/S3254/metadata.json
S3255,"""this"" should not be used gratuitously",CODE_SMELL,Minor,closed,Main,python;java;php;swift;csharp;flex;cfamily,clumsy,,Constant/Issue: 2min,Sonar way,rule.adoc,/Users/brywoodruff/Projects/Vibe/rspec/rules/S3255/metadata.json
S3256,,,,,,csharp,,,Unknown,,rule.adoc,/Users/brywoodruff/Projects/Vibe/rspec/rules/S3256/metadata.json
S3257,Declarations and initializations should be as concise as possible,CODE_SMELL,Minor,ready,All,dart;csharp;javascript,finding;clumsy,MAINTAINABILITY:LOW,Constant/Issue: 1min,,rule.adoc,/Users/brywoodruff/Projects/Vibe/rspec/rules/S3257/metadata.json
S3258,,,,,,csharp,,,Unknown,,rule.adoc,/Users/brywoodruff/Projects/Vibe/rspec/rules/S3258/metadata.json
S3259,,,,,,csharp,,,Unknown,,rule.adoc,/Users/brywoodruff/Projects/Vibe/rspec/rules/S3259/metadata.json
S3260,,,,,,csharp,,,Unknown,,code.adoc;how.adoc;impact.adoc;resources.adoc;rule.adoc;why.adoc,/Users/brywoodruff/Projects/Vibe/rspec/rules/S3260/metadata.json
S3261,Namespaces should not be empty,CODE_SMELL,Minor,ready,All,csharp;cfamily,unused,MAINTAINABILITY:LOW,Constant/Issue: 2min,Sonar way,rule.adoc,/Users/brywoodruff/Projects/Vibe/rspec/rules/S3261/metadata.json
S3262,,,,,,csharp,,,Unknown,,rule.adoc,/Users/brywoodruff/Projects/Vibe/rspec/rules/S3262/metadata.json
S3263,Static fields should appear in the order they must be initialized ,BUG,Major,ready,All,csharp,,RELIABILITY:MEDIUM,Constant/Issue: 5min,Sonar way,rule.adoc,/Users/brywoodruff/Projects/Vibe/rspec/rules/S3263/metadata.json
S3264,,,,,,csharp,,,Unknown,,rule.adoc,/Users/brywoodruff/Projects/Vibe/rspec/rules/S3264/metadata.json
S3265,,,,,,csharp,,,Unknown,,rule.adoc,/Users/brywoodruff/Projects/Vibe/rspec/rules/S3265/metadata.json
S3267,,,,,,csharp,,,Unknown,,rule.adoc,/Users/brywoodruff/Projects/Vibe/rspec/rules/S3267/metadata.json
S3275,IV's should be random and unique,VULNERABILITY,Critical,closed,Main,python;java;vbnet;php;swift;csharp;cfamily,cwe,,Constant/Issue: 15min,Sonar way,rule.adoc,/Users/brywoodruff/Projects/Vibe/rspec/rules/S3275/metadata.json
S3329,Cipher Block Chaining IVs should be unpredictable,VULNERABILITY,Critical,ready,Main,go;python;java;vbnet;kotlin;common;swift;csharp,cwe,SECURITY:HIGH,Constant/Issue: 15min,Sonar way,rule.adoc,/Users/brywoodruff/Projects/Vibe/rspec/rules/S3329/metadata.json
S3330,"Creating cookies without the ""HttpOnly"" flag is security-sensitive",SECURITY_HOTSPOT,Minor,ready,Main,go;python;java;kotlin;php;xml;csharp;javascript;ruby,cwe;privacy,SECURITY:LOW,Constant/Issue: 10min,Sonar way,rule.adoc,/Users/brywoodruff/Projects/Vibe/rspec/rules/S3330/metadata.json
S3343,,,,,,csharp,,,Unknown,,rule.adoc,/Users/brywoodruff/Projects/Vibe/rspec/rules/S3343/metadata.json
S3346,"Expressions used in ""assert"" should not produce side effects",BUG,Major,ready,Main,java;csharp,,RELIABILITY:MEDIUM,Constant/Issue: 5min,Sonar way,rule.adoc,/Users/brywoodruff/Projects/Vibe/rspec/rules/S3346/metadata.json
S3353,"Unchanged variables should be marked as ""const""",CODE_SMELL,Critical,ready,Main,kotlin;csharp;javascript,,MAINTAINABILITY:HIGH,Constant/Issue: 2min,,rule.adoc,/Users/brywoodruff/Projects/Vibe/rspec/rules/S3353/metadata.json
S3358,Ternary operators should not be nested,CODE_SMELL,Major,ready,All,python;dart;tsql;java;vbnet;php;common;swift;csharp;javascript;cfamily,confusing,MAINTAINABILITY:MEDIUM,Constant/Issue: 5min,Sonar way,compliant.adoc;noncompliant.adoc;rule.adoc,/Users/brywoodruff/Projects/Vibe/rspec/rules/S3358/metadata.json
S3363,Date and time should not be used as a type for primary keys,BUG,Minor,ready,Main,java;vbnet;csharp,,RELIABILITY:LOW,Constant/Issue: 30min,Sonar way,rule.adoc,/Users/brywoodruff/Projects/Vibe/rspec/rules/S3363/metadata.json
S3366,"""this"" should not be exposed from constructors",CODE_SMELL,Major,ready,Main,java;csharp,multi-threading;suspicious,MAINTAINABILITY:MEDIUM,Constant/Issue: 30min,,rule.adoc,/Users/brywoodruff/Projects/Vibe/rspec/rules/S3366/metadata.json
S3376,"Attribute, EventArgs, and Exception type names should end with the type being extended",CODE_SMELL,Minor,ready,All,csharp,convention,MAINTAINABILITY:LOW,Constant/Issue: 5min,Sonar way,rule.adoc,/Users/brywoodruff/Projects/Vibe/rspec/rules/S3376/metadata.json
S3397,"""base.Equals"" should not be used to check for reference equality in ""Equals"" if ""base"" is not ""object""",BUG,Minor,ready,All,csharp,,RELIABILITY:LOW,Constant/Issue: 5min,Sonar way,rule.adoc,/Users/brywoodruff/Projects/Vibe/rspec/rules/S3397/metadata.json
S3398,"""private"" methods called only by inner classes should be moved to those classes",CODE_SMELL,Minor,ready,All,java;csharp,confusing,MAINTAINABILITY:LOW,Constant/Issue: 5min,Sonar way,rule.adoc,/Users/brywoodruff/Projects/Vibe/rspec/rules/S3398/metadata.json
S3399,Super class fields should not be assigned from constructors,CODE_SMELL,Major,closed,Main,java;swift;csharp;cfamily,suspicious,,Constant/Issue: 5min,,rule.adoc,/Users/brywoodruff/Projects/Vibe/rspec/rules/S3399/metadata.json
S3400,Methods should not return constants,CODE_SMELL,Minor,ready,Main,java;swift;csharp;cfamily,confusing,MAINTAINABILITY:LOW,Constant/Issue: 5min,Sonar way,rule.adoc,/Users/brywoodruff/Projects/Vibe/rspec/rules/S3400/metadata.json
S3411,,,,,,csharp,,,Unknown,,rule.adoc,/Users/brywoodruff/Projects/Vibe/rspec/rules/S3411/metadata.json
S3415,Assertion arguments should be passed in the correct order,CODE_SMELL,Major,ready,Tests,java;php;csharp;javascript,tests;suspicious,MAINTAINABILITY:MEDIUM,Constant/Issue: 2min,Sonar way,rule.adoc,/Users/brywoodruff/Projects/Vibe/rspec/rules/S3415/metadata.json
S3416,Loggers should be named for their enclosing classes,CODE_SMELL,Minor,ready,Main,java;csharp,confusing;logging,MAINTAINABILITY:LOW,Constant/Issue: 5min,Sonar way,how.adoc;rule.adoc;why-code-example.adoc;why-exception-example.adoc,/Users/brywoodruff/Projects/Vibe/rspec/rules/S3416/metadata.json
S3424,Skipped unit tests should be either removed or fixed,CODE_SMELL,Minor,closed,Tests,python;rpg;java;vbnet;abap;php;pli;swift;csharp;plsql;javascript;cobol;flex;cfamily,,,Linear,,rule.adoc,/Users/brywoodruff/Projects/Vibe/rspec/rules/S3424/metadata.json
S3427,Method overloads with default parameter values should not overlap,CODE_SMELL,Blocker,ready,All,csharp,unused;pitfall,MAINTAINABILITY:BLOCKER,Constant/Issue: 10min,Sonar way,rule.adoc,/Users/brywoodruff/Projects/Vibe/rspec/rules/S3427/metadata.json
S3430,,,,,,csharp,,,Unknown,,rule.adoc,/Users/brywoodruff/Projects/Vibe/rspec/rules/S3430/metadata.json
S3431,"""[ExpectedException]"" should not be used",CODE_SMELL,Major,ready,Tests,vbnet;csharp,tests,MAINTAINABILITY:MEDIUM,Constant/Issue: 5min,Sonar way,flow-example.adoc;how-mstest.adoc;how-nunit.adoc;rule.adoc,/Users/brywoodruff/Projects/Vibe/rspec/rules/S3431/metadata.json
S3433,Test method signatures should be correct,CODE_SMELL,Blocker,ready,Tests,csharp,tests,MAINTAINABILITY:BLOCKER,Constant/Issue: 2min,Sonar way,rule.adoc,/Users/brywoodruff/Projects/Vibe/rspec/rules/S3433/metadata.json
S3434,Child class members should not shadow parent class members,BUG,Minor,ready,Main,java;csharp,api-design;pitfall,,Constant/Issue: 10min,Sonar way,rule.adoc,/Users/brywoodruff/Projects/Vibe/rspec/rules/S3434/metadata.json
S3440,Variables should not be checked against the values they're about to be assigned,CODE_SMELL,Minor,ready,All,csharp,confusing,MAINTAINABILITY:LOW,Constant/Issue: 2min,Sonar way,rule.adoc,/Users/brywoodruff/Projects/Vibe/rspec/rules/S3440/metadata.json
S3441,,,,,,csharp,,,Unknown,,rule.adoc,/Users/brywoodruff/Projects/Vibe/rspec/rules/S3441/metadata.json
S3442,,,,,,csharp,,,Unknown,,rule.adoc,/Users/brywoodruff/Projects/Vibe/rspec/rules/S3442/metadata.json
S3443,"Type should not be examined on ""System.Type"" instances",CODE_SMELL,Blocker,ready,All,csharp,suspicious,MAINTAINABILITY:BLOCKER,Constant/Issue: 5min,Sonar way,rule.adoc,/Users/brywoodruff/Projects/Vibe/rspec/rules/S3443/metadata.json
S3444,,,,,,csharp,,,Unknown,,rule.adoc,/Users/brywoodruff/Projects/Vibe/rspec/rules/S3444/metadata.json
S3445,,,,,,csharp,,,Unknown,,rule.adoc,/Users/brywoodruff/Projects/Vibe/rspec/rules/S3445/metadata.json
S3447,,,,,,csharp,,,Unknown,,rule.adoc,/Users/brywoodruff/Projects/Vibe/rspec/rules/S3447/metadata.json
S3449,Right operands of shift operators should be integers,BUG,Critical,ready,All,vbnet;csharp,,RELIABILITY:HIGH,Constant/Issue: 10min,Sonar way,rule.adoc,/Users/brywoodruff/Projects/Vibe/rspec/rules/S3449/metadata.json
S3450,,,,,,csharp,,,Unknown,,rule.adoc,/Users/brywoodruff/Projects/Vibe/rspec/rules/S3450/metadata.json
S3451,,,,,,csharp,,,Unknown,,rule.adoc,/Users/brywoodruff/Projects/Vibe/rspec/rules/S3451/metadata.json
S3453,"Classes should not have only ""private"" constructors",BUG,Major,ready,All,vbnet;csharp,design,RELIABILITY:MEDIUM,Constant/Issue: 5min,Sonar way,compliant-code.adoc;noncompliant-code.adoc;rule.adoc,/Users/brywoodruff/Projects/Vibe/rspec/rules/S3453/metadata.json
S3456,,,,,,csharp,,,Unknown,,rspecator.adoc;rule.adoc,/Users/brywoodruff/Projects/Vibe/rspec/rules/S3456/metadata.json
S3457,Format strings should be used correctly,CODE_SMELL,Major,ready,All,python;java;csharp;cfamily,confusing,MAINTAINABILITY:MEDIUM,Constant/Issue: 1min,Sonar way,rule.adoc,/Users/brywoodruff/Projects/Vibe/rspec/rules/S3457/metadata.json
S3458,"Empty ""case"" clauses that fall through to the ""default"" should be omitted",CODE_SMELL,Minor,ready,All,csharp;cfamily,finding;clumsy,MAINTAINABILITY:LOW,Constant/Issue: 1min,Sonar way,rule.adoc,/Users/brywoodruff/Projects/Vibe/rspec/rules/S3458/metadata.json
S3459,,,,,,csharp,,,Unknown,,rule.adoc,/Users/brywoodruff/Projects/Vibe/rspec/rules/S3459/metadata.json
S3460,,,,,,csharp,,,Unknown,,rule.adoc,/Users/brywoodruff/Projects/Vibe/rspec/rules/S3460/metadata.json
S3464,Type inheritance should not be recursive,BUG,Blocker,ready,Main,vbnet;csharp,,RELIABILITY:BLOCKER,Constant/Issue: 1h,Sonar way,rule.adoc,/Users/brywoodruff/Projects/Vibe/rspec/rules/S3464/metadata.json
S3465,,,,,,csharp,,,Unknown,,rule.adoc,/Users/brywoodruff/Projects/Vibe/rspec/rules/S3465/metadata.json
S3466,"Optional parameters should be passed to ""base"" calls",BUG,Major,ready,All,vbnet;csharp,,RELIABILITY:MEDIUM,Constant/Issue: 5min,Sonar way,rule.adoc,/Users/brywoodruff/Projects/Vibe/rspec/rules/S3466/metadata.json
S3477,"Tests should not catch ""RuntimeException""",CODE_SMELL,Major,closed,Main,java;php;csharp,tests,,Constant/Issue: 2min,Sonar way,rule.adoc,/Users/brywoodruff/Projects/Vibe/rspec/rules/S3477/metadata.json
S3501,,,,,,csharp,,,Unknown,,rule.adoc,/Users/brywoodruff/Projects/Vibe/rspec/rules/S3501/metadata.json
S3502,Methods in the same class should not have the same body,CODE_SMELL,Major,closed,Main,python;css;vb6;java;vbnet;php;swift;csharp;javascript;flex;cfamily,design;suspicious,,Constant/Issue: 5min,Sonar way,rule.adoc,/Users/brywoodruff/Projects/Vibe/rspec/rules/S3502/metadata.json
S3532,,,,,,csharp,,,Unknown,,rule.adoc,/Users/brywoodruff/Projects/Vibe/rspec/rules/S3532/metadata.json
S3554,Loop stop conditions should allow more than one iteration,BUG,Major,closed,Main,python;vb6;java;vbnet;php;swift;csharp;javascript;flex;cfamily,,,Constant/Issue: 10min,,rule.adoc,/Users/brywoodruff/Projects/Vibe/rspec/rules/S3554/metadata.json
S3575,,,,,,csharp,,,Unknown,,rule.adoc,/Users/brywoodruff/Projects/Vibe/rspec/rules/S3575/metadata.json
S3577,Test classes should comply with a naming convention,CODE_SMELL,Minor,ready,Tests,java;csharp,convention;tests,MAINTAINABILITY:LOW,Constant/Issue: 5min,,rule.adoc,/Users/brywoodruff/Projects/Vibe/rspec/rules/S3577/metadata.json
S3597,,,,,,csharp,,,Unknown,,rule.adoc,/Users/brywoodruff/Projects/Vibe/rspec/rules/S3597/metadata.json
S3598,"One-way ""OperationContract"" methods should have ""void"" return type",BUG,Major,ready,All,vbnet;csharp,,RELIABILITY:MEDIUM,Constant/Issue: 15min,Sonar way,rule.adoc,/Users/brywoodruff/Projects/Vibe/rspec/rules/S3598/metadata.json
S3600,,,,,,csharp,,,Unknown,,rule.adoc,/Users/brywoodruff/Projects/Vibe/rspec/rules/S3600/metadata.json
S3603,"Methods with ""Pure"" attribute should return a value ",BUG,Major,ready,All,vbnet;csharp,,RELIABILITY:MEDIUM,Constant/Issue: 5min,Sonar way,rule.adoc,/Users/brywoodruff/Projects/Vibe/rspec/rules/S3603/metadata.json
S3604,Member initializer values should not be redundant,CODE_SMELL,Minor,ready,All,csharp,,MAINTAINABILITY:LOW,Constant/Issue: 1min,Sonar way,rule.adoc,/Users/brywoodruff/Projects/Vibe/rspec/rules/S3604/metadata.json
S3610,,,,,,csharp,,,Unknown,,rule.adoc,/Users/brywoodruff/Projects/Vibe/rspec/rules/S3610/metadata.json
S3626,Jump statements should not be redundant,CODE_SMELL,Minor,ready,All,python;tsql;java;abap;php;swift;csharp;plsql;javascript;cfamily,redundant;clumsy,MAINTAINABILITY:LOW,Constant/Issue: 1min,Sonar way,rule.adoc,/Users/brywoodruff/Projects/Vibe/rspec/rules/S3626/metadata.json
S3649,Database queries should not be vulnerable to injection attacks,VULNERABILITY,Blocker,ready,Main,go;python;java;vbnet;kotlin;php;common;csharp;javascript,cwe;sql,SECURITY:BLOCKER,Constant/Issue: 30min,Sonar way,rule.adoc,/Users/brywoodruff/Projects/Vibe/rspec/rules/S3649/metadata.json
S3655,Empty nullable value should not be accessed,BUG,Major,ready,All,java;vbnet;csharp,cwe;symbolic-execution,RELIABILITY:MEDIUM,Constant/Issue: 10min,Sonar way,rule.adoc,/Users/brywoodruff/Projects/Vibe/rspec/rules/S3655/metadata.json
S3688,Track uses of disallowed classes,CODE_SMELL,Info,ready,All,jcl;java;csharp;cobol,,MAINTAINABILITY:INFO,Constant/Issue: 0min,,rule.adoc,/Users/brywoodruff/Projects/Vibe/rspec/rules/S3688/metadata.json
S3693,Exception constructors should not throw exceptions,BUG,Blocker,deprecated,All,vbnet;csharp,,,Constant/Issue: 15min,,rule.adoc,/Users/brywoodruff/Projects/Vibe/rspec/rules/S3693/metadata.json
S3717,"Track use of ""NotImplementedException""",CODE_SMELL,Minor,ready,All,csharp,,MAINTAINABILITY:LOW,Constant/Issue: 1h,,rule.adoc,/Users/brywoodruff/Projects/Vibe/rspec/rules/S3717/metadata.json
S3776,Cognitive Complexity of functions should not be too high,CODE_SMELL,Critical,ready,All,apex;go;python;dart;rust;java;vbnet;abap;kotlin;php;scala;swift;csharp;javascript;ruby;cfamily,brain-overload,MAINTAINABILITY:HIGH,Linear with offset,Sonar way,rule.adoc,/Users/brywoodruff/Projects/Vibe/rspec/rules/S3776/metadata.json
S3869,"""SafeHandle.DangerousGetHandle"" should not be called",BUG,Blocker,ready,All,vbnet;csharp,leak;unpredictable,RELIABILITY:BLOCKER,Constant/Issue: 20min,Sonar way,rule.adoc,/Users/brywoodruff/Projects/Vibe/rspec/rules/S3869/metadata.json
S3871,"Exception types should be ""public""",CODE_SMELL,Critical,ready,All,vbnet;csharp,error-handling;api-design,MAINTAINABILITY:HIGH,Constant/Issue: 5min,Sonar way,rule.adoc,/Users/brywoodruff/Projects/Vibe/rspec/rules/S3871/metadata.json
S3872,Parameter names should not duplicate the names of their methods,CODE_SMELL,Minor,ready,All,csharp,convention;confusing,MAINTAINABILITY:LOW,Constant/Issue: 5min,,rule.adoc,/Users/brywoodruff/Projects/Vibe/rspec/rules/S3872/metadata.json
S3874,"""out"" and ""ref"" parameters should not be used",CODE_SMELL,Critical,ready,All,csharp;plsql,suspicious,MAINTAINABILITY:HIGH,Constant/Issue: 20min,,rule.adoc,/Users/brywoodruff/Projects/Vibe/rspec/rules/S3874/metadata.json
S3875,"""operator=="" should not be overloaded on reference types",CODE_SMELL,Blocker,ready,All,csharp,pitfall,MAINTAINABILITY:BLOCKER,Constant/Issue: 15min,Sonar way,rule.adoc,/Users/brywoodruff/Projects/Vibe/rspec/rules/S3875/metadata.json
S3876,,,,,,csharp,,,Unknown,,rule.adoc,/Users/brywoodruff/Projects/Vibe/rspec/rules/S3876/metadata.json
S3877,Exceptions should not be thrown from unexpected methods,CODE_SMELL,Blocker,ready,All,csharp,pitfall,MAINTAINABILITY:BLOCKER,Constant/Issue: 20min,Sonar way,rule.adoc,/Users/brywoodruff/Projects/Vibe/rspec/rules/S3877/metadata.json
S3878,Arrays should not be created for varargs parameters,CODE_SMELL,Minor,ready,All,java;vbnet;csharp,clumsy,MAINTAINABILITY:LOW,Constant/Issue: 2min,Sonar way,rule.adoc,/Users/brywoodruff/Projects/Vibe/rspec/rules/S3878/metadata.json
S3880,,,,,,csharp,,,Unknown,,rule.adoc,/Users/brywoodruff/Projects/Vibe/rspec/rules/S3880/metadata.json
S3881,,,,,,csharp,,,Unknown,,rule.adoc,/Users/brywoodruff/Projects/Vibe/rspec/rules/S3881/metadata.json
S3884,"""CoSetProxyBlanket"" and ""CoInitializeSecurity"" should not be used",VULNERABILITY,Blocker,deprecated,All,vbnet;csharp,,SECURITY:BLOCKER,Constant/Issue: 20min,,rule.adoc,/Users/brywoodruff/Projects/Vibe/rspec/rules/S3884/metadata.json
S3885,,,,,,csharp,,,Unknown,,rule.adoc,/Users/brywoodruff/Projects/Vibe/rspec/rules/S3885/metadata.json
S3887,"Mutable, non-private fields should not be ""readonly""",BUG,Minor,ready,All,csharp,,RELIABILITY:LOW,Constant/Issue: 15min,Sonar way,rule.adoc,/Users/brywoodruff/Projects/Vibe/rspec/rules/S3887/metadata.json
S3889,"""Thread.Resume"" and ""Thread.Suspend"" should not be used",BUG,Blocker,ready,All,vbnet;csharp,multi-threading;unpredictable,RELIABILITY:BLOCKER,Constant/Issue: 20min,Sonar way,rule.adoc,/Users/brywoodruff/Projects/Vibe/rspec/rules/S3889/metadata.json
S3897,,,,,,csharp,,,Unknown,,rule.adoc,/Users/brywoodruff/Projects/Vibe/rspec/rules/S3897/metadata.json
S3898,"Value types should implement ""IEquatable<T>""",CODE_SMELL,Major,ready,All,vbnet;csharp,performance,MAINTAINABILITY:MEDIUM,Constant/Issue: 20min,,rule.adoc,/Users/brywoodruff/Projects/Vibe/rspec/rules/S3898/metadata.json
S3900,Arguments of public methods should be validated against null,CODE_SMELL,Major,ready,All,vbnet;csharp,convention;symbolic-execution,MAINTAINABILITY:MEDIUM,Constant/Issue: 5min,,rule.adoc,/Users/brywoodruff/Projects/Vibe/rspec/rules/S3900/metadata.json
S3902,"""Assembly.GetExecutingAssembly"" should not be called",CODE_SMELL,Major,ready,All,csharp,performance,MAINTAINABILITY:MEDIUM,Constant/Issue: 5min,,rule.adoc,/Users/brywoodruff/Projects/Vibe/rspec/rules/S3902/metadata.json
S3903,Types should be defined in named namespaces,BUG,Major,ready,All,vbnet;csharp,,RELIABILITY:MEDIUM,Constant/Issue: 5min,Sonar way,rule.adoc,/Users/brywoodruff/Projects/Vibe/rspec/rules/S3903/metadata.json
S3904,Assemblies should have version information,CODE_SMELL,Critical,ready,Main,vbnet;csharp,pitfall,MAINTAINABILITY:HIGH,Constant/Issue: 2min,Sonar way,rule.adoc,/Users/brywoodruff/Projects/Vibe/rspec/rules/S3904/metadata.json
S3906,Event Handlers should have the correct signature,CODE_SMELL,Major,ready,All,csharp,convention,MAINTAINABILITY:MEDIUM,Constant/Issue: 5min,,rule.adoc,/Users/brywoodruff/Projects/Vibe/rspec/rules/S3906/metadata.json
S3908,Generic event handlers should be used,CODE_SMELL,Major,ready,All,csharp,,MAINTAINABILITY:MEDIUM,Constant/Issue: 15min,,rule.adoc,/Users/brywoodruff/Projects/Vibe/rspec/rules/S3908/metadata.json
S3909,,,,,,csharp,,,Unknown,,rule.adoc,/Users/brywoodruff/Projects/Vibe/rspec/rules/S3909/metadata.json
S3923,All branches in a conditional structure should not have exactly the same implementation,BUG,Major,ready,All,apex;go;jcl;python;tsql;java;vbnet;abap;kotlin;php;common;scala;swift;csharp;plsql;javascript;cobol;flex;ruby;cfamily,,RELIABILITY:MEDIUM,Constant/Issue: 15min,Sonar way,code-example.adoc;rule.adoc,/Users/brywoodruff/Projects/Vibe/rspec/rules/S3923/metadata.json
S3925,"""ISerializable"" should be implemented correctly",CODE_SMELL,Major,ready,Main,csharp,pitfall,MAINTAINABILITY:MEDIUM,Constant/Issue: 20min,Sonar way,rule.adoc,/Users/brywoodruff/Projects/Vibe/rspec/rules/S3925/metadata.json
S3926,"Deserialization methods should be provided for ""OptionalField"" members",BUG,Major,ready,All,vbnet;csharp,serialization,RELIABILITY:MEDIUM,Constant/Issue: 10min,Sonar way,rule.adoc,/Users/brywoodruff/Projects/Vibe/rspec/rules/S3926/metadata.json
S3927,Serialization event handlers should be implemented correctly,BUG,Major,ready,All,vbnet;csharp,,RELIABILITY:MEDIUM,Constant/Issue: 15min,Sonar way,rule.adoc,/Users/brywoodruff/Projects/Vibe/rspec/rules/S3927/metadata.json
S3928,,,,,,csharp,,,Unknown,,rule.adoc,/Users/brywoodruff/Projects/Vibe/rspec/rules/S3928/metadata.json
S3937,Number patterns should be regular,CODE_SMELL,Critical,ready,All,java;csharp,suspicious,MAINTAINABILITY:HIGH,Constant/Issue: 10min,,rule.adoc,/Users/brywoodruff/Projects/Vibe/rspec/rules/S3937/metadata.json
S3941,Printf-style format strings should be used correctly,CODE_SMELL,Major,closed,All,python;java;csharp;cfamily,,,Constant/Issue: 10min,Sonar way,rule.adoc,/Users/brywoodruff/Projects/Vibe/rspec/rules/S3941/metadata.json
S3949,Calculations should not overflow,BUG,Major,ready,All,vbnet;common;csharp;cfamily,overflow;symbolic-execution,RELIABILITY:MEDIUM,Constant/Issue: 5min,Sonar way,rule.adoc,/Users/brywoodruff/Projects/Vibe/rspec/rules/S3949/metadata.json
S3955,"""if"" and ""while"" statements should not lead to the execution of empty statements",BUG,Major,closed,All,java;php;csharp;plsql;javascript;cfamily,,,Constant/Issue: 2min,Sonar way,rule.adoc,/Users/brywoodruff/Projects/Vibe/rspec/rules/S3955/metadata.json
S3956,,,,,,csharp,,,Unknown,,rule.adoc,/Users/brywoodruff/Projects/Vibe/rspec/rules/S3956/metadata.json
S3962,"""static readonly"" constants should be ""const"" instead",CODE_SMELL,Minor,ready,All,dart;csharp,performance,MAINTAINABILITY:LOW,Constant/Issue: 2min,,rule.adoc,/Users/brywoodruff/Projects/Vibe/rspec/rules/S3962/metadata.json
S3963,,,,,,csharp,,,Unknown,,rule.adoc,/Users/brywoodruff/Projects/Vibe/rspec/rules/S3963/metadata.json
S3966,Objects should not be disposed more than once,CODE_SMELL,Major,ready,All,vbnet;csharp,confusing;pitfall;symbolic-execution,MAINTAINABILITY:MEDIUM,Constant/Issue: 10min,Sonar way,resources.adoc;rule.adoc,/Users/brywoodruff/Projects/Vibe/rspec/rules/S3966/metadata.json
S3967,,,,,,csharp,,,Unknown,,rule.adoc,/Users/brywoodruff/Projects/Vibe/rspec/rules/S3967/metadata.json
S3971,,,,,,csharp,,,Unknown,,rule.adoc,/Users/brywoodruff/Projects/Vibe/rspec/rules/S3971/metadata.json
S3972,Conditionals should start on new lines,CODE_SMELL,Critical,ready,All,tsql;java;php;csharp;javascript;cfamily,suspicious,MAINTAINABILITY:HIGH,Constant/Issue: 10min,Sonar way,compliant-code-exclusive.adoc;compliant-code-unrelated.adoc;noncompliant-code.adoc;rule.adoc,/Users/brywoodruff/Projects/Vibe/rspec/rules/S3972/metadata.json
S3973,A conditionally executed single line should be denoted by indentation,CODE_SMELL,Critical,ready,All,tsql;java;php;csharp;javascript;cfamily,confusing;suspicious,MAINTAINABILITY:HIGH,Constant/Issue: 10min,Sonar way,rule.adoc,/Users/brywoodruff/Projects/Vibe/rspec/rules/S3973/metadata.json
S3981,Collection sizes and array length comparisons should make sense,BUG,Major,ready,All,go;python;java;vbnet;kotlin;php;swift;csharp;javascript,confusing,RELIABILITY:MEDIUM,Constant/Issue: 2min,Sonar way,rule.adoc,/Users/brywoodruff/Projects/Vibe/rspec/rules/S3981/metadata.json
S3984,Exceptions should not be created without being thrown,BUG,Major,ready,All,python;java;vbnet;php;csharp;javascript,error-handling,RELIABILITY:MEDIUM,Constant/Issue: 2min,Sonar way,rule.adoc,/Users/brywoodruff/Projects/Vibe/rspec/rules/S3984/metadata.json
S3990,Assemblies should be marked as CLS compliant,CODE_SMELL,Major,ready,All,vbnet;csharp,api-design,MAINTAINABILITY:MEDIUM,Constant/Issue: 1min,,rule.adoc,/Users/brywoodruff/Projects/Vibe/rspec/rules/S3990/metadata.json
S3992,Assemblies should explicitly specify COM visibility,CODE_SMELL,Major,ready,All,vbnet;csharp,api-design,MAINTAINABILITY:MEDIUM,Constant/Issue: 1min,,rule.adoc,/Users/brywoodruff/Projects/Vibe/rspec/rules/S3992/metadata.json
S3993,"Custom attributes should be marked with ""System.AttributeUsageAttribute""",CODE_SMELL,Major,ready,All,csharp,api-design,MAINTAINABILITY:MEDIUM,Constant/Issue: 5min,Sonar way,rule.adoc,/Users/brywoodruff/Projects/Vibe/rspec/rules/S3993/metadata.json
S3994,URI Parameters should not be strings,CODE_SMELL,Major,ready,All,csharp,,MAINTAINABILITY:MEDIUM,Constant/Issue: 10min,,rule.adoc,/Users/brywoodruff/Projects/Vibe/rspec/rules/S3994/metadata.json
S3995,URI return values should not be strings,CODE_SMELL,Major,ready,All,csharp,,MAINTAINABILITY:MEDIUM,Constant/Issue: 10min,,rule.adoc,/Users/brywoodruff/Projects/Vibe/rspec/rules/S3995/metadata.json
S3996,URI properties should not be strings,CODE_SMELL,Major,ready,All,csharp,,MAINTAINABILITY:MEDIUM,Constant/Issue: 10min,,rule.adoc,/Users/brywoodruff/Projects/Vibe/rspec/rules/S3996/metadata.json
S3997,"String URI overloads should call ""System.Uri"" overloads",CODE_SMELL,Major,ready,All,csharp,,MAINTAINABILITY:MEDIUM,Constant/Issue: 5min,,rule.adoc,/Users/brywoodruff/Projects/Vibe/rspec/rules/S3997/metadata.json
S3998,Threads should not lock on objects with weak identity,CODE_SMELL,Critical,ready,All,vbnet;csharp,multi-threading;pitfall,MAINTAINABILITY:HIGH,Constant/Issue: 10min,Sonar way,rule.adoc,/Users/brywoodruff/Projects/Vibe/rspec/rules/S3998/metadata.json
S4000,,,,,,csharp,,,Unknown,,rule.adoc,/Users/brywoodruff/Projects/Vibe/rspec/rules/S4000/metadata.json
S4002,,,,,,csharp,,,Unknown,,rule.adoc,/Users/brywoodruff/Projects/Vibe/rspec/rules/S4002/metadata.json
S4004,Collection properties should be readonly,CODE_SMELL,Major,ready,All,csharp,,MAINTAINABILITY:MEDIUM,Constant/Issue: 5min,,rule.adoc,/Users/brywoodruff/Projects/Vibe/rspec/rules/S4004/metadata.json
S4005,"""System.Uri"" arguments should be used instead of strings",CODE_SMELL,Major,ready,All,csharp,,MAINTAINABILITY:MEDIUM,Constant/Issue: 2min,,rule.adoc,/Users/brywoodruff/Projects/Vibe/rspec/rules/S4005/metadata.json
S4015,Inherited member visibility should not be decreased,CODE_SMELL,Critical,ready,All,csharp,pitfall,MAINTAINABILITY:HIGH,Constant/Issue: 2min,Sonar way,rule.adoc,/Users/brywoodruff/Projects/Vibe/rspec/rules/S4015/metadata.json
S4016,,,,,,csharp,,,Unknown,,rule.adoc,/Users/brywoodruff/Projects/Vibe/rspec/rules/S4016/metadata.json
S4017,,,,,,csharp,,,Unknown,,rule.adoc,/Users/brywoodruff/Projects/Vibe/rspec/rules/S4017/metadata.json
S4018,All type parameters should be used in the parameter list to enable type inference,CODE_SMELL,Minor,ready,All,csharp,,MAINTAINABILITY:LOW,Constant/Issue: 15min,,rule.adoc,/Users/brywoodruff/Projects/Vibe/rspec/rules/S4018/metadata.json
S4019,,,,,,csharp,,,Unknown,,rule.adoc,/Users/brywoodruff/Projects/Vibe/rspec/rules/S4019/metadata.json
S4021,,,,,,csharp,,,Unknown,,rule.adoc,/Users/brywoodruff/Projects/Vibe/rspec/rules/S4021/metadata.json
S4022,"Enumerations should have ""Int32"" storage",CODE_SMELL,Minor,ready,All,csharp,,MAINTAINABILITY:LOW,Constant/Issue: 2min,,rule.adoc,/Users/brywoodruff/Projects/Vibe/rspec/rules/S4022/metadata.json
S4023,Interfaces should not be empty,CODE_SMELL,Minor,ready,Main,csharp;javascript,,MAINTAINABILITY:LOW,Constant/Issue: 2min,,rule.adoc,/Users/brywoodruff/Projects/Vibe/rspec/rules/S4023/metadata.json
S4025,Child class fields should not differ from parent class fields only by capitalization,CODE_SMELL,Critical,ready,All,vbnet;csharp,pitfall,MAINTAINABILITY:HIGH,Constant/Issue: 5min,,rule.adoc,/Users/brywoodruff/Projects/Vibe/rspec/rules/S4025/metadata.json
S4026,"Assemblies should be marked with ""NeutralResourcesLanguageAttribute""",CODE_SMELL,Minor,ready,All,csharp,performance,MAINTAINABILITY:LOW,Constant/Issue: 2min,,rule.adoc,/Users/brywoodruff/Projects/Vibe/rspec/rules/S4026/metadata.json
S4027,,,,,,csharp,,,Unknown,,rspecator.adoc;rule.adoc,/Users/brywoodruff/Projects/Vibe/rspec/rules/S4027/metadata.json
S4035,,,,,,csharp,,,Unknown,,rule.adoc,/Users/brywoodruff/Projects/Vibe/rspec/rules/S4035/metadata.json
S4036,Searching OS commands in PATH is security-sensitive,SECURITY_HOTSPOT,Minor,ready,Main,go;python;java;vbnet;php;csharp;javascript,cwe,SECURITY:LOW,Constant/Issue: 15min,Sonar way,rule.adoc,/Users/brywoodruff/Projects/Vibe/rspec/rules/S4036/metadata.json
S4039,,,,,,csharp,,,Unknown,,rule.adoc,/Users/brywoodruff/Projects/Vibe/rspec/rules/S4039/metadata.json
S4040,Strings should be normalized to uppercase,CODE_SMELL,Minor,ready,All,csharp,pitfall,MAINTAINABILITY:LOW,Constant/Issue: 2min,,rule.adoc,/Users/brywoodruff/Projects/Vibe/rspec/rules/S4040/metadata.json
S4041,,,,,,csharp,,,Unknown,,rule.adoc,/Users/brywoodruff/Projects/Vibe/rspec/rules/S4041/metadata.json
S4045,,,,,,csharp,,,Unknown,,rule.adoc,/Users/brywoodruff/Projects/Vibe/rspec/rules/S4045/metadata.json
S4047,,,,,,csharp,,,Unknown,,rule.adoc,/Users/brywoodruff/Projects/Vibe/rspec/rules/S4047/metadata.json
S4049,,,,,,csharp,,,Unknown,,rule.adoc,/Users/brywoodruff/Projects/Vibe/rspec/rules/S4049/metadata.json
S4050,,,,,,csharp,,,Unknown,,rule.adoc,/Users/brywoodruff/Projects/Vibe/rspec/rules/S4050/metadata.json
S4052,,,,,,csharp,,,Unknown,,rule.adoc,/Users/brywoodruff/Projects/Vibe/rspec/rules/S4052/metadata.json
S4055,,,,,,csharp,,,Unknown,,rule.adoc,/Users/brywoodruff/Projects/Vibe/rspec/rules/S4055/metadata.json
S4056,,,,,,csharp,,,Unknown,,rule.adoc,/Users/brywoodruff/Projects/Vibe/rspec/rules/S4056/metadata.json
S4057,,,,,,csharp,,,Unknown,,rule.adoc,/Users/brywoodruff/Projects/Vibe/rspec/rules/S4057/metadata.json
S4058,,,,,,csharp,,,Unknown,,rule.adoc,/Users/brywoodruff/Projects/Vibe/rspec/rules/S4058/metadata.json
S4059,,,,,,csharp,,,Unknown,,rule.adoc,/Users/brywoodruff/Projects/Vibe/rspec/rules/S4059/metadata.json
S4060,Non-abstract attributes should be sealed,CODE_SMELL,Minor,ready,Main,vbnet;csharp,performance,MAINTAINABILITY:LOW,Constant/Issue: 2min,,rule.adoc,/Users/brywoodruff/Projects/Vibe/rspec/rules/S4060/metadata.json
S4061,,,,,,csharp,,,Unknown,,rule.adoc,/Users/brywoodruff/Projects/Vibe/rspec/rules/S4061/metadata.json
S4069,,,,,,csharp,,,Unknown,,rule.adoc,/Users/brywoodruff/Projects/Vibe/rspec/rules/S4069/metadata.json
S4070,,,,,,csharp,,,Unknown,,rule.adoc,/Users/brywoodruff/Projects/Vibe/rspec/rules/S4070/metadata.json
S4136,Method overloads should be grouped together,CODE_SMELL,Minor,ready,All,vbnet;csharp;javascript;cfamily,convention,MAINTAINABILITY:LOW,Constant/Issue: 1min,,rule.adoc,/Users/brywoodruff/Projects/Vibe/rspec/rules/S4136/metadata.json
S4142,Duplicate values should not be passed as arguments,CODE_SMELL,Major,deprecated,Main,tsql;java;vbnet;php;swift;csharp,,,Constant/Issue: 5min,,rule.adoc,/Users/brywoodruff/Projects/Vibe/rspec/rules/S4142/metadata.json
S4143,Map values should not be replaced unconditionally,BUG,Major,ready,All,go;python;java;vbnet;php;swift;csharp;javascript;cfamily,suspicious,RELIABILITY:MEDIUM,Constant/Issue: 5min,Sonar way,rule.adoc,/Users/brywoodruff/Projects/Vibe/rspec/rules/S4143/metadata.json
S4144,Methods should not have identical implementations,CODE_SMELL,Major,ready,All,apex;go;python;java;vbnet;kotlin;php;scala;swift;csharp;javascript;ruby;cfamily,confusing;duplicate;suspicious,MAINTAINABILITY:MEDIUM,Constant/Issue: 15min,Sonar way,rule.adoc,/Users/brywoodruff/Projects/Vibe/rspec/rules/S4144/metadata.json
S4158,Empty collections should not be accessed or iterated,BUG,Minor,ready,All,vbnet;csharp;javascript,,RELIABILITY:LOW,Constant/Issue: 15min,Sonar way,rule.adoc,/Users/brywoodruff/Projects/Vibe/rspec/rules/S4158/metadata.json
S4159,"Classes should implement their ""ExportAttribute"" interfaces",BUG,Blocker,ready,All,vbnet;csharp,mef;pitfall,RELIABILITY:BLOCKER,Constant/Issue: 15min,Sonar way,rule.adoc,/Users/brywoodruff/Projects/Vibe/rspec/rules/S4159/metadata.json
S4200,Native methods should be wrapped,CODE_SMELL,Major,ready,Main,csharp,pitfall,MAINTAINABILITY:MEDIUM,Constant/Issue: 30min,Sonar way,rule.adoc,/Users/brywoodruff/Projects/Vibe/rspec/rules/S4200/metadata.json
S4201,"Null checks should not be used with ""instanceof""",CODE_SMELL,Minor,ready,All,java;vbnet;csharp,redundant,MAINTAINABILITY:LOW,Constant/Issue: 5min,Sonar way,rule.adoc,/Users/brywoodruff/Projects/Vibe/rspec/rules/S4201/metadata.json
S4210,Windows Forms entry points should be marked with STAThread,BUG,Major,ready,All,vbnet;csharp,winforms;pitfall,RELIABILITY:MEDIUM,Constant/Issue: 2min,Sonar way,rule.adoc,/Users/brywoodruff/Projects/Vibe/rspec/rules/S4210/metadata.json
S4211,,,,,,csharp,,,Unknown,,rule.adoc,/Users/brywoodruff/Projects/Vibe/rspec/rules/S4211/metadata.json
S4212,,,,,,csharp,,,Unknown,,rule.adoc,/Users/brywoodruff/Projects/Vibe/rspec/rules/S4212/metadata.json
S4213,,,,,,csharp,,,Unknown,,rule.adoc,/Users/brywoodruff/Projects/Vibe/rspec/rules/S4213/metadata.json
S4214,"""P/Invoke"" methods should not be visible",CODE_SMELL,Major,deprecated,Main,vbnet;csharp,,,Constant/Issue: 2min,,rule.adoc,/Users/brywoodruff/Projects/Vibe/rspec/rules/S4214/metadata.json
S4220,Events should have proper arguments,CODE_SMELL,Major,ready,All,csharp,event;pitfall,MAINTAINABILITY:MEDIUM,Constant/Issue: 5min,Sonar way,rule.adoc,/Users/brywoodruff/Projects/Vibe/rspec/rules/S4220/metadata.json
S4225,"Extension methods should not extend ""object""",CODE_SMELL,Minor,ready,All,vbnet;csharp,,MAINTAINABILITY:LOW,Constant/Issue: 15min,,rule.adoc,/Users/brywoodruff/Projects/Vibe/rspec/rules/S4225/metadata.json
S4226,,,,,,csharp,,,Unknown,,rule.adoc,/Users/brywoodruff/Projects/Vibe/rspec/rules/S4226/metadata.json
S4260,"""ConstructorArgument"" parameters should exist in constructors",BUG,Major,ready,All,vbnet;csharp,xaml;wpf,RELIABILITY:MEDIUM,Constant/Issue: 2min,Sonar way,rule.adoc,/Users/brywoodruff/Projects/Vibe/rspec/rules/S4260/metadata.json
S4261,,,,,,csharp,,,Unknown,,rule.adoc,/Users/brywoodruff/Projects/Vibe/rspec/rules/S4261/metadata.json
S4275,Getters and setters should access the expected fields,BUG,Critical,ready,All,rust;java;vbnet;csharp;javascript,pitfall,RELIABILITY:HIGH,Constant/Issue: 5min,Sonar way,rule.adoc,/Users/brywoodruff/Projects/Vibe/rspec/rules/S4275/metadata.json
S4277,"""Shared"" parts should not be created with ""new""",BUG,Critical,ready,Main,vbnet;csharp,mef;pitfall,RELIABILITY:HIGH,Constant/Issue: 5min,Sonar way,rule.adoc,/Users/brywoodruff/Projects/Vibe/rspec/rules/S4277/metadata.json
S4347,Secure random number generators should not output predictable values,VULNERABILITY,Critical,ready,Main,java;kotlin;common;csharp,cwe;cert;pitfall,SECURITY:HIGH,Constant/Issue: 2min,Sonar way,rule.adoc,/Users/brywoodruff/Projects/Vibe/rspec/rules/S4347/metadata.json
S4423,Weak SSL/TLS protocols should not be used,VULNERABILITY,Critical,ready,Main,terraform;docker;go;python;shell;azureresourcemanager;java;vbnet;kotlin;php;common;githubactions;swift;csharp;javascript;cloudformation;ruby;cfamily,cwe;privacy,SECURITY:HIGH,Constant/Issue: 2min,Sonar way,rule.adoc,/Users/brywoodruff/Projects/Vibe/rspec/rules/S4423/metadata.json
S4426,Cryptographic keys should be robust,VULNERABILITY,Critical,ready,Main,go;python;java;kotlin;php;common;swift;csharp;javascript;cfamily,cwe;privacy,SECURITY:HIGH,Constant/Issue: 2min,Sonar way,rule.adoc,/Users/brywoodruff/Projects/Vibe/rspec/rules/S4426/metadata.json
S4428,"""PartCreationPolicyAttribute"" should be used with ""ExportAttribute""",BUG,Major,ready,All,vbnet;csharp,mef;pitfall,RELIABILITY:MEDIUM,Constant/Issue: 5min,Sonar way,rule.adoc,/Users/brywoodruff/Projects/Vibe/rspec/rules/S4428/metadata.json
S4432,AES encryption algorithm should be used with secured mode,VULNERABILITY,Critical,deprecated,Main,java;csharp,,,Constant/Issue: 2min,,rule.adoc,/Users/brywoodruff/Projects/Vibe/rspec/rules/S4432/metadata.json
S4433,LDAP connections should be authenticated,VULNERABILITY,Critical,ready,Main,python;java;php;common;csharp,cwe,SECURITY:HIGH,Constant/Issue: 15min,Sonar way,rule.adoc,/Users/brywoodruff/Projects/Vibe/rspec/rules/S4433/metadata.json
S4456,Parameter validation in yielding methods should be wrapped,CODE_SMELL,Major,ready,All,csharp,yield,MAINTAINABILITY:MEDIUM,Constant/Issue: 15min,Sonar way,rule.adoc,/Users/brywoodruff/Projects/Vibe/rspec/rules/S4456/metadata.json
S4457,"Parameter validation in ""async""/""await"" methods should be wrapped",CODE_SMELL,Major,ready,All,csharp,async-await,MAINTAINABILITY:MEDIUM,Constant/Issue: 15min,,rule.adoc,/Users/brywoodruff/Projects/Vibe/rspec/rules/S4457/metadata.json
S4462,"Calls to ""async"" methods should not be blocking",CODE_SMELL,Blocker,ready,Main,csharp,async-await;deadlock,MAINTAINABILITY:BLOCKER,Constant/Issue: 20min,,rule.adoc,/Users/brywoodruff/Projects/Vibe/rspec/rules/S4462/metadata.json
S4487,"Unread ""private"" fields should be removed",CODE_SMELL,Critical,ready,All,python;java;csharp,cwe;unused,MAINTAINABILITY:HIGH,Constant/Issue: 5min,Sonar way,rule.adoc,/Users/brywoodruff/Projects/Vibe/rspec/rules/S4487/metadata.json
S4502,Disabling CSRF protections is security-sensitive,SECURITY_HOTSPOT,Critical,ready,Main,python;java;php;csharp;javascript;ruby,cwe,SECURITY:HIGH,Constant/Issue: 5min,Sonar way,rule.adoc,/Users/brywoodruff/Projects/Vibe/rspec/rules/S4502/metadata.json
S4507,Delivering code in production with debug features activated is security-sensitive,SECURITY_HOTSPOT,Minor,ready,Main,docker;go;python;azureresourcemanager;rpg;java;vbnet;kotlin;php;xml;swift;csharp;javascript;cobol;flex,cwe;error-handling;debug;user-experience,SECURITY:LOW,Constant/Issue: 1min,Sonar way,rule.adoc,/Users/brywoodruff/Projects/Vibe/rspec/rules/S4507/metadata.json
S4524,"""default"" clauses should be first or last",CODE_SMELL,Critical,ready,All,java;abap;php;csharp;javascript;flex;cfamily,,MAINTAINABILITY:HIGH,Constant/Issue: 5min,Sonar way,rule.adoc,/Users/brywoodruff/Projects/Vibe/rspec/rules/S4524/metadata.json
S4529,Exposing HTTP endpoints is security-sensitive,SECURITY_HOTSPOT,Critical,deprecated,Main,python;java;vbnet;php;csharp;javascript,,,Constant/Issue: 15min,,rule.adoc,/Users/brywoodruff/Projects/Vibe/rspec/rules/S4529/metadata.json
S4545,"""DebuggerDisplayAttribute"" strings should reference existing members",CODE_SMELL,Major,ready,All,vbnet;csharp,,MAINTAINABILITY:MEDIUM,Constant/Issue: 5min,Sonar way,rule.adoc,/Users/brywoodruff/Projects/Vibe/rspec/rules/S4545/metadata.json
S4564,,,,,,csharp,,,Unknown,,rule.adoc,/Users/brywoodruff/Projects/Vibe/rspec/rules/S4564/metadata.json
S4581,"""new Guid()"" should not be used",CODE_SMELL,Major,ready,All,vbnet;csharp,,MAINTAINABILITY:MEDIUM,Constant/Issue: 5 min,Sonar way,rule.adoc,/Users/brywoodruff/Projects/Vibe/rspec/rules/S4581/metadata.json
S4583,"Calls to delegate's method ""BeginInvoke"" should be paired with calls to ""EndInvoke""",BUG,Critical,ready,All,vbnet;csharp,,RELIABILITY:HIGH,Constant/Issue: 15min,Sonar way,rule.adoc,/Users/brywoodruff/Projects/Vibe/rspec/rules/S4583/metadata.json
S4586,"Non-async ""Task/Task<T>"" methods should not return null",BUG,Critical,ready,All,vbnet;csharp,async-await,RELIABILITY:HIGH,Constant/Issue: 5 min,Sonar way,rule.adoc,/Users/brywoodruff/Projects/Vibe/rspec/rules/S4586/metadata.json
S4635,String offset-based methods should be preferred for finding substrings from offsets,CODE_SMELL,Critical,ready,All,java;csharp,performance,MAINTAINABILITY:HIGH,Constant/Issue: 5min,Sonar way,rule.adoc,/Users/brywoodruff/Projects/Vibe/rspec/rules/S4635/metadata.json
S4639,Zip function calls should not be vulnerable to path traversal attacks,VULNERABILITY,Critical,ready,Main,java;csharp,cwe,SECURITY:HIGH,Constant/Issue: 30min,,rule.adoc,/Users/brywoodruff/Projects/Vibe/rspec/rules/S4639/metadata.json
S4663,Multi-line comments should not be empty,CODE_SMELL,Minor,ready,Main,apex;go;css;vbnet;kotlin;common;scala;csharp;ruby,,MAINTAINABILITY:LOW,Constant/Issue: 1min,Sonar way,code-example.adoc;rule.adoc,/Users/brywoodruff/Projects/Vibe/rspec/rules/S4663/metadata.json
S4721,Using shell interpreter when executing OS commands is security-sensitive,SECURITY_HOTSPOT,Major,ready,Main,python;java;vbnet;abap;php;csharp;javascript,cwe,SECURITY:MEDIUM,Constant/Issue: 30min,Sonar way,rule.adoc,/Users/brywoodruff/Projects/Vibe/rspec/rules/S4721/metadata.json
S4784,Using regular expressions is security-sensitive,SECURITY_HOTSPOT,Critical,deprecated,Main,python;java;vbnet;php;csharp;javascript,,,Unknown,,rule.adoc,/Users/brywoodruff/Projects/Vibe/rspec/rules/S4784/metadata.json
S4787,Encrypting data is security-sensitive,SECURITY_HOTSPOT,Critical,deprecated,Main,python;java;vbnet;php;csharp;javascript,,SECURITY:HIGH,Unknown,,rule.adoc,/Users/brywoodruff/Projects/Vibe/rspec/rules/S4787/metadata.json
S4790,Using weak hashing algorithms is security-sensitive,SECURITY_HOTSPOT,Critical,ready,Main,docker;go;python;dart;shell;tsql;java;vbnet;abap;kotlin;php;githubactions;swift;csharp;plsql;javascript;cfamily,cwe,SECURITY:HIGH,Unknown,Sonar way,rule.adoc,/Users/brywoodruff/Projects/Vibe/rspec/rules/S4790/metadata.json
S4792,Configuring loggers is security-sensitive,SECURITY_HOTSPOT,Critical,deprecated,Main,python;java;vbnet;php;csharp,,SECURITY:HIGH,Unknown,,rule.adoc,/Users/brywoodruff/Projects/Vibe/rspec/rules/S4792/metadata.json
S4797,Handling files is security-sensitive,SECURITY_HOTSPOT,Critical,deprecated,Main,python;java;vbnet;php;csharp;javascript,,SECURITY:HIGH,Unknown,,rule.adoc,/Users/brywoodruff/Projects/Vibe/rspec/rules/S4797/metadata.json
S4817,Executing XPath expressions is security-sensitive,SECURITY_HOTSPOT,Critical,deprecated,Main,python;java;vbnet;php;csharp;javascript,,,Unknown,,rule.adoc,/Users/brywoodruff/Projects/Vibe/rspec/rules/S4817/metadata.json
S4818,Using Sockets is security-sensitive,SECURITY_HOTSPOT,Critical,deprecated,Main,python;java;vbnet;php;csharp;javascript,,,Unknown,,rule.adoc,/Users/brywoodruff/Projects/Vibe/rspec/rules/S4818/metadata.json
S4823,Using command line arguments is security-sensitive,SECURITY_HOTSPOT,Critical,deprecated,Main,python;java;vbnet;php;csharp;javascript,,,Unknown,,rule.adoc,/Users/brywoodruff/Projects/Vibe/rspec/rules/S4823/metadata.json
S4825,Sending HTTP requests is security-sensitive,SECURITY_HOTSPOT,Critical,deprecated,Main,python;java;vbnet;php;csharp;javascript,,,Unknown,,rule.adoc,/Users/brywoodruff/Projects/Vibe/rspec/rules/S4825/metadata.json
S4829,Reading the Standard Input is security-sensitive,SECURITY_HOTSPOT,Critical,deprecated,Main,python;java;vbnet;php;csharp;javascript,,,Unknown,,rule.adoc,/Users/brywoodruff/Projects/Vibe/rspec/rules/S4829/metadata.json
S4830,Server certificates should be verified during SSL/TLS connections,VULNERABILITY,Critical,ready,Main,docker;go;python;dart;shell;java;vbnet;kotlin;php;ansible;common;githubactions;swift;csharp;javascript;ruby;cfamily,cwe;privacy;ssl,SECURITY:HIGH,Constant/Issue: 5min,Sonar way,rule.adoc,/Users/brywoodruff/Projects/Vibe/rspec/rules/S4830/metadata.json
S4834,Controlling permissions is security-sensitive,SECURITY_HOTSPOT,Minor,deprecated,Main,python;java;vbnet;php;csharp,,,Unknown,,rule.adoc,/Users/brywoodruff/Projects/Vibe/rspec/rules/S4834/metadata.json
S5034,"""ValueTask"" should be consumed correctly",CODE_SMELL,Critical,ready,All,csharp,async-await,MAINTAINABILITY:HIGH,Constant/Issue: 5min,Sonar way,rule.adoc,/Users/brywoodruff/Projects/Vibe/rspec/rules/S5034/metadata.json
S5042,Expanding archive files without controlling resource consumption is security-sensitive,SECURITY_HOTSPOT,Critical,ready,Main,python;java;vbnet;php;csharp;javascript;cfamily,cwe,SECURITY:HIGH,Constant/Issue: 10min,Sonar way,rule.adoc,/Users/brywoodruff/Projects/Vibe/rspec/rules/S5042/metadata.json
S5122,Having a permissive Cross-Origin Resource Sharing policy is security-sensitive,SECURITY_HOTSPOT,Minor,ready,Main,python;java;vbnet;php;xml;csharp;javascript,cwe,SECURITY:LOW,Unknown,Sonar way,rule.adoc,/Users/brywoodruff/Projects/Vibe/rspec/rules/S5122/metadata.json
S5131,Endpoints should not be vulnerable to reflected cross-site scripting (XSS) attacks,VULNERABILITY,Blocker,ready,Main,python;java;vbnet;kotlin;php;common;csharp;javascript,cwe,SECURITY:BLOCKER,Constant/Issue: 30min,Sonar way,rule.adoc,/Users/brywoodruff/Projects/Vibe/rspec/rules/S5131/metadata.json
S5135,Deserialization should not be vulnerable to injection attacks,VULNERABILITY,Blocker,ready,Main,python;java;vbnet;kotlin;php;common;csharp,cwe,SECURITY:BLOCKER,Constant/Issue: 30min,Sonar way,rule.adoc,/Users/brywoodruff/Projects/Vibe/rspec/rules/S5135/metadata.json
S5144,Server-side requests should not be vulnerable to forging attacks,VULNERABILITY,Major,ready,Main,go;python;java;vbnet;kotlin;php;common;csharp;javascript,cwe,SECURITY:MEDIUM,Constant/Issue: 30min,Sonar way,rule.adoc,/Users/brywoodruff/Projects/Vibe/rspec/rules/S5144/metadata.json
S5145,Logging should not be vulnerable to injection attacks,VULNERABILITY,Minor,ready,Main,go;python;java;vbnet;kotlin;php;common;csharp,cwe,SECURITY:LOW,Constant/Issue: 30min,Sonar way,rule.adoc,/Users/brywoodruff/Projects/Vibe/rspec/rules/S5145/metadata.json
S5146,HTTP request redirections should not be open to forging attacks,VULNERABILITY,Blocker,ready,Main,go;python;java;vbnet;kotlin;php;common;csharp;javascript,cwe,SECURITY:BLOCKER,Constant/Issue: 30min,Sonar way,rule.adoc,/Users/brywoodruff/Projects/Vibe/rspec/rules/S5146/metadata.json
S5147,NoSQL operations should not be vulnerable to injection attacks,VULNERABILITY,Blocker,ready,Main,python;java;vbnet;kotlin;common;csharp;javascript,cwe,SECURITY:BLOCKER,Constant/Issue: 30min,Sonar way,rule.adoc,/Users/brywoodruff/Projects/Vibe/rspec/rules/S5147/metadata.json
S5167,HTTP response headers should not be vulnerable to injection attacks,VULNERABILITY,Critical,deprecated,Main,python;java;php;csharp,,,Constant/Issue: 30min,,rule.adoc,/Users/brywoodruff/Projects/Vibe/rspec/rules/S5167/metadata.json
S5332,Using clear-text protocols is security-sensitive,SECURITY_HOTSPOT,Critical,ready,Main,terraform;docker;apex;go;python;dart;shell;azureresourcemanager;java;vbnet;kotlin;php;xml;ansible;common;githubactions;swift;csharp;javascript;kubernetes;cloudformation;cfamily,cwe,SECURITY:HIGH,Unknown,Sonar way,rule.adoc,/Users/brywoodruff/Projects/Vibe/rspec/rules/S5332/metadata.json
S5334,Dynamic code execution should not be vulnerable to injection attacks,VULNERABILITY,Blocker,ready,Main,python;java;vbnet;kotlin;php;common;csharp;javascript,cwe,SECURITY:BLOCKER,Constant/Issue: 30min,Sonar way,rule.adoc,/Users/brywoodruff/Projects/Vibe/rspec/rules/S5334/metadata.json
S5344,Passwords should not be stored in plaintext or with a fast hashing algorithm,VULNERABILITY,Critical,ready,Main,go;python;java;kotlin;xml;common;csharp,cwe;spring,SECURITY:HIGH,Constant/Issue: 30min,Sonar way,highlighting.adoc;message.adoc;rule.adoc,/Users/brywoodruff/Projects/Vibe/rspec/rules/S5344/metadata.json
S5443,Using publicly writable directories is security-sensitive,SECURITY_HOTSPOT,Critical,ready,Main,go;python;java;vbnet;csharp;javascript;cfamily,cwe,SECURITY:HIGH,Unknown,Sonar way,rule.adoc,/Users/brywoodruff/Projects/Vibe/rspec/rules/S5443/metadata.json
S5445,Insecure temporary file creation methods should not be used,VULNERABILITY,Critical,ready,Main,go;python;java;vbnet;common;csharp,cwe,SECURITY:HIGH,Constant/Issue: 10min,Sonar way,rule.adoc,/Users/brywoodruff/Projects/Vibe/rspec/rules/S5445/metadata.json
S5542,Encryption algorithms should be used with secure mode and padding scheme,VULNERABILITY,Critical,ready,Main,go;python;dart;java;vbnet;kotlin;php;common;swift;csharp;javascript;cfamily,cwe;privacy,SECURITY:HIGH,Constant/Issue: 20min,Sonar way,rule.adoc,/Users/brywoodruff/Projects/Vibe/rspec/rules/S5542/metadata.json
S5547,Cipher algorithms should be robust,VULNERABILITY,Critical,ready,Main,go;python;dart;java;vbnet;kotlin;php;common;swift;csharp;plsql;javascript;cfamily,cwe;privacy,SECURITY:HIGH,Constant/Issue: 15min,Sonar way,rule.adoc,/Users/brywoodruff/Projects/Vibe/rspec/rules/S5547/metadata.json
S5659,JWT should be signed and verified with strong cipher algorithms,VULNERABILITY,Critical,ready,Main,go;python;java;vbnet;common;csharp;javascript,cwe;privacy,SECURITY:HIGH,Constant/Issue: 30min,Sonar way,rule.adoc,/Users/brywoodruff/Projects/Vibe/rspec/rules/S5659/metadata.json
S5693,Allowing requests with excessive content length is security-sensitive,SECURITY_HOTSPOT,Major,ready,All,java;vbnet;php;csharp;javascript,cwe,SECURITY:MEDIUM,Constant/Issue: 5min,Sonar way,rule.adoc,/Users/brywoodruff/Projects/Vibe/rspec/rules/S5693/metadata.json
S5753,"Disabling ASP.NET ""Request Validation"" feature is security-sensitive",SECURITY_HOTSPOT,Major,ready,Main,vbnet;csharp,cwe,SECURITY:MEDIUM,Unknown,Sonar way,rule.adoc,/Users/brywoodruff/Projects/Vibe/rspec/rules/S5753/metadata.json
S5766,Creating Serializable objects without data validation checks is security-sensitive,SECURITY_HOTSPOT,Major,ready,All,csharp,cwe,SECURITY:MEDIUM,Unknown,Sonar way,rule.adoc,/Users/brywoodruff/Projects/Vibe/rspec/rules/S5766/metadata.json
S5770,View data dictionaries should be replaced by models,CODE_SMELL,Major,ready,Main,vbnet;csharp,design;bad-practice;pitfall,MAINTAINABILITY:MEDIUM,Constant/Issue: 3h,Sonar way,rule.adoc,/Users/brywoodruff/Projects/Vibe/rspec/rules/S5770/metadata.json
S5773,Types allowed to be deserialized should be restricted,VULNERABILITY,Major,ready,Main,vbnet;common;swift;csharp,cwe;symbolic-execution,SECURITY:MEDIUM,Constant/Issue: 30min,Sonar way,rule.adoc,/Users/brywoodruff/Projects/Vibe/rspec/rules/S5773/metadata.json
S5856,Regular expressions should be syntactically valid,BUG,Critical,ready,All,python;dart;rust;java;vbnet;kotlin;php;csharp;javascript,regex,RELIABILITY:HIGH,Constant/Issue: 15min,Sonar way,rule.adoc,/Users/brywoodruff/Projects/Vibe/rspec/rules/S5856/metadata.json
S5883,OS commands should not be vulnerable to argument injection attacks,VULNERABILITY,Minor,ready,Main,java;vbnet;kotlin;php;common;csharp;javascript,cwe,SECURITY:LOW,Constant/Issue: 30min,Sonar way,rule.adoc,/Users/brywoodruff/Projects/Vibe/rspec/rules/S5883/metadata.json
S5939,"""Array.Empty<TElement>()"" should be used to instantiate empty arrays",CODE_SMELL,Minor,ready,All,vbnet;csharp,bad-practice,MAINTAINABILITY:LOW,Constant/Issue: 5min,Sonar way,rule.adoc,/Users/brywoodruff/Projects/Vibe/rspec/rules/S5939/metadata.json
S6096,Extracting archives should not lead to zip slip vulnerabilities,VULNERABILITY,Blocker,ready,Main,go;java;vbnet;kotlin;common;csharp;javascript,cwe,SECURITY:BLOCKER,Constant/Issue: 30min,Sonar way,rule.adoc,/Users/brywoodruff/Projects/Vibe/rspec/rules/S6096/metadata.json
S6112,"Explicit ""Event"" subscriptions should be explicitly unsubscribed.",CODE_SMELL,Major,ready,Main,vbnet;csharp,suspicious,MAINTAINABILITY:MEDIUM,Constant/Issue: 5min,Sonar way,rule.adoc,/Users/brywoodruff/Projects/Vibe/rspec/rules/S6112/metadata.json
S6173,Reflection should not be vulnerable to injection attacks,VULNERABILITY,Major,ready,Main,java;vbnet;kotlin;php;common;csharp,cwe,SECURITY:MEDIUM,Constant/Issue: 30min,Sonar way,rule.adoc,/Users/brywoodruff/Projects/Vibe/rspec/rules/S6173/metadata.json
S6287,Applications should not create session cookies from untrusted input,VULNERABILITY,Major,ready,Main,python;java;vbnet;kotlin;php;common;csharp;javascript,cwe,SECURITY:MEDIUM,Constant/Issue: 30min,Sonar way,rule.adoc,/Users/brywoodruff/Projects/Vibe/rspec/rules/S6287/metadata.json
S6350,Constructing arguments of system commands from user input is security-sensitive,SECURITY_HOTSPOT,Major,ready,Main,go;python;java;vbnet;kotlin;php;csharp;javascript,cwe,SECURITY:MEDIUM,Constant/Issue: 30min,Sonar way,rule.adoc,/Users/brywoodruff/Projects/Vibe/rspec/rules/S6350/metadata.json
S6354,Use a testable date/time provider,CODE_SMELL,Major,ready,Main,vbnet;csharp,,MAINTAINABILITY:MEDIUM,Constant/Issue: 20min,,rule.adoc,/Users/brywoodruff/Projects/Vibe/rspec/rules/S6354/metadata.json
S6377,XML signatures should be validated securely,VULNERABILITY,Major,ready,Main,python;java;common;csharp,,SECURITY:MEDIUM,Constant/Issue: 15min,Sonar way,rule.adoc,/Users/brywoodruff/Projects/Vibe/rspec/rules/S6377/metadata.json
S6399,XML operations should not be vulnerable to injection attacks,VULNERABILITY,Major,ready,All,java;vbnet;kotlin;common;csharp,cwe,SECURITY:MEDIUM,Constant/Issue: 20min,Sonar way,rule.adoc,/Users/brywoodruff/Projects/Vibe/rspec/rules/S6399/metadata.json
S6418,Hard-coded secrets are security-sensitive,SECURITY_HOTSPOT,Blocker,ready,Main,go;python;secrets;java;vbnet;kotlin;php;json;swift;yaml;csharp;javascript;kubernetes;cfamily,cwe,SECURITY:BLOCKER,Constant/Issue: 30min,Sonar way,rule.adoc,/Users/brywoodruff/Projects/Vibe/rspec/rules/S6418/metadata.json
S6419,,,,,,csharp,,,Unknown,,rule.adoc,/Users/brywoodruff/Projects/Vibe/rspec/rules/S6419/metadata.json
S6420,,,,,,csharp,,,Unknown,,rule.adoc,/Users/brywoodruff/Projects/Vibe/rspec/rules/S6420/metadata.json
S6421,,,,,,csharp,,,Unknown,,rule.adoc,/Users/brywoodruff/Projects/Vibe/rspec/rules/S6421/metadata.json
S6422,,,,,,csharp,,,Unknown,,rule.adoc,/Users/brywoodruff/Projects/Vibe/rspec/rules/S6422/metadata.json
S6423,,,,,,csharp,,,Unknown,,rule.adoc,/Users/brywoodruff/Projects/Vibe/rspec/rules/S6423/metadata.json
S6424,,,,,,csharp,,,Unknown,,rule.adoc,/Users/brywoodruff/Projects/Vibe/rspec/rules/S6424/metadata.json
S6432,Counter Mode initialization vectors should not be reused,VULNERABILITY,Critical,ready,Main,python;java;kotlin;common;csharp,cwe,SECURITY:HIGH,Constant/Issue: 15min,Sonar way,highlighting.adoc;message.adoc;rule.adoc,/Users/brywoodruff/Projects/Vibe/rspec/rules/S6432/metadata.json
S6444,Not specifying a timeout for regular expressions is security-sensitive,SECURITY_HOTSPOT,Major,ready,Main,vbnet;csharp,cwe;regex,SECURITY:MEDIUM,Constant/Issue: 5min,Sonar way,rule.adoc,/Users/brywoodruff/Projects/Vibe/rspec/rules/S6444/metadata.json
S6507,Blocks should not be synchronized on local variables,BUG,Major,ready,All,csharp,cwe;multi-threading,RELIABILITY:MEDIUM,Constant/Issue: 15min,,rule.adoc,/Users/brywoodruff/Projects/Vibe/rspec/rules/S6507/metadata.json
S6513,"""ExcludeFromCodeCoverage"" attributes should include a justification",CODE_SMELL,Minor,ready,Main,vbnet;csharp,bad-practice,MAINTAINABILITY:LOW,Constant/Issue: 5min,,rule.adoc,/Users/brywoodruff/Projects/Vibe/rspec/rules/S6513/metadata.json
S6547,Environment variables should not be defined from untrusted input,VULNERABILITY,Major,ready,Main,java;vbnet;kotlin;common;csharp,cwe;sans-top25-insecure,SECURITY:MEDIUM,Constant/Issue: 30min,Sonar way,rule.adoc,/Users/brywoodruff/Projects/Vibe/rspec/rules/S6547/metadata.json
S6549,Accessing files should not lead to filesystem oracle attacks,VULNERABILITY,Major,ready,All,java;vbnet;kotlin;common;csharp,cwe,SECURITY:MEDIUM,Constant/Issue: 30min,Sonar way,rule.adoc,/Users/brywoodruff/Projects/Vibe/rspec/rules/S6549/metadata.json
S6561,"Avoid using ""DateTime.Now"" for benchmarking or timing operations",CODE_SMELL,Major,ready,All,vbnet;csharp,,MAINTAINABILITY:MEDIUM,Constant/Issue: 10min,Sonar way,non-compliant-example-benchmark.adoc;non-compliant-example-timing.adoc;rule.adoc,/Users/brywoodruff/Projects/Vibe/rspec/rules/S6561/metadata.json
S6562,"Always set the ""DateTimeKind"" when creating new ""DateTime"" instances",CODE_SMELL,Major,ready,All,vbnet;csharp,localisation;pitfall,MAINTAINABILITY:MEDIUM,Constant/Issue: 5min,Sonar way,rule.adoc,/Users/brywoodruff/Projects/Vibe/rspec/rules/S6562/metadata.json
S6563,Use UTC when recording DateTime instants,CODE_SMELL,Major,ready,All,vbnet;csharp,pitfall,MAINTAINABILITY:MEDIUM,Constant/Issue: 5min,,rule.adoc,/Users/brywoodruff/Projects/Vibe/rspec/rules/S6563/metadata.json
S6566,"Use ""DateTimeOffset"" instead of ""DateTime""",CODE_SMELL,Major,ready,All,vbnet;csharp,,MAINTAINABILITY:MEDIUM,Constant/Issue: 10min,,rule.adoc,/Users/brywoodruff/Projects/Vibe/rspec/rules/S6566/metadata.json
S6575,"Use ""TimeZoneInfo.FindSystemTimeZoneById"" without converting the timezones with ""TimezoneConverter""",CODE_SMELL,Major,ready,All,vbnet;csharp,,MAINTAINABILITY:MEDIUM,Constant/Issue: 5min,Sonar way,rule.adoc,/Users/brywoodruff/Projects/Vibe/rspec/rules/S6575/metadata.json
S6580,Use a format provider when parsing date and time,CODE_SMELL,Major,ready,All,vbnet;csharp,pitfall;bug,MAINTAINABILITY:MEDIUM,Constant/Issue: 10min,Sonar way,rule.adoc,/Users/brywoodruff/Projects/Vibe/rspec/rules/S6580/metadata.json
S6585,Don't hardcode the format when turning dates and times to strings,CODE_SMELL,Minor,ready,All,vbnet;csharp,,MAINTAINABILITY:LOW,Constant/Issue: 5min,,rule.adoc,/Users/brywoodruff/Projects/Vibe/rspec/rules/S6585/metadata.json
S6588,"Use the ""UnixEpoch"" field instead of creating ""DateTime"" instances that point to the beginning of the Unix epoch",CODE_SMELL,Minor,ready,All,vbnet;csharp,,MAINTAINABILITY:LOW,Constant/Issue: 5min,Sonar way,rule.adoc,/Users/brywoodruff/Projects/Vibe/rspec/rules/S6588/metadata.json
S6602,"""Find"" method should be used instead of the ""FirstOrDefault"" extension",CODE_SMELL,Minor,ready,All,vbnet;csharp,performance,MAINTAINABILITY:LOW,Constant/Issue: 5min,,code.adoc;rule.adoc,/Users/brywoodruff/Projects/Vibe/rspec/rules/S6602/metadata.json
S6603,"The collection-specific ""TrueForAll"" method should be used instead of the ""All"" extension",CODE_SMELL,Minor,ready,All,vbnet;csharp,performance,MAINTAINABILITY:LOW,Constant/Issue: 5min,,code.adoc;rule.adoc,/Users/brywoodruff/Projects/Vibe/rspec/rules/S6603/metadata.json
S6605,"Collection-specific ""Exists"" method should be used instead of the ""Any"" extension",CODE_SMELL,Minor,ready,All,vbnet;csharp,performance,MAINTAINABILITY:LOW,Constant/Issue: 5min,,rule.adoc,/Users/brywoodruff/Projects/Vibe/rspec/rules/S6605/metadata.json
S6607,"The collection should be filtered before sorting by using ""Where"" before ""OrderBy""",CODE_SMELL,Minor,ready,All,vbnet;csharp,performance,MAINTAINABILITY:LOW,Constant/Issue: 5min,Sonar way,code.adoc;rule.adoc,/Users/brywoodruff/Projects/Vibe/rspec/rules/S6607/metadata.json
S6608,"Prefer indexing instead of ""Enumerable"" methods on types implementing ""IList""",CODE_SMELL,Minor,ready,All,vbnet;csharp,performance,MAINTAINABILITY:LOW,Constant/Issue: 5min,Sonar way,code.adoc;rule.adoc,/Users/brywoodruff/Projects/Vibe/rspec/rules/S6608/metadata.json
S6609,"""Min/Max"" properties of ""Set"" types should be used instead of the ""Enumerable"" extension methods",CODE_SMELL,Minor,ready,All,vbnet;csharp,performance,MAINTAINABILITY:LOW,Constant/Issue: 5min,Sonar way,code.adoc;rule.adoc,/Users/brywoodruff/Projects/Vibe/rspec/rules/S6609/metadata.json
S6610,"""StartsWith"" and ""EndsWith"" overloads that take a ""char"" should be used instead of the ones that take a ""string""",CODE_SMELL,Minor,ready,All,vbnet;csharp,performance,MAINTAINABILITY:LOW,Constant/Issue: 5min,Sonar way,code.adoc;rule.adoc,/Users/brywoodruff/Projects/Vibe/rspec/rules/S6610/metadata.json
S6612,"The lambda parameter should be used instead of capturing arguments in ""ConcurrentDictionary"" methods",CODE_SMELL,Minor,ready,All,vbnet;csharp,performance,MAINTAINABILITY:LOW,Constant/Issue: 5min,Sonar way,code.adoc;rule.adoc,/Users/brywoodruff/Projects/Vibe/rspec/rules/S6612/metadata.json
S6613,"""First"" and ""Last"" properties of ""LinkedList"" should be used instead of the ""First()"" and ""Last()"" extension methods",CODE_SMELL,Minor,ready,All,vbnet;csharp,performance,MAINTAINABILITY:LOW,Constant/Issue: 5min,Sonar way,rule.adoc,/Users/brywoodruff/Projects/Vibe/rspec/rules/S6613/metadata.json
S6617,"""Contains"" should be used instead of ""Any"" for simple equality checks",CODE_SMELL,Minor,ready,All,vbnet;csharp,performance,MAINTAINABILITY:LOW,Constant/Issue: 5min,Sonar way,code.adoc;rule.adoc,/Users/brywoodruff/Projects/Vibe/rspec/rules/S6617/metadata.json
S6618,"""string.Create"" should be used instead of ""FormattableString""",CODE_SMELL,Minor,ready,All,csharp,performance,MAINTAINABILITY:LOW,Constant/Issue: 5min,Sonar way,rule.adoc,/Users/brywoodruff/Projects/Vibe/rspec/rules/S6618/metadata.json
S6639,Memory allocations should not be vulnerable to Denial of Service attacks,VULNERABILITY,Major,ready,All,python;vbnet;common;csharp,cwe,SECURITY:MEDIUM,Constant/Issue: 5min,Sonar way,rule.adoc,/Users/brywoodruff/Projects/Vibe/rspec/rules/S6639/metadata.json
S6640,,,,,,csharp,,,Unknown,,rule.adoc,/Users/brywoodruff/Projects/Vibe/rspec/rules/S6640/metadata.json
S6641,,,,,,vbnet;common;csharp,,,Unknown,,rule.adoc,/Users/brywoodruff/Projects/Vibe/rspec/rules/S6641/metadata.json
S6664,The code block contains too many logging calls,CODE_SMELL,Minor,ready,Main,csharp,logging,MAINTAINABILITY:LOW,Constant/Issue: 5min,Sonar way,compliant.adoc;example.adoc;noncompliant.adoc;rule.adoc,/Users/brywoodruff/Projects/Vibe/rspec/rules/S6664/metadata.json
S6667,Logging in a catch clause should pass the caught exception as a parameter.,CODE_SMELL,Minor,ready,Main,csharp,error-handling;logging,MAINTAINABILITY:LOW,Constant/Issue: 5min,Sonar way,rule.adoc,/Users/brywoodruff/Projects/Vibe/rspec/rules/S6667/metadata.json
S6668,Logging arguments should be passed to the correct parameter,CODE_SMELL,Minor,ready,Main,csharp,logging,RELIABILITY:LOW,Constant/Issue: 5min,Sonar way,rule.adoc,/Users/brywoodruff/Projects/Vibe/rspec/rules/S6668/metadata.json
S6669,Logger field or property name should comply with a naming convention,CODE_SMELL,Minor,ready,Main,csharp,logging,MAINTAINABILITY:LOW,Constant/Issue: 2min,Sonar way,rule.adoc,/Users/brywoodruff/Projects/Vibe/rspec/rules/S6669/metadata.json
S6670,"""Trace.Write"" and ""Trace.WriteLine"" should not be used",CODE_SMELL,Minor,ready,Main,csharp,logging,RELIABILITY:LOW,Constant/Issue: 5min,Sonar way,rule.adoc,/Users/brywoodruff/Projects/Vibe/rspec/rules/S6670/metadata.json
S6672,Generic logger injection should match enclosing type,CODE_SMELL,Minor,ready,Main,csharp,confusing;logging,MAINTAINABILITY:LOW,Constant/Issue: 5min,Sonar way,how-code-example.adoc;rule.adoc,/Users/brywoodruff/Projects/Vibe/rspec/rules/S6672/metadata.json
S6673,Log message template placeholders should be in the right order,CODE_SMELL,Major,ready,Main,csharp,logging,MAINTAINABILITY:MEDIUM,Constant/Issue: 5min,Sonar way,example_1_compliant.adoc;example_1_noncompliant.adoc;example_2_compliant.adoc;example_2_noncompliant.adoc;example_3_compliant.adoc;example_3_noncompliant.adoc;example_4_compliant.adoc;example_4_noncompliant.adoc;rule.adoc,/Users/brywoodruff/Projects/Vibe/rspec/rules/S6673/metadata.json
S6674,Log message template should be syntactically correct,BUG,Critical,ready,Main,csharp,logging,RELIABILITY:HIGH,Constant/Issue: 5min,Sonar way,rule.adoc,/Users/brywoodruff/Projects/Vibe/rspec/rules/S6674/metadata.json
S6675,"""Trace.WriteLineIf"" should not be used with ""TraceSwitch"" levels",CODE_SMELL,Minor,ready,Main,csharp,confusing;clumsy;logging,MAINTAINABILITY:LOW,Constant/Issue: 5min,Sonar way,rule.adoc,/Users/brywoodruff/Projects/Vibe/rspec/rules/S6675/metadata.json
S6677,Message template placeholders should be unique,BUG,Major,ready,Main,csharp,logging,RELIABILITY:MEDIUM,Constant/Issue: 5min,Sonar way,rule.adoc,/Users/brywoodruff/Projects/Vibe/rspec/rules/S6677/metadata.json
S6678,Use PascalCase for named placeholders,CODE_SMELL,Minor,ready,Main,csharp,logging,MAINTAINABILITY:LOW,Constant/Issue: 1min,Sonar way,rule.adoc,/Users/brywoodruff/Projects/Vibe/rspec/rules/S6678/metadata.json
S6680,Loop boundaries should not be vulnerable to injection attacks,VULNERABILITY,Critical,ready,Main,python;vbnet;common;csharp,cwe,SECURITY:HIGH,Constant/Issue: 5min,Sonar way,rule.adoc,/Users/brywoodruff/Projects/Vibe/rspec/rules/S6680/metadata.json
S6776,Stack traces should not be disclosed,VULNERABILITY,Minor,ready,All,python;vbnet;csharp,,SECURITY:LOW,Constant/Issue: 30min,Sonar way,rule.adoc,/Users/brywoodruff/Projects/Vibe/rspec/rules/S6776/metadata.json
S6781,JWT secret keys should not be disclosed,VULNERABILITY,Blocker,ready,All,python;csharp,cwe;cert,SECURITY:BLOCKER,Constant/Issue: 30min,Sonar way,rule.adoc,/Users/brywoodruff/Projects/Vibe/rspec/rules/S6781/metadata.json
S6797,,,,,,csharp,,,Unknown,,rule.adoc,/Users/brywoodruff/Projects/Vibe/rspec/rules/S6797/metadata.json
S6798,,,,,,csharp,,,Unknown,,rule.adoc,/Users/brywoodruff/Projects/Vibe/rspec/rules/S6798/metadata.json
S6800,,,,,,csharp,,,Unknown,,rule.adoc,/Users/brywoodruff/Projects/Vibe/rspec/rules/S6800/metadata.json
S6802,,,,,,csharp,,,Unknown,,rule.adoc,/Users/brywoodruff/Projects/Vibe/rspec/rules/S6802/metadata.json
S6803,,,,,,csharp,,,Unknown,,rule.adoc,/Users/brywoodruff/Projects/Vibe/rspec/rules/S6803/metadata.json
S6930,Backslash should be avoided in route templates,BUG,Major,ready,Main,vbnet;csharp,asp.net,RELIABILITY:MEDIUM,Constant/Issue: 5min,Sonar way,compliant-code-attribute.adoc;compliant-code-mapcontrollerroute.adoc;noncompliant-code-attribute.adoc;noncompliant-code-mapcontrollerroute.adoc;rule.adoc,/Users/brywoodruff/Projects/Vibe/rspec/rules/S6930/metadata.json
S6931,"ASP.NET controller actions should not have a route template starting with ""/""",CODE_SMELL,Major,ready,Main,vbnet;csharp,asp.net,MAINTAINABILITY:MEDIUM,Constant/Issue: 5min,Sonar way,compliant-code.adoc;noncompliant-code.adoc;rule.adoc;why-example.adoc,/Users/brywoodruff/Projects/Vibe/rspec/rules/S6931/metadata.json
S6932,,,,,,csharp,,,Unknown,,rule.adoc,/Users/brywoodruff/Projects/Vibe/rspec/rules/S6932/metadata.json
S6934,A Route attribute should be added to the controller when a route template is specified at the action level,CODE_SMELL,Major,ready,Main,csharp,asp.net,MAINTAINABILITY:MEDIUM,Constant/Issue: 5min,Sonar way,rule.adoc,/Users/brywoodruff/Projects/Vibe/rspec/rules/S6934/metadata.json
S6960,Controllers should not have mixed responsibilities,CODE_SMELL,Major,ready,Main,csharp,asp.net,MAINTAINABILITY:MEDIUM,Linear,Sonar way,rule.adoc,/Users/brywoodruff/Projects/Vibe/rspec/rules/S6960/metadata.json
S6961,,,,,,csharp,,,Unknown,,rule.adoc,/Users/brywoodruff/Projects/Vibe/rspec/rules/S6961/metadata.json
S6962,,,,,,csharp,,,Unknown,,rule.adoc,/Users/brywoodruff/Projects/Vibe/rspec/rules/S6962/metadata.json
S6964,"Value type property used as input in a controller action should be nullable, required or annotated with the JsonRequiredAttribute to avoid under-posting.",CODE_SMELL,Major,ready,Main,csharp,asp.net,RELIABILITY:MEDIUM,Constant/Issue: 5min,Sonar way,rule.adoc,/Users/brywoodruff/Projects/Vibe/rspec/rules/S6964/metadata.json
S6965,,,,,,csharp,,,Unknown,,rule.adoc,/Users/brywoodruff/Projects/Vibe/rspec/rules/S6965/metadata.json
S6966,Awaitable method should be used,CODE_SMELL,Major,ready,All,csharp,async-await,RELIABILITY:MEDIUM,Constant/Issue: 5min,Sonar way,rule.adoc,/Users/brywoodruff/Projects/Vibe/rspec/rules/S6966/metadata.json
S6967,ModelState.IsValid should be called in controller actions,CODE_SMELL,Critical,ready,All,csharp,asp.net,MAINTAINABILITY:MEDIUM;RELIABILITY:HIGH;SECURITY:HIGH,Constant/Issue: 5min,Sonar way,rule.adoc,/Users/brywoodruff/Projects/Vibe/rspec/rules/S6967/metadata.json
S6968,,,,,,csharp,,,Unknown,,rule.adoc,/Users/brywoodruff/Projects/Vibe/rspec/rules/S6968/metadata.json
S7039,Content Security Policies should be restrictive,VULNERABILITY,Major,ready,All,html;common;csharp,,SECURITY:MEDIUM,Constant/Issue: 5min,Sonar way,rule.adoc,/Users/brywoodruff/Projects/Vibe/rspec/rules/S7039/metadata.json
S7044,Server-side requests should not be vulnerable to traversing attacks,VULNERABILITY,Major,ready,Main,python;java;vbnet;kotlin;php;common;csharp;javascript,cwe,SECURITY:MEDIUM,Constant/Issue: 30min,Sonar way,rule.adoc,/Users/brywoodruff/Projects/Vibe/rspec/rules/S7044/metadata.json
S7130,First/Single should be used instead of FirstOrDefault/SingleOrDefault on collections that are known to be non-empty,CODE_SMELL,Major,ready,All,vbnet;csharp,symbolic-execution,MAINTAINABILITY:MEDIUM,Constant/Issue: 1min,Sonar way,rule.adoc,/Users/brywoodruff/Projects/Vibe/rspec/rules/S7130/metadata.json
S7131,A write lock should not be released when a read lock has been acquired and vice versa,BUG,Critical,ready,All,vbnet;csharp,symbolic-execution,RELIABILITY:HIGH,Constant/Issue: 30min,Sonar way,rule.adoc,/Users/brywoodruff/Projects/Vibe/rspec/rules/S7131/metadata.json
S7133,Locks should be released within the same method,BUG,Critical,ready,All,vbnet;csharp,symbolic-execution,RELIABILITY:HIGH,Constant/Issue: 5min,Sonar way,rule.adoc,/Users/brywoodruff/Projects/Vibe/rspec/rules/S7133/metadata.json
S7714,,,,,,csharp,,,Unknown,,rule.adoc,/Users/brywoodruff/Projects/Vibe/rspec/rules/S7714/metadata.json
S7788,,,,,,python;java;csharp;javascript,,,Unknown,,rule.adoc,/Users/brywoodruff/Projects/Vibe/rspec/rules/S7788/metadata.json
S7789,,,,,,python;java;csharp;javascript,,,Unknown,,rule.adoc,/Users/brywoodruff/Projects/Vibe/rspec/rules/S7789/metadata.json
S800,Identifiers should be typographically unambiguous,CODE_SMELL,Critical,closed,Main,python;rpg;vb6;java;vbnet;abap;php;pli;csharp;plsql;javascript;cobol;flex;cfamily,pitfall,MAINTAINABILITY:HIGH,Constant/Issue: 5min,,rule.adoc,/Users/brywoodruff/Projects/Vibe/rspec/rules/S800/metadata.json
S8134,FIXME,CODE_SMELL,Major,ready,All,python;java;csharp;javascript,,MAINTAINABILITY:HIGH;RELIABILITY:MEDIUM;SECURITY:LOW,Constant/Issue: 5min,Sonar way,rule.adoc,/Users/brywoodruff/Projects/Vibe/rspec/rules/S8134/metadata.json
S818,Literal suffixes should be upper case,CODE_SMELL,Minor,ready,All,java;csharp;cfamily,convention;pitfall,MAINTAINABILITY:LOW,Constant/Issue: 2min,Sonar way,rule.adoc,/Users/brywoodruff/Projects/Vibe/rspec/rules/S818/metadata.json
S8347,,,,,,csharp,,,Unknown,,rule.adoc,/Users/brywoodruff/Projects/Vibe/rspec/rules/S8347/metadata.json
S881,Increment (++) and decrement (--) operators should not be used in a method call or mixed with other operators in an expression,CODE_SMELL,Major,ready,All,java;php;swift;csharp;javascript;cfamily,,MAINTAINABILITY:MEDIUM,Constant/Issue: 5min,,rule.adoc,/Users/brywoodruff/Projects/Vibe/rspec/rules/S881/metadata.json
S903,Parameters of non-virtual functions should be used (MISRA C++ 0-1-11),CODE_SMELL,Major,closed,Main,java;csharp;javascript;cfamily,,,Linear,,rule.adoc,/Users/brywoodruff/Projects/Vibe/rspec/rules/S903/metadata.json
S907,"""goto"" statement should not be used",CODE_SMELL,Major,ready,All,rpg;tsql;vb6;vbnet;php;pli;csharp;plsql;cfamily,brain-overload,MAINTAINABILITY:MEDIUM,Constant/Issue: 10min,Sonar way,rule.adoc,/Users/brywoodruff/Projects/Vibe/rspec/rules/S907/metadata.json
S927,All declarations of an object or function should use the same names and type qualifiers,CODE_SMELL,Critical,ready,All,dart;vbnet;csharp,suspicious,MAINTAINABILITY:HIGH,Constant/Issue: 10min,Sonar way,compliant-code.adoc;noncompliant-code.adoc;rule.adoc,/Users/brywoodruff/Projects/Vibe/rspec/rules/S927/metadata.json
